HJD,UT Date,Camera,FWHM,Limit,mag,mag_err,flux(mJy),flux_err,Filter
2456201.1224719,2012-09-30.6201059,ba,1.99,15.042,10.566,0.011,227.794,2.197,V
2456201.1241567,2012-09-30.6217905,ba,2.03,14.966,10.558,0.011,229.590,2.354,V
2456202.1116328,2012-10-01.6091822,ba,2.00,14.776,10.553,0.010,230.490,2.221,V
2456202.1132444,2012-10-01.6107937,ba,2.04,14.716,10.553,0.011,230.438,2.400,V
2456214.0854925,2012-10-13.5820636,ba,2.07,15.372,10.453,0.005,252.671,1.147,V
2456214.0875310,2012-10-13.5841020,ba,2.07,15.372,10.454,0.005,252.534,1.148,V
2456217.0314325,2012-10-16.5277787,ba,2.13,15.360,10.437,0.005,256.411,1.137,V
2456217.0334749,2012-10-16.5298210,ba,2.12,15.362,10.438,0.005,256.185,1.138,V
2456227.0349443,2012-10-26.5305865,ba,2.23,15.275,10.376,0.004,271.474,0.975,V
2456227.0368267,2012-10-26.5324688,ba,2.23,15.276,10.377,0.004,271.171,1.022,V
2456227.0673292,2012-10-26.5629693,ba,2.24,15.287,10.378,0.004,270.815,0.965,V
2456227.0692714,2012-10-26.5649115,ba,2.25,15.284,10.374,0.004,271.888,0.982,V
2456228.0646861,2012-10-27.5602617,ba,2.26,15.266,10.376,0.004,271.313,0.990,V
2456228.0665362,2012-10-27.5621117,ba,2.26,15.269,10.378,0.004,270.895,1.025,V
2456229.0619950,2012-10-28.5575071,ba,2.31,15.237,10.380,0.004,270.337,1.063,V
2456229.0637996,2012-10-28.5593117,ba,2.31,15.255,10.386,0.005,268.931,1.207,V
2456230.0593037,2012-10-29.5547535,ba,2.22,15.253,10.396,0.004,266.529,1.046,V
2456230.0610434,2012-10-29.5564931,ba,2.20,15.250,10.402,0.004,264.862,1.003,V
2456231.0566410,2012-10-30.5520296,ba,2.31,15.212,10.381,0.005,270.126,1.091,V
2456231.0583776,2012-10-30.5537662,ba,2.30,15.211,10.382,0.004,269.885,1.006,V
2456233.0512712,2012-11-01.5465409,ba,2.20,15.238,10.360,0.004,275.168,0.976,V
2456233.0530488,2012-11-01.5483185,ba,2.23,15.236,10.358,0.004,275.726,0.993,V
2456234.0487265,2012-11-02.5439385,ba,2.16,15.268,10.378,0.003,270.752,0.923,V
2456234.0505162,2012-11-02.5457282,ba,2.16,15.268,10.365,0.004,274.246,0.952,V
2456235.0459544,2012-11-03.5411099,ba,2.16,15.261,10.372,0.004,272.440,0.964,V
2456235.0477536,2012-11-03.5429091,ba,2.16,15.306,10.398,0.004,265.928,1.001,V
2456236.0433063,2012-11-04.5384066,ba,2.14,15.297,10.375,0.003,271.562,0.921,V
2456236.0451710,2012-11-04.5402712,ba,2.13,15.288,10.362,0.004,274.841,0.940,V
2456237.0406514,2012-11-05.5356977,ba,2.30,15.290,10.376,0.004,271.275,0.945,V
2456237.0425769,2012-11-05.5376231,ba,2.30,15.285,10.377,0.004,270.990,0.937,V
2456238.0379663,2012-11-06.5329599,ba,2.14,15.312,10.382,0.004,269.860,0.929,V
2456238.0399260,2012-11-06.5349194,ba,2.13,15.316,10.378,0.003,270.730,0.912,V
2456239.0352455,2012-11-07.5301875,ba,2.02,15.327,10.372,0.004,272.478,0.921,V
2456239.0372141,2012-11-07.5321560,ba,2.02,15.319,10.364,0.004,274.274,0.944,V
2456240.0325989,2012-11-08.5274907,ba,1.81,15.323,10.359,0.004,275.608,0.946,V
2456240.0346174,2012-11-08.5295091,ba,2.00,15.322,10.355,0.004,276.565,0.954,V
2456241.0322687,2012-11-09.5271115,ba,2.08,15.315,10.364,0.004,274.420,0.966,V
2456241.0343394,2012-11-09.5291821,ba,2.06,15.321,10.360,0.004,275.373,1.005,V
2456243.0245796,2012-11-11.5193288,ba,2.09,15.328,10.377,0.004,270.931,0.937,V
2456243.0266500,2012-11-11.5213991,ba,2.09,15.332,10.367,0.004,273.511,0.957,V
2456244.0218833,2012-11-12.5165877,ba,1.81,15.331,10.352,0.004,277.538,0.993,V
2456244.0239439,2012-11-12.5186482,ba,1.82,15.334,10.350,0.003,277.776,0.910,V
2456246.0164977,2012-11-14.5111166,ba,2.18,15.304,10.361,0.004,275.171,0.947,V
2456246.0185656,2012-11-14.5131844,ba,2.18,15.303,10.355,0.003,276.699,0.884,V
2456248.0111145,2012-11-16.5056535,ba,2.18,14.726,10.375,0.006,271.434,1.382,V
2456248.0128791,2012-11-16.5074181,ba,2.17,15.134,10.353,0.004,277.175,1.048,V
2456250.0057916,2012-11-18.5002565,ba,2.32,99.990,99.990,99.990,99.990,99.990,V
2456250.0073510,2012-11-18.5018159,ba,2.23,99.990,99.990,99.990,99.990,99.990,V
2456252.0003989,2012-11-20.4947955,ba,2.14,14.745,10.355,0.005,276.651,1.333,V
2456252.0021878,2012-11-20.4965844,ba,2.15,14.768,10.370,0.005,272.873,1.263,V
2456252.9976598,2012-11-21.4920246,ba,2.23,14.309,10.359,0.008,275.710,1.927,V
2456252.9993722,2012-11-21.4937369,ba,2.24,14.233,10.381,0.009,270.047,2.281,V
2456256.9868747,2012-11-25.4811267,ba,2.17,14.398,10.406,0.008,264.000,1.873,V
2456256.9884643,2012-11-25.4827163,ba,2.14,14.636,10.389,0.006,267.972,1.500,V
2456258.9815062,2012-11-27.4757110,ba,2.12,15.229,10.383,0.005,269.508,1.162,V
2456258.9832567,2012-11-27.4774615,ba,2.12,15.238,10.387,0.005,268.773,1.195,V
2456259.9787533,2012-11-28.4729368,ba,2.31,15.160,10.390,0.006,267.989,1.465,V
2456259.9804532,2012-11-28.4746367,ba,2.32,15.155,10.387,0.006,268.583,1.408,V
2456268.9542298,2012-12-07.4482914,ba,2.41,15.123,10.375,0.007,271.498,1.614,V
2456268.9562620,2012-12-07.4503236,ba,2.40,15.120,10.368,0.007,273.108,1.621,V
2456268.9700270,2012-12-07.4640886,ba,2.41,15.123,10.373,0.007,272.107,1.677,V
2456268.9720140,2012-12-07.4660756,ba,2.41,15.125,10.370,0.007,272.743,1.677,V
2456269.9515100,2012-12-08.4455660,ba,2.40,99.990,99.990,99.990,99.990,99.990,V
2456269.9530657,2012-12-08.4471218,ba,2.39,99.990,99.990,99.990,99.990,99.990,V
2456271.9460809,2012-12-10.4401304,ba,2.04,15.150,10.365,0.007,274.270,1.800,V
2456271.9481149,2012-12-10.4421645,ba,2.05,15.147,10.354,0.007,276.794,1.776,V
2456272.9434803,2012-12-11.4375290,ba,2.26,15.141,10.388,0.006,268.446,1.347,V
2456272.9454976,2012-12-11.4395463,ba,2.24,15.138,10.379,0.005,270.535,1.327,V
2456276.9465587,2012-12-15.4406203,ba,2.29,15.136,10.387,0.006,268.702,1.396,V
2456276.9485837,2012-12-15.4426453,ba,2.29,15.132,10.380,0.006,270.270,1.336,V
2456285.9076840,2012-12-24.4018676,ba,2.23,15.085,10.381,0.005,269.974,1.111,V
2456285.9094585,2012-12-24.4036422,ba,2.25,15.083,10.383,0.004,269.658,1.061,V
2456300.8662536,2013-01-08.3609177,ba,1.72,15.133,10.365,0.004,274.263,1.004,V
2456300.8682875,2013-01-08.3629517,ba,1.74,15.127,10.351,0.004,277.561,1.056,V
2456302.8607095,2013-01-10.3554626,ba,1.76,15.128,10.355,0.004,276.570,1.057,V
2456302.8627211,2013-01-10.3574743,ba,1.75,15.136,10.370,0.004,272.770,1.009,V
2456308.8440454,2013-01-16.3390985,ba,2.03,15.134,10.378,0.004,270.910,0.951,V
2456308.8460470,2013-01-16.3411003,ba,2.03,15.129,10.368,0.004,273.172,1.002,V
2456308.8557969,2013-01-16.3508507,ba,2.05,15.137,10.386,0.004,268.856,0.956,V
2456308.8578071,2013-01-16.3528610,ba,2.05,15.142,10.387,0.004,268.559,0.939,V
2456310.8384441,2013-01-18.3336078,ba,2.02,15.146,10.401,0.004,264.966,0.929,V
2456310.8403912,2013-01-18.3355550,ba,2.01,15.140,10.397,0.004,266.104,0.976,V
2456315.8244965,2013-01-23.3199581,ba,2.26,15.062,10.359,0.005,275.644,1.163,V
2456315.8262425,2013-01-23.3217042,ba,2.26,15.050,10.349,0.005,278.064,1.196,V
2456316.8217479,2013-01-24.3172727,ba,2.13,15.064,10.378,0.005,270.684,1.123,V
2456316.8234693,2013-01-24.3189943,ba,2.12,15.046,10.381,0.004,270.015,1.039,V
2456317.8189321,2013-01-25.3145212,ba,2.04,15.056,10.379,0.004,270.588,0.997,V
2456317.8206353,2013-01-25.3162245,ba,2.03,15.068,10.374,0.004,271.824,1.082,V
2456318.8161511,2013-01-26.3118056,ba,2.06,15.034,10.394,0.004,266.946,1.039,V
2456318.8178393,2013-01-26.3134939,ba,2.07,15.033,10.387,0.004,268.495,1.108,V
2456319.8134389,2013-01-27.3091599,ba,2.10,15.030,10.377,0.004,271.063,1.096,V
2456319.8151441,2013-01-27.3108652,ba,2.08,15.047,10.373,0.004,271.984,1.077,V
2456325.7965011,2013-02-02.2926430,ba,2.40,15.085,10.352,0.005,277.384,1.188,V
2456325.7985151,2013-02-02.2946572,ba,2.39,15.083,10.344,0.005,279.357,1.127,V
2456325.8126132,2013-02-02.3087563,ba,2.43,15.081,10.350,0.004,277.852,1.085,V
2456325.8146225,2013-02-02.3107657,ba,2.44,15.083,10.349,0.005,278.331,1.154,V
2456327.7908965,2013-02-04.2871866,ba,2.17,15.116,10.378,0.004,270.872,0.990,V
2456329.7402567,2013-02-06.2366951,ba,2.27,15.098,10.349,0.005,278.027,1.116,V
2456329.7422361,2013-02-06.2386746,ba,2.27,15.092,10.343,0.004,279.822,1.100,V
2456344.7222482,2013-02-21.2199229,ba,2.15,15.079,10.398,0.005,265.966,1.114,V
2456344.7239643,2013-02-21.2216392,ba,2.12,15.091,10.395,0.005,266.628,1.109,V
2456348.7808714,2013-02-25.2789030,ba,2.03,15.094,10.408,0.005,263.524,1.103,V
2456348.7825777,2013-02-25.2806094,ba,2.06,15.061,10.410,0.005,262.945,1.132,V
2456353.7692792,2013-03-02.2677575,ba,2.28,15.099,10.385,0.005,269.075,1.113,V
2456353.7712808,2013-03-02.2697592,ba,2.27,15.099,10.388,0.004,268.358,1.033,V
2456356.7407383,2013-03-05.2394857,ba,2.49,15.091,10.406,0.005,264.100,1.157,V
2456357.7660370,2013-03-06.2648776,ba,2.10,15.115,10.427,0.004,258.916,1.015,V
2456357.7680181,2013-03-06.2668589,ba,2.09,15.120,10.427,0.005,258.857,1.058,V
2456358.7416097,2013-03-07.2405392,ba,2.50,15.095,10.421,0.005,260.358,1.150,V
2456360.7298619,2013-03-09.2289726,ba,2.28,15.132,10.448,0.004,254.101,1.004,V
2456360.7317823,2013-03-09.2308931,ba,2.24,15.134,10.440,0.005,255.736,1.057,V
2456365.7324783,2013-03-14.2320453,ba,2.04,15.094,10.402,0.004,265.044,1.017,V
2456365.7344029,2013-03-14.2339701,ba,2.02,15.069,10.404,0.004,264.513,0.940,V
2456506.1318898,2013-08-01.6346082,ba,2.04,14.543,10.406,0.010,263.866,2.411,V
2456507.1291977,2013-08-02.6318476,ba,2.10,14.753,10.376,0.007,271.454,1.818,V
2456507.1306615,2013-08-02.6333112,ba,2.12,14.618,10.403,0.006,264.717,1.567,V
2456508.1261535,2013-08-03.6287339,ba,1.78,14.872,10.401,0.006,265.287,1.470,V
2456508.1275694,2013-08-03.6301498,ba,1.81,14.828,10.386,0.006,268.768,1.440,V
2456512.1160122,2013-08-07.6183055,ba,2.20,14.801,10.370,0.007,272.772,1.617,V
2456512.1175786,2013-08-07.6198718,ba,2.22,14.844,10.368,0.006,273.360,1.446,V
2456514.1092067,2013-08-09.6113513,ba,2.24,14.837,10.366,0.006,273.892,1.383,V
2456514.1109655,2013-08-09.6131100,ba,2.24,14.831,10.360,0.006,275.259,1.353,V
2456519.0971884,2013-08-14.5989468,ba,1.99,14.885,10.382,0.004,269.661,1.177,V
2456519.0985481,2013-08-14.6003064,ba,2.00,14.877,10.364,0.005,274.184,1.256,V
2456521.0959849,2013-08-16.5975835,ba,2.00,14.888,10.375,0.004,271.658,1.143,V
2456521.0973639,2013-08-16.5989623,ba,2.00,14.894,10.387,0.004,268.621,1.103,V
2456522.0945226,2013-08-17.5960403,ba,2.15,14.859,10.365,0.005,274.264,1.238,V
2456522.0958917,2013-08-17.5974092,ba,2.12,14.857,10.367,0.005,273.587,1.332,V
2456526.0821450,2013-08-21.5833335,ba,1.88,14.746,10.393,0.006,267.090,1.396,V
2456526.0835200,2013-08-21.5847084,ba,1.77,14.783,10.389,0.006,268.129,1.555,V
2456528.0778740,2013-08-23.5788944,ba,1.76,14.840,10.369,0.006,273.034,1.405,V
2456528.0792453,2013-08-23.5802656,ba,1.72,14.862,10.409,0.006,263.267,1.335,V
2456532.0742805,2013-08-27.5749583,ba,1.76,14.888,10.388,0.005,268.331,1.247,V
2456532.0756446,2013-08-27.5763223,ba,1.76,14.895,10.393,0.005,266.916,1.215,V
2456534.0684948,2013-08-29.5689990,ba,2.06,14.868,10.377,0.005,271.258,1.339,V
2456534.0698517,2013-08-29.5703558,ba,2.06,14.879,10.382,0.005,269.881,1.200,V
2456535.0724036,2013-08-30.5728198,ba,2.04,14.881,10.379,0.005,270.606,1.273,V
2456535.0737711,2013-08-30.5741872,ba,2.06,14.868,10.347,0.005,278.620,1.269,V
2456536.0637166,2013-08-31.5640456,ba,2.06,14.888,10.387,0.005,268.583,1.215,V
2456536.0650876,2013-08-31.5654165,ba,2.06,14.878,10.371,0.005,272.711,1.294,V
2456537.0483493,2013-09-01.5485914,ba,1.77,14.882,10.378,0.005,270.917,1.229,V
2456537.0497114,2013-09-01.5499534,ba,1.76,14.887,10.394,0.004,266.840,1.149,V
2456538.0711833,2013-09-02.5713348,ba,1.73,14.913,10.392,0.005,267.425,1.177,V
2456538.0725456,2013-09-02.5726970,ba,1.76,14.918,10.394,0.004,267.059,1.139,V
2456539.0657120,2013-09-03.5657751,ba,1.71,14.905,10.379,0.005,270.619,1.231,V
2456539.0670853,2013-09-03.5671483,ba,1.69,14.908,10.376,0.005,271.306,1.202,V
2456540.0541050,2013-09-04.5540800,ba,2.23,14.846,10.379,0.005,270.428,1.243,V
2456540.0554822,2013-09-04.5554571,ba,2.23,14.843,10.365,0.005,274.092,1.299,V
2456544.0437156,2013-09-08.5433333,ba,2.10,14.857,10.346,0.005,279.105,1.266,V
2456544.0450848,2013-09-08.5447024,ba,2.10,14.875,10.381,0.005,269.998,1.285,V
2456550.0193698,2013-09-14.5184497,ba,2.05,14.864,10.370,0.005,272.765,1.439,V
2456550.0207340,2013-09-14.5198138,ba,2.06,14.851,10.363,0.005,274.518,1.262,V
2456555.0034939,2013-09-19.5021265,ba,2.24,14.664,10.362,0.007,274.846,1.700,V
2456555.0049188,2013-09-19.5035513,ba,2.22,14.665,10.378,0.007,270.970,1.654,V
2456556.0417883,2013-09-20.5403281,ba,1.76,14.857,10.367,0.005,273.690,1.351,V
2456556.0431567,2013-09-20.5416963,ba,1.79,14.857,10.351,0.005,277.581,1.377,V
2456557.0220205,2013-09-21.5204729,ba,2.02,14.798,10.380,0.006,270.302,1.366,V
2456557.0233922,2013-09-21.5218446,ba,2.01,14.831,10.364,0.006,274.323,1.396,V
2456558.0483600,2013-09-22.5467212,ba,1.85,14.845,10.331,0.005,282.780,1.431,V
2456560.0063508,2013-09-24.5045387,ba,2.05,14.814,10.370,0.005,272.773,1.309,V
2456560.0077247,2013-09-24.5059125,ba,2.06,14.819,10.365,0.005,274.057,1.268,V
2456562.9861648,2013-09-27.4840912,ba,2.25,14.804,10.361,0.006,275.177,1.389,V
2456562.9875259,2013-09-27.4854522,ba,2.26,14.828,10.370,0.006,272.996,1.511,V
2456564.1353254,2013-09-28.6331517,ba,2.12,14.899,10.367,0.005,273.471,1.293,V
2456564.1366926,2013-09-28.6345188,ba,2.12,14.895,10.350,0.005,278.085,1.304,V
2456567.9759176,2013-10-02.4734139,ba,2.15,14.690,10.352,0.008,277.294,2.026,V
2456567.9772854,2013-10-02.4747817,ba,2.15,14.383,10.344,0.009,279.413,2.455,V
2456568.9793763,2013-10-03.4767876,ba,1.68,14.898,10.366,0.004,273.823,1.173,V
2456568.9807331,2013-10-03.4781443,ba,1.72,14.901,10.372,0.005,272.474,1.298,V
2456569.1298936,2013-10-03.6272921,ba,1.82,13.784,10.517,0.019,238.256,4.202,V
2456569.1312616,2013-10-03.6286600,ba,1.72,14.138,10.308,0.009,288.751,2.495,V
2456570.0270679,2013-10-04.5243909,ba,2.01,14.893,10.343,0.005,279.639,1.244,V
2456570.0284249,2013-10-04.5257478,ba,2.00,14.906,10.379,0.004,270.668,1.163,V
2456570.1271776,2013-10-04.6244922,ba,2.20,14.891,10.367,0.005,273.605,1.246,V
2456570.1285377,2013-10-04.6258522,ba,2.18,14.883,10.357,0.004,276.218,1.197,V
2456570.9999066,2013-10-05.4971483,ba,2.01,14.902,10.372,0.004,272.202,1.154,V
2456571.0012676,2013-10-05.4985092,ba,2.03,14.899,10.374,0.005,271.798,1.195,V
2456571.1246903,2013-10-05.6219216,ba,1.75,14.933,10.377,0.004,271.131,1.147,V
2456571.1260552,2013-10-05.6232863,ba,1.77,14.930,10.368,0.005,273.307,1.207,V
2456573.9629295,2013-10-08.4599269,ba,2.06,14.853,10.346,0.005,278.801,1.299,V
2456573.9642983,2013-10-08.4612956,ba,2.07,14.852,10.342,0.005,279.992,1.272,V
2456575.1141059,2013-10-09.6110099,ba,2.15,13.676,10.424,0.018,259.730,4.363,V
2456575.9617482,2013-10-10.4585842,ba,2.20,99.990,99.990,99.990,99.990,99.990,V
2456593.0909816,2013-10-27.5865702,bd,2.11,14.879,10.398,0.009,265.801,2.257,V
2456593.0923465,2013-10-27.5879350,bd,2.14,14.881,10.406,0.010,263.800,2.384,V
2456615.8464116,2013-11-19.3408540,bd,1.59,14.926,10.432,0.005,257.713,1.285,V
2456615.8478007,2013-11-19.3422430,bd,1.62,14.912,10.435,0.006,257.086,1.372,V
2456618.8395803,2013-11-22.3339249,bd,1.70,14.932,10.434,0.006,257.269,1.522,V
2456618.8409896,2013-11-22.3353341,bd,1.67,14.949,10.453,0.006,252.869,1.521,V
2456621.8401433,2013-11-25.3344032,bd,2.18,14.885,10.434,0.009,257.440,1.989,V
2456621.8415122,2013-11-25.3357721,bd,2.15,14.893,10.438,0.008,256.224,1.950,V
2456629.8379715,2013-12-03.3320738,bd,1.53,14.869,10.392,0.005,267.574,1.024,V
2456629.8394510,2013-12-03.3335533,bd,1.51,14.873,10.400,0.005,265.344,1.031,V
2456631.8102386,2013-12-05.3043175,bd,1.47,14.849,10.390,0.005,267.876,1.030,V
2456631.8116160,2013-12-05.3056949,bd,1.48,14.863,10.409,0.005,263.032,1.047,V
2456640.8233476,2013-12-14.3173993,bd,2.01,14.398,10.393,0.007,266.944,1.736,V
2456640.8247277,2013-12-14.3187795,bd,2.04,14.192,10.423,0.009,259.978,2.030,V
2456648.8009349,2013-12-22.2950709,bd,1.52,14.874,10.401,0.005,265.216,1.008,V
2456648.8022537,2013-12-22.2963898,bd,1.51,14.869,10.395,0.004,266.644,0.992,V
2456652.8927395,2013-12-26.3869578,bd,2.15,14.823,10.403,0.005,264.659,1.179,V
2456652.8941376,2013-12-26.3883560,bd,2.22,14.806,10.394,0.005,266.928,1.203,V
2456656.8714119,2013-12-30.3657354,bd,1.51,14.877,10.406,0.004,263.939,0.985,V
2456656.8727362,2013-12-30.3670598,bd,1.55,14.880,10.409,0.005,263.321,1.010,V
2456674.8849812,2014-01-17.3800737,bd,1.65,14.862,10.412,0.005,262.541,1.015,V
2456674.8863411,2014-01-17.3814337,bd,1.62,14.842,10.398,0.005,266.003,1.073,V
2456676.8416949,2014-01-19.3368977,bd,1.98,14.832,10.417,0.005,261.212,1.135,V
2456676.8430584,2014-01-19.3382613,bd,1.99,14.817,10.402,0.005,264.836,1.198,V
2456677.8741756,2014-01-20.3694384,bd,2.34,14.774,10.420,0.006,260.396,1.346,V
2456677.8784322,2014-01-20.3736953,bd,2.30,14.782,10.414,0.006,262.092,1.379,V
2456701.7644284,2014-02-13.2614024,bd,1.66,14.886,10.434,0.004,257.420,0.959,V
2456701.7658599,2014-02-13.2628341,bd,1.65,14.887,10.431,0.004,257.884,0.955,V
2456741.7297955,2014-03-25.2303243,bd,2.21,14.785,10.398,0.004,265.995,1.043,V
2456741.7311140,2014-03-25.2316429,bd,2.18,14.819,10.392,0.004,267.340,1.013,V
2456863.9131384,2014-07-25.4163305,bf,1.65,14.824,10.412,0.004,262.423,0.999,V
2456863.9145400,2014-07-25.4177320,bf,1.67,14.820,10.409,0.004,263.080,1.029,V
2456863.9359883,2014-07-25.4391790,bf,1.66,14.835,10.415,0.004,261.687,0.984,V
2456863.9374068,2014-07-25.4405975,bf,1.66,14.839,10.416,0.005,261.541,1.022,V
2456864.9194125,2014-07-26.4225433,bf,1.63,14.823,10.398,0.004,265.856,1.018,V
2456864.9208809,2014-07-26.4240116,bf,1.66,14.833,10.409,0.004,263.153,1.000,V
2456871.9230069,2014-08-02.4256811,bf,1.56,14.625,10.411,0.005,262.650,1.242,V
2456871.9245680,2014-08-02.4272421,bf,1.65,14.627,10.406,0.005,263.916,1.238,V
2456878.9199558,2014-08-09.4221264,bf,1.46,14.872,10.402,0.004,264.902,0.968,V
2456878.9214808,2014-08-09.4236513,bf,1.42,14.876,10.402,0.004,265.045,0.974,V
2456884.1043640,2014-08-14.6061349,bd,1.51,14.817,10.436,0.005,256.732,1.064,V
2456890.0955607,2014-08-20.5968455,bd,1.80,14.780,10.397,0.005,266.325,1.226,V
2456890.0969955,2014-08-20.5982803,bd,1.70,14.796,10.417,0.005,261.240,1.173,V
2456891.8652792,2014-08-22.3664162,bf,1.44,14.856,10.411,0.004,262.684,0.981,V
2456891.8668100,2014-08-22.3679468,bf,1.44,14.859,10.410,0.004,262.967,0.955,V
2456893.0930273,2014-08-23.5940606,bd,1.62,14.812,10.412,0.005,262.485,1.083,V
2456893.0945256,2014-08-23.5955588,bd,1.58,14.817,10.415,0.005,261.767,1.111,V
2456894.0950729,2014-08-24.5960210,bd,1.72,14.809,10.407,0.005,263.664,1.081,V
2456894.0964853,2014-08-24.5974334,bd,1.64,14.811,10.409,0.005,263.205,1.144,V
2456897.0933504,2014-08-27.5940409,bd,1.65,14.816,10.420,0.005,260.614,1.144,V
2456897.0948028,2014-08-27.5954931,bd,1.71,14.819,10.424,0.005,259.778,1.120,V
2456898.0806483,2014-08-28.5812531,bd,1.77,14.802,10.431,0.005,257.968,1.160,V
2456898.0820915,2014-08-28.5826961,bd,1.89,14.794,10.421,0.005,260.195,1.185,V
2456900.0829936,2014-08-30.5834234,bd,1.67,14.803,10.421,0.005,260.278,1.169,V
2456900.0844660,2014-08-30.5848957,bd,1.72,14.800,10.411,0.005,262.802,1.177,V
2456903.0782305,2014-09-02.5783960,bd,1.77,14.796,10.419,0.005,260.806,1.205,V
2456903.0796742,2014-09-02.5798396,bd,1.82,14.798,10.422,0.005,259.986,1.211,V
2456903.8879760,2014-09-03.3880697,bf,1.43,14.627,10.458,0.005,251.713,1.166,V
2456905.0674379,2014-09-04.5674266,bd,1.66,14.826,10.426,0.005,259.144,1.050,V
2456905.0688881,2014-09-04.5688767,bd,1.54,14.833,10.431,0.005,258.029,1.035,V
2456906.0880786,2014-09-05.5879762,bd,1.58,14.847,10.423,0.005,259.924,1.020,V
2456906.0894832,2014-09-05.5893807,bd,1.51,14.847,10.422,0.005,260.066,1.028,V
2456909.0794278,2014-09-08.5790575,bd,1.72,14.105,10.414,0.010,261.889,2.375,V
2456909.0809567,2014-09-08.5805863,bd,1.76,14.055,10.409,0.011,263.176,2.663,V
2456910.0684360,2014-09-09.5679770,bd,1.69,14.717,10.420,0.005,260.395,1.260,V
2456910.0698886,2014-09-09.5694294,bd,1.73,14.728,10.422,0.005,260.218,1.249,V
2456911.0706342,2014-09-10.5700850,bd,1.63,14.794,10.427,0.005,258.947,1.150,V
2456911.0720620,2014-09-10.5715127,bd,1.60,14.809,10.426,0.005,259.035,1.130,V
2456912.0643061,2014-09-11.5636676,bd,1.64,14.786,10.415,0.005,261.821,1.137,V
2456912.0657888,2014-09-11.5651502,bd,1.75,14.791,10.418,0.005,260.946,1.152,V
2456913.0726877,2014-09-12.5719583,bd,1.62,14.815,10.422,0.005,260.209,1.113,V
2456913.0741614,2014-09-12.5734319,bd,1.66,14.813,10.429,0.005,258.605,1.131,V
2456919.0578256,2014-09-18.5565580,bd,1.61,14.824,10.409,0.005,263.163,1.075,V
2456921.0533099,2014-09-20.5518636,bd,1.67,14.821,10.404,0.005,264.662,1.075,V
2456921.0547927,2014-09-20.5533462,bd,1.64,14.826,10.411,0.005,262.608,1.083,V
2456924.0556848,2014-09-23.5539712,bd,1.59,14.836,10.412,0.004,262.448,1.007,V
2456925.0454128,2014-09-24.5436116,bd,1.66,14.826,10.425,0.005,259.233,1.075,V
2456925.0468421,2014-09-24.5450408,bd,1.80,14.811,10.425,0.005,259.377,1.042,V
2456929.0392609,2014-09-28.5371095,bd,1.59,14.843,10.437,0.005,256.504,1.031,V
2456929.0407339,2014-09-28.5385823,bd,1.60,14.850,10.452,0.005,252.971,1.018,V
2456930.0513708,2014-09-29.5491316,bd,1.45,14.850,10.431,0.004,257.873,0.979,V
2456932.0350777,2014-10-01.5326678,bd,1.70,14.808,10.408,0.005,263.432,1.098,V
2456932.0365250,2014-10-01.5341149,bd,1.67,14.814,10.415,0.005,261.932,1.114,V
2456933.0255071,2014-10-02.5230127,bd,1.99,14.776,10.411,0.005,262.711,1.292,V
2456933.0269574,2014-10-02.5244628,bd,1.99,14.781,10.417,0.006,261.406,1.312,V
2456934.8372168,2014-10-04.3345691,bf,1.49,14.890,10.409,0.004,263.080,0.900,V
2456934.8386480,2014-10-04.3360001,bf,1.48,14.884,10.404,0.004,264.308,0.957,V
2456936.0040866,2014-10-05.5013412,bd,1.53,14.816,10.411,0.005,262.820,1.081,V
2456936.0055449,2014-10-05.5027993,bd,1.48,14.812,10.405,0.004,264.195,1.040,V
2456938.0324391,2014-10-07.5295256,bd,1.70,14.770,10.395,0.005,266.703,1.228,V
2456938.0338811,2014-10-07.5309675,bd,1.77,14.774,10.396,0.005,266.255,1.228,V
2456946.8349058,2014-10-16.3312958,bf,1.46,99.990,99.990,99.990,99.990,99.990,V
2456946.8363235,2014-10-16.3327134,bf,1.82,99.990,99.990,99.990,99.990,99.990,V
2456948.7775478,2014-10-18.2737924,bf,1.52,14.867,10.396,0.004,266.336,0.975,V
2456948.7789930,2014-10-18.2752374,bf,1.56,14.873,10.397,0.004,266.094,0.961,V
2456959.7669503,2014-10-29.2624398,bf,1.59,14.858,10.439,0.004,255.869,0.972,V
2456959.7683783,2014-10-29.2638677,bf,1.62,14.861,10.443,0.004,255.140,0.990,V
2456966.7376313,2014-11-05.2327110,bf,1.51,14.869,10.426,0.004,259.146,0.969,V
2456966.7390481,2014-11-05.2341278,bf,1.51,14.857,10.417,0.004,261.387,0.991,V
2456971.9664279,2014-11-10.4612399,bd,1.62,14.810,10.410,0.005,262.964,1.135,V
2456972.2362910,2014-11-10.7310904,bd,1.68,14.824,10.418,0.005,261.168,1.127,V
2456977.6458470,2014-11-16.1404098,bf,1.49,14.735,10.382,0.012,269.865,2.908,V
2456977.6472849,2014-11-16.1418476,bf,1.57,14.801,10.387,0.005,268.713,1.095,V
2456978.7172027,2014-11-17.2117235,bf,1.47,14.845,10.391,0.004,267.517,0.978,V
2456978.7186263,2014-11-17.2131470,bf,1.47,14.845,10.390,0.004,267.826,0.970,V
2456979.6251895,2014-11-18.1196761,bf,1.51,14.828,10.397,0.004,266.238,0.968,V
2456979.6266152,2014-11-18.1211017,bf,1.46,14.823,10.390,0.004,268.035,0.989,V
2456979.9531393,2014-11-18.4476137,bd,1.59,14.844,10.390,0.004,267.845,0.990,V
2456979.9546143,2014-11-18.4490887,bd,1.55,14.849,10.391,0.004,267.593,0.989,V
2456980.6276474,2014-11-19.1220976,bf,1.52,14.811,10.394,0.004,266.814,0.999,V
2456980.6290806,2014-11-19.1235307,bf,1.50,14.822,10.404,0.004,264.276,1.029,V
2456980.9651507,2014-11-19.4595888,bd,1.63,14.835,10.390,0.004,267.923,1.022,V
2456980.9667100,2014-11-19.4611480,bd,1.66,14.822,10.390,0.004,268.044,1.032,V
2456982.9465688,2014-11-21.4409403,bd,1.51,14.844,10.406,0.004,263.954,1.013,V
2456982.9480319,2014-11-21.4424033,bd,1.55,14.837,10.395,0.004,266.728,0.991,V
2456983.6591311,2014-11-22.1534800,bf,1.50,14.856,10.386,0.004,268.782,0.957,V
2456983.6605530,2014-11-22.1549018,bf,1.49,14.858,10.386,0.004,268.929,0.950,V
2456983.9394839,2014-11-22.4338241,bd,1.66,14.828,10.390,0.004,267.840,1.019,V
2456983.9410633,2014-11-22.4354034,bd,1.54,14.832,10.393,0.004,266.979,1.020,V
2456984.9441352,2014-11-23.4384453,bd,1.67,14.833,10.418,0.005,260.972,1.039,V
2456984.9455512,2014-11-23.4398613,bd,1.61,14.828,10.410,0.005,262.935,1.094,V
2456988.8575460,2014-11-27.3517538,bd,1.46,14.821,10.392,0.005,267.481,1.068,V
2456988.8589538,2014-11-27.3531615,bd,1.49,14.817,10.385,0.005,268.869,1.112,V
2456991.9426935,2014-11-30.4368372,bd,1.50,14.837,10.391,0.004,267.662,0.998,V
2456991.9441536,2014-11-30.4382972,bd,1.54,14.833,10.386,0.004,268.914,1.015,V
2456992.8233697,2014-12-01.3174979,bd,1.58,14.769,10.389,0.005,268.163,1.140,V
2456992.8248668,2014-12-01.3189949,bd,1.57,14.773,10.389,0.005,268.068,1.111,V
2456993.8352725,2014-12-02.3293843,bd,1.63,14.680,10.402,0.005,264.884,1.334,V
2456993.8367399,2014-12-02.3308517,bd,1.62,14.545,10.393,0.006,267.028,1.381,V
2456999.9824790,2014-12-08.4765261,bd,1.49,14.827,10.400,0.005,265.234,1.083,V
2456999.9839503,2014-12-08.4779974,bd,1.46,14.831,10.403,0.005,264.663,1.056,V
2457003.0322414,2014-12-11.5262788,bd,1.52,14.819,10.382,0.005,269.878,1.091,V
2457003.0337072,2014-12-11.5277445,bd,1.50,14.820,10.389,0.005,268.140,1.085,V
2457004.0245539,2014-12-12.5185913,bd,1.46,14.831,10.400,0.005,265.398,1.035,V
2457004.0259569,2014-12-12.5199943,bd,1.45,14.827,10.385,0.005,269.066,1.044,V
2457005.0304653,2014-12-13.5245044,bd,1.55,14.820,10.397,0.005,266.275,1.046,V
2457005.0319437,2014-12-13.5259828,bd,1.54,14.824,10.408,0.005,263.421,1.037,V
2457005.9978007,2014-12-14.4918429,bd,1.56,14.028,10.396,0.009,266.248,2.051,V
2457005.9992744,2014-12-14.4933166,bd,1.56,13.602,10.389,0.013,268.177,3.166,V
2457006.9219019,2014-12-15.4159485,bd,1.66,14.826,10.393,0.005,267.264,1.035,V
2457006.9236739,2014-12-15.4177204,bd,1.66,14.814,10.386,0.005,268.805,1.058,V
2457008.9530644,2014-12-17.4471254,bd,1.72,14.805,10.389,0.005,268.084,1.062,V
2457008.9549866,2014-12-17.4490477,bd,1.79,14.804,10.388,0.005,268.484,1.052,V
2457011.6687301,2014-12-20.1628208,bf,1.43,14.887,10.409,0.004,263.313,0.943,V
2457011.6701524,2014-12-20.1642432,bf,1.45,14.883,10.410,0.004,262.901,0.952,V
2457013.9031586,2014-12-22.3972827,bd,1.69,14.810,10.395,0.005,266.666,1.087,V
2457013.9045413,2014-12-22.3986654,bd,1.61,14.822,10.414,0.005,262.004,1.046,V
2457017.6634837,2014-12-26.1576817,bf,1.42,14.867,10.397,0.004,266.298,0.978,V
2457017.6648993,2014-12-26.1590974,bf,1.44,14.870,10.400,0.004,265.337,0.983,V
2457018.9054886,2014-12-27.3997159,bd,2.14,14.775,10.404,0.005,264.407,1.109,V
2457020.8933499,2014-12-29.3876292,bd,1.49,14.846,10.411,0.004,262.894,0.989,V
2457020.8947636,2014-12-29.3890429,bd,1.47,14.846,10.412,0.004,262.472,0.995,V
2457030.6521829,2015-01-08.1468036,bf,1.66,14.810,10.402,0.005,264.823,1.056,V
2457030.6536005,2015-01-08.1482212,bf,1.84,14.817,10.406,0.005,263.836,1.066,V
2457031.8692641,2015-01-09.3639370,bd,1.59,14.822,10.400,0.005,265.545,1.049,V
2457031.8706631,2015-01-09.3653361,bd,1.59,14.821,10.403,0.004,264.620,1.015,V
2457032.8694381,2015-01-10.3641556,bd,1.74,14.801,10.414,0.005,262.035,1.110,V
2457032.8708429,2015-01-10.3655605,bd,1.72,14.791,10.406,0.005,263.933,1.127,V
2457034.6425831,2015-01-12.1373830,bf,1.59,14.854,10.412,0.004,262.448,0.991,V
2457034.6440009,2015-01-12.1388009,bf,1.55,14.855,10.411,0.004,262.515,0.989,V
2457035.8457895,2015-01-13.3406478,bd,1.46,14.837,10.399,0.004,265.819,1.015,V
2457035.8471916,2015-01-13.3420500,bd,1.46,14.840,10.404,0.004,264.297,0.980,V
2457036.8629876,2015-01-14.3578969,bd,1.44,14.847,10.403,0.004,264.762,0.971,V
2457036.8643791,2015-01-14.3592885,bd,1.47,14.848,10.406,0.004,264.010,0.964,V
2457038.9046076,2015-01-16.3996233,bd,1.53,14.827,10.395,0.004,266.825,1.006,V
2457038.9060095,2015-01-16.4010253,bd,1.51,14.832,10.407,0.004,263.716,0.986,V
2457040.8550277,2015-01-18.3501502,bd,1.51,14.832,10.408,0.004,263.447,0.976,V
2457040.8564230,2015-01-18.3515455,bd,1.49,14.840,10.417,0.004,261.379,0.990,V
2457042.8463699,2015-01-20.3416065,bd,1.47,14.846,10.408,0.004,263.370,0.974,V
2457042.8477736,2015-01-20.3430102,bd,1.45,14.840,10.401,0.004,265.136,0.968,V
2457044.8568814,2015-01-22.3522381,bd,1.47,14.846,10.402,0.004,264.876,1.008,V
2457044.8582788,2015-01-22.3536356,bd,1.47,14.843,10.404,0.004,264.608,0.996,V
2457045.8521155,2015-01-23.3475334,bd,1.46,14.844,10.405,0.004,264.218,0.975,V
2457045.8535647,2015-01-23.3489828,bd,1.45,14.846,10.409,0.004,263.098,0.990,V
2457047.6307082,2015-01-25.1262386,bf,1.53,14.860,10.439,0.005,255.837,1.016,V
2457048.8532325,2015-01-26.3488423,bd,1.64,14.831,10.403,0.004,264.478,0.986,V
2457048.8548013,2015-01-26.3504113,bd,1.59,14.826,10.400,0.004,265.308,1.026,V
2457053.8293909,2015-01-31.3253406,bd,1.70,14.798,10.442,0.005,255.295,1.123,V
2457053.8307878,2015-01-31.3267377,bd,1.82,14.790,10.433,0.005,257.366,1.122,V
2457057.6934708,2015-02-04.1897019,bf,1.63,14.742,10.416,0.005,261.550,1.116,V
2457057.6948834,2015-02-04.1911145,bf,1.75,14.755,10.420,0.005,260.626,1.167,V
2457062.6611476,2015-02-09.1577602,bf,1.73,14.768,10.408,0.005,263.422,1.111,V
2457062.6625892,2015-02-09.1592020,bf,2.02,14.758,10.403,0.005,264.666,1.118,V
2457067.5886868,2015-02-14.0856976,bf,1.57,14.828,10.393,0.005,267.166,1.081,V
2457067.5901138,2015-02-14.0871247,bf,1.57,14.831,10.394,0.005,266.918,1.033,V
2457071.5832629,2015-02-18.0806090,bf,1.53,14.855,10.389,0.005,268.112,1.054,V
2457071.5847012,2015-02-18.0820474,bf,1.52,14.853,10.386,0.005,268.978,1.027,V
2457076.5774927,2015-02-23.0752706,bf,1.55,14.834,10.388,0.004,268.328,1.024,V
2457076.5789213,2015-02-23.0766994,bf,1.56,14.836,10.389,0.005,268.125,1.048,V
2457083.5971497,2015-03-02.0955523,bf,1.51,14.806,10.388,0.005,268.350,1.174,V
2457083.5985715,2015-03-02.0969742,bf,1.43,14.826,10.408,0.005,263.447,1.102,V
2457087.5551733,2015-03-06.0539339,bf,1.53,14.847,10.429,0.005,258.247,1.034,V
2457087.5566021,2015-03-06.0553629,bf,1.61,14.821,10.420,0.005,260.469,1.069,V
2457090.5898821,2015-03-09.0889189,bf,1.62,14.823,10.417,0.005,261.225,1.130,V
2457090.5912832,2015-03-09.0903201,bf,1.64,14.818,10.424,0.005,259.686,1.104,V
2457094.5602441,2015-03-13.0596428,bf,1.56,14.843,10.430,0.005,258.272,1.035,V
2457094.5616818,2015-03-13.0610807,bf,1.57,14.843,10.432,0.005,257.787,1.079,V
2457097.5657521,2015-03-16.0654245,bf,1.44,14.846,10.448,0.005,254.081,1.042,V
2457097.5671745,2015-03-16.0668470,bf,1.52,14.853,10.460,0.005,251.033,1.046,V
2457100.5535927,2015-03-19.0535360,bf,1.46,14.607,10.491,0.009,244.189,2.117,V
2457100.5550206,2015-03-19.0549640,bf,1.50,14.768,10.432,0.005,257.500,1.088,V
2457102.7610600,2015-03-21.2612022,bd,1.61,14.720,10.395,0.015,266.547,3.722,V
2457102.7626609,2015-03-21.2628032,bd,1.62,14.434,10.296,0.023,292.004,6.059,V
2457109.7263464,2015-03-28.2271060,bd,1.82,14.777,10.416,0.005,261.323,1.074,V
2457109.7279306,2015-03-28.2286902,bd,1.77,14.784,10.424,0.005,259.596,1.063,V
2457111.5349593,2015-03-30.0358758,bf,1.44,14.815,10.413,0.005,262.284,1.152,V
2457111.5363711,2015-03-30.0372878,bf,1.48,14.815,10.414,0.005,262.013,1.156,V
2457113.5258202,2015-04-01.0269076,bf,1.50,14.818,10.414,0.005,261.985,1.060,V
2457113.5272382,2015-04-01.0283257,bf,1.44,14.817,10.417,0.005,261.356,1.073,V
2457114.5241796,2015-04-02.0253519,bf,1.46,14.837,10.418,0.005,261.160,1.102,V
2457114.5255919,2015-04-02.0267643,bf,1.50,14.830,10.407,0.005,263.718,1.125,V
2457115.5117991,2015-04-03.0130547,bf,1.48,14.812,10.408,0.005,263.540,1.144,V
2457115.5132277,2015-04-03.0144835,bf,1.47,14.818,10.411,0.005,262.657,1.123,V
2457116.4932673,2015-04-03.9946052,bf,1.50,14.823,10.406,0.005,264.016,1.132,V
2457116.4946842,2015-04-03.9960222,bf,1.43,14.835,10.412,0.005,262.623,1.138,V
2457117.5159421,2015-04-05.0173650,bf,1.40,14.812,10.409,0.005,263.219,1.199,V
2457117.5173550,2015-04-05.0187782,bf,1.46,14.811,10.400,0.005,265.299,1.178,V
2457118.4792744,2015-04-05.9807769,bf,1.60,14.830,10.402,0.005,265.008,1.101,V
2457118.4807028,2015-04-05.9822054,bf,1.58,14.844,10.404,0.005,264.497,1.062,V
2457119.4915920,2015-04-06.9931774,bf,1.56,14.847,10.397,0.005,266.225,1.029,V
2457119.4930056,2015-04-06.9945911,bf,1.57,14.844,10.392,0.005,267.301,1.037,V
2457124.4996024,2015-04-12.0015871,bf,1.57,14.820,10.403,0.005,264.583,1.052,V
2457124.5010169,2015-04-12.0030017,bf,1.65,14.818,10.400,0.005,265.392,1.088,V
2457130.4787782,2015-04-17.9812129,bf,1.53,14.835,10.403,0.005,264.705,1.070,V
2457131.4759272,2015-04-18.9784337,bf,1.54,14.845,10.408,0.005,263.467,1.057,V
2457131.4779226,2015-04-18.9804293,bf,1.57,14.842,10.411,0.005,262.697,1.066,V
2457132.4722916,2015-04-19.9748690,bf,1.43,14.854,10.422,0.005,259.900,1.042,V
2457132.4737178,2015-04-19.9762954,bf,1.47,14.853,10.421,0.005,260.403,1.050,V
2457137.4591362,2015-04-24.9620533,bf,2.06,14.653,10.410,0.005,262.888,1.309,V
2457137.4605998,2015-04-24.9635170,bf,1.74,14.695,10.424,0.005,259.723,1.253,V
2457140.4907956,2015-04-27.9939061,bf,1.74,14.743,10.390,0.005,267.888,1.178,V
2457224.9365550,2015-07-21.4399692,bh,1.49,14.805,10.425,0.005,259.198,1.135,V
2457224.9379570,2015-07-21.4413711,bh,1.53,14.789,10.417,0.005,261.175,1.152,V
2457226.9379486,2015-07-23.4412494,bf,1.47,14.779,10.436,0.006,256.826,1.375,V
2457226.9392700,2015-07-23.4425707,bf,1.46,14.758,10.440,0.006,255.921,1.417,V
2457228.9169216,2015-07-25.4201058,bh,1.37,14.498,10.395,0.008,266.674,1.934,V
2457228.9182083,2015-07-25.4213924,bh,1.39,13.409,10.540,0.024,233.135,5.066,V
2457228.9274237,2015-07-25.4306072,bf,1.48,13.872,10.389,0.011,268.099,2.776,V
2457228.9287137,2015-07-25.4318971,bf,1.48,14.073,10.394,0.008,266.738,2.055,V
2457229.9127214,2015-07-26.4158452,bh,1.40,14.746,10.397,0.005,266.215,1.125,V
2457229.9140262,2015-07-26.4171500,bh,1.40,14.634,10.396,0.007,266.333,1.700,V
2457229.9179610,2015-07-26.4210845,bf,1.41,14.765,10.396,0.006,266.479,1.367,V
2457229.9192705,2015-07-26.4223939,bf,1.47,14.756,10.383,0.005,269.642,1.333,V
2457230.9449115,2015-07-27.4479715,bh,1.65,14.532,10.421,0.006,260.296,1.528,V
2457230.9462092,2015-07-27.4492692,bh,1.60,14.440,10.448,0.007,253.835,1.582,V
2457234.9082161,2015-07-31.4110210,bh,1.95,14.671,10.424,0.005,259.683,1.294,V
2457234.9096156,2015-07-31.4124204,bh,1.87,14.718,10.471,0.005,248.491,1.149,V
2457247.1155033,2015-08-12.6174271,bd,1.49,14.778,10.416,0.005,261.581,1.095,V
2457247.1169310,2015-08-12.6188546,bd,1.47,14.775,10.413,0.005,262.256,1.093,V
2457247.8975505,2015-08-13.3994134,bf,1.55,14.790,10.414,0.005,261.854,1.278,V
2457247.8988511,2015-08-13.4007139,bf,1.49,14.784,10.403,0.005,264.628,1.286,V
2457248.9078884,2015-08-14.4096721,bh,1.70,14.814,10.420,0.004,260.552,1.030,V
2457248.9091771,2015-08-14.4109607,bh,1.72,14.822,10.426,0.004,259.236,1.002,V
2457249.8783738,2015-08-15.3800807,bf,1.40,14.611,10.390,0.006,267.931,1.492,V
2457249.8796752,2015-08-15.3813820,bf,1.47,14.672,10.471,0.006,248.503,1.397,V
2457251.8733958,2015-08-17.3749426,bf,1.49,14.776,10.412,0.004,262.632,1.014,V
2457251.8746969,2015-08-17.3762436,bf,1.61,14.780,10.412,0.004,262.456,1.048,V
2457252.8776955,2015-08-18.3791607,bh,1.52,14.848,10.459,0.005,251.378,1.011,V
2457252.8789963,2015-08-18.3804614,bh,1.56,14.830,10.423,0.005,259.775,1.040,V
2457253.9160296,2015-08-19.4174098,bf,1.47,14.838,10.417,0.004,261.400,0.965,V
2457253.9173415,2015-08-19.4187215,bf,1.42,14.841,10.419,0.004,260.825,0.946,V
2457254.8704836,2015-08-20.3717851,bh,1.47,14.819,10.411,0.005,262.609,1.060,V
2457254.8718819,2015-08-20.3731832,bh,1.47,14.819,10.412,0.005,262.649,1.056,V
2457254.8734401,2015-08-20.3747413,bh,1.42,14.835,10.438,0.005,256.173,1.036,V
2457257.8943728,2015-08-23.3954213,bf,1.43,14.837,10.436,0.004,256.765,0.961,V
2457258.8492353,2015-08-24.3502029,bh,1.69,14.810,10.441,0.004,255.548,1.021,V
2457258.8505248,2015-08-24.3514923,bh,1.58,14.797,10.414,0.004,262.142,1.032,V
2457258.8518128,2015-08-24.3527801,bh,1.76,14.819,10.446,0.004,254.300,1.012,V
2457263.8574945,2015-08-29.3580309,bf,1.51,14.354,10.425,0.009,259.287,2.232,V
2457263.8587869,2015-08-29.3593231,bf,1.44,14.709,10.411,0.005,262.594,1.184,V
2457263.8600814,2015-08-29.3606175,bf,1.47,14.471,10.448,0.006,253.773,1.554,V
2457264.8399226,2015-08-30.3403732,bf,1.48,14.755,10.417,0.005,261.283,1.103,V
2457264.8412060,2015-08-30.3416565,bf,1.48,14.711,10.422,0.005,260.089,1.141,V
2457264.8425002,2015-08-30.3429505,bf,1.44,14.680,10.417,0.005,261.150,1.157,V
2457265.8584416,2015-08-31.3588028,bf,1.45,14.799,10.413,0.004,262.208,1.016,V
2457265.8597283,2015-08-31.3600894,bf,1.46,14.790,10.416,0.005,261.682,1.067,V
2457265.8610326,2015-08-31.3613936,bf,1.50,14.798,10.417,0.004,261.336,1.035,V
2457266.8525286,2015-09-01.3528023,bh,1.40,14.813,10.442,0.005,255.321,1.258,V
2457266.8538147,2015-09-01.3540883,bh,1.38,14.816,10.445,0.005,254.457,1.110,V
2457266.8551036,2015-09-01.3553771,bh,1.38,14.825,10.465,0.005,250.054,1.188,V
2457267.9073940,2015-09-02.4075745,bf,1.42,14.612,10.411,0.005,262.827,1.213,V
2457267.9083636,2015-09-02.4085440,bf,1.38,14.611,10.415,0.005,261.796,1.198,V
2457267.9093034,2015-09-02.4094837,bf,1.43,14.615,10.420,0.005,260.521,1.185,V
2457269.8211461,2015-09-04.3211568,bh,1.31,14.553,10.404,0.006,264.552,1.384,V
2457269.8220969,2015-09-04.3221075,bh,1.34,14.558,10.405,0.006,264.289,1.341,V
2457269.8230760,2015-09-04.3230865,bh,1.32,14.559,10.389,0.006,268.155,1.368,V
2457272.8358322,2015-09-07.3355736,bh,2.28,14.717,10.413,0.005,262.407,1.193,V
2457272.8371182,2015-09-07.3368594,bh,2.28,14.719,10.409,0.005,263.213,1.166,V
2457272.8384080,2015-09-07.3381491,bh,2.35,14.719,10.420,0.005,260.711,1.179,V
2457273.8202783,2015-09-08.3199314,bf,1.55,14.784,10.397,0.004,266.158,1.020,V
2457273.8215652,2015-09-08.3212182,bf,1.50,14.796,10.409,0.004,263.229,0.989,V
2457273.8228614,2015-09-08.3225142,bf,1.47,14.794,10.403,0.004,264.694,0.997,V
2457276.8805858,2015-09-11.3799636,bh,1.37,14.634,10.403,0.004,264.629,1.186,V
2457276.8815317,2015-09-11.3809094,bh,1.34,14.637,10.409,0.005,263.256,1.183,V
2457276.8825062,2015-09-11.3818839,bh,1.36,14.628,10.391,0.004,267.594,1.189,V
2457277.0878816,2015-09-11.5872408,bd,1.52,14.805,10.401,0.005,265.284,1.066,V
2457277.0891362,2015-09-11.5884952,bd,1.49,14.801,10.399,0.005,265.758,1.058,V
2457277.0903847,2015-09-11.5897436,bd,1.52,14.808,10.407,0.005,263.613,1.051,V
2457278.8901286,2015-09-13.3893254,bh,1.29,14.641,10.412,0.004,262.388,1.156,V
2457282.7942770,2015-09-17.2931223,bh,1.76,14.556,10.404,0.006,264.373,1.300,V
2457282.7952077,2015-09-17.2940529,bh,1.74,14.561,10.412,0.005,262.530,1.248,V
2457282.7961568,2015-09-17.2950020,bh,1.79,14.561,10.403,0.005,264.707,1.273,V
2457287.8911545,2015-09-22.3895436,bh,1.70,14.622,10.420,0.005,260.672,1.174,V
2457287.8920904,2015-09-22.3904794,bh,1.69,14.617,10.414,0.005,262.088,1.217,V
2457287.8930082,2015-09-22.3913972,bh,1.66,14.618,10.426,0.005,259.219,1.218,V
2457288.7933178,2015-09-23.2916268,bh,1.40,14.829,10.424,0.004,259.656,1.004,V
2457288.7945920,2015-09-23.2929009,bh,1.42,14.827,10.423,0.004,259.926,0.997,V
2457288.7958695,2015-09-23.2941783,bh,1.41,14.826,10.414,0.004,262.003,1.006,V
2457291.8365856,2015-09-26.3346258,bh,1.40,14.823,10.427,0.005,258.895,1.057,V
2457291.8378610,2015-09-26.3359012,bh,1.33,14.831,10.424,0.004,259.752,1.004,V
2457291.8391395,2015-09-26.3371795,bh,1.37,14.829,10.427,0.004,258.814,1.020,V
2457292.8111296,2015-09-27.3090844,bh,1.42,14.803,10.430,0.005,258.190,1.059,V
2457292.8124099,2015-09-27.3103647,bh,1.44,14.807,10.433,0.005,257.295,1.054,V
2457292.8136894,2015-09-27.3116440,bh,1.39,14.804,10.435,0.005,257.085,1.088,V
2457295.8183904,2015-09-30.3160840,bh,1.32,14.802,10.441,0.005,255.619,1.070,V
2457295.8196522,2015-09-30.3173457,bh,1.30,14.824,10.442,0.005,255.544,1.038,V
2457302.7928342,2015-10-07.2899382,bh,1.40,14.840,10.422,0.004,260.308,0.967,V
2457302.7941851,2015-10-07.2912891,bh,1.40,14.837,10.418,0.004,261.153,0.999,V
2457302.7955432,2015-10-07.2926470,bh,1.39,14.841,10.421,0.004,260.468,1.003,V
2457306.7990406,2015-10-11.2958190,bh,1.46,14.828,10.417,0.004,261.314,1.000,V
2457306.8003279,2015-10-11.2971062,bh,1.41,14.828,10.420,0.004,260.769,1.021,V
2457306.8016050,2015-10-11.2983832,bh,1.45,14.831,10.423,0.004,259.822,1.000,V
2457312.7153920,2015-10-17.2117111,bh,1.40,14.795,10.416,0.004,261.554,1.029,V
2457312.7166804,2015-10-17.2129994,bh,1.39,14.800,10.421,0.004,260.085,1.016,V
2457312.7179536,2015-10-17.2142726,bh,1.42,14.795,10.408,0.004,263.540,1.047,V
2457315.7331096,2015-10-20.2292058,bh,1.62,14.775,10.411,0.004,262.552,1.042,V
2457315.7343946,2015-10-20.2304907,bh,1.64,14.794,10.410,0.004,262.968,1.049,V
2457315.7358456,2015-10-20.2319416,bh,1.68,14.752,10.409,0.005,263.243,1.205,V
2457317.7139640,2015-10-22.2099186,bh,1.40,14.569,10.411,0.005,262.796,1.267,V
2457317.7149033,2015-10-22.2108578,bh,1.40,14.570,10.410,0.005,262.857,1.238,V
2457317.7158410,2015-10-22.2117954,bh,1.40,14.574,10.407,0.005,263.711,1.249,V
2457318.9334910,2015-10-23.4293603,bd,1.47,14.765,10.400,0.005,265.381,1.088,V
2457318.9347298,2015-10-23.4305989,bd,1.45,14.769,10.399,0.005,265.645,1.076,V
2457318.9359884,2015-10-23.4318575,bd,1.45,14.774,10.405,0.004,264.048,1.065,V
2457321.0462632,2015-10-25.5419881,bd,1.46,14.799,10.403,0.004,264.622,1.041,V
2457321.0475257,2015-10-25.5432505,bd,1.51,14.803,10.391,0.005,267.447,1.060,V
2457321.0487776,2015-10-25.5445023,bd,1.50,14.810,10.405,0.005,263.991,1.050,V
2457321.9247682,2015-10-26.4204345,bd,1.58,14.746,10.415,0.005,261.837,1.109,V
2457321.9260225,2015-10-26.4216888,bd,1.53,14.722,10.391,0.005,267.604,1.129,V
2457321.9272770,2015-10-26.4229432,bd,1.51,14.756,10.416,0.005,261.611,1.173,V
2457323.9771424,2015-10-28.4726749,bd,1.57,14.741,10.400,0.005,265.428,1.132,V
2457323.9783977,2015-10-28.4739301,bd,1.58,14.759,10.402,0.005,264.947,1.129,V
2457323.9796376,2015-10-28.4751699,bd,1.63,14.754,10.394,0.004,266.803,1.087,V
2457327.8443371,2015-11-01.3396303,bh,1.44,14.837,10.438,0.004,256.126,1.011,V
2457328.8223954,2015-11-02.3176309,bh,1.39,14.497,10.470,0.006,248.806,1.515,V
2457328.8236913,2015-11-02.3189267,bh,1.36,14.564,10.445,0.007,254.805,1.526,V
2457328.8249780,2015-11-02.3202133,bh,1.37,14.704,10.438,0.005,256.266,1.237,V
2457329.8033825,2015-11-03.2985611,bh,1.54,14.826,10.428,0.004,258.595,1.004,V
2457329.8046724,2015-11-03.2998509,bh,1.55,14.828,10.435,0.004,256.885,0.990,V
2457329.8059597,2015-11-03.3011382,bh,1.51,14.827,10.429,0.004,258.424,0.996,V
2457332.8158943,2015-11-06.3109058,bh,1.37,14.869,10.442,0.004,255.249,0.953,V
2457332.8171845,2015-11-06.3121959,bh,1.35,14.863,10.427,0.004,258.858,0.966,V
2457332.8184713,2015-11-06.3134827,bh,1.33,14.863,10.427,0.004,258.874,0.969,V
2457335.7802961,2015-11-09.2751544,bh,1.38,14.488,10.406,0.006,263.954,1.477,V
2457335.7815761,2015-11-09.2764343,bh,1.37,14.370,10.417,0.007,261.292,1.620,V
2457335.7828578,2015-11-09.2777160,bh,1.40,14.155,10.431,0.010,257.906,2.378,V
2457336.8386414,2015-11-10.3334479,bh,1.54,14.838,10.417,0.004,261.300,0.959,V
2457336.8399420,2015-11-10.3347484,bh,1.48,14.838,10.423,0.004,260.025,0.965,V
2457336.8412456,2015-11-10.3360519,bh,1.58,14.838,10.423,0.004,259.926,0.971,V
2457341.8380517,2015-11-15.3326337,bh,1.31,14.842,10.404,0.004,264.371,0.963,V
2457341.8393364,2015-11-15.3339184,bh,1.29,14.848,10.418,0.004,260.850,0.968,V
2457341.8406236,2015-11-15.3352055,bh,1.32,14.842,10.403,0.004,264.686,0.979,V
2457346.7249292,2015-11-20.2193261,bh,1.35,14.853,10.429,0.004,258.525,0.976,V
2457346.7262123,2015-11-20.2206091,bh,1.32,14.838,10.401,0.004,265.193,1.018,V
2457346.7275042,2015-11-20.2219009,bh,1.29,14.849,10.421,0.004,260.291,0.986,V
2457348.7141858,2015-11-22.2085173,bh,1.45,14.820,10.399,0.004,265.497,1.009,V
2457348.7154642,2015-11-22.2097957,bh,1.39,14.824,10.394,0.004,266.921,1.028,V
2457348.7167504,2015-11-22.2110818,bh,1.44,14.827,10.406,0.004,263.830,1.023,V
2457350.7117922,2015-11-24.2060641,bh,1.36,14.801,10.412,0.005,262.450,1.087,V
2457350.7130796,2015-11-24.2073514,bh,1.36,14.773,10.387,0.005,268.450,1.107,V
2457350.7143752,2015-11-24.2086469,bh,1.35,14.800,10.408,0.005,263.415,1.069,V
2457355.8142886,2015-11-29.3084355,bh,1.34,14.784,10.391,0.004,267.664,1.064,V
2457355.8155669,2015-11-29.3097138,bh,1.38,14.799,10.392,0.004,267.318,1.044,V
2457355.8168564,2015-11-29.3110032,bh,1.35,14.793,10.399,0.004,265.793,1.049,V
2457356.6332904,2015-11-30.1274210,bh,1.42,14.799,10.386,0.005,268.799,1.061,V
2457356.6345786,2015-11-30.1287092,bh,1.37,14.804,10.392,0.005,267.300,1.066,V
2457356.6358691,2015-11-30.1299996,bh,1.41,14.788,10.379,0.005,270.484,1.087,V
2457360.6281691,2015-12-04.1222351,bh,1.90,14.769,10.395,0.004,266.584,1.027,V
2457360.6294689,2015-12-04.1235348,bh,1.87,14.766,10.398,0.004,265.922,1.069,V
2457360.6307528,2015-12-04.1248187,bh,1.91,14.760,10.400,0.005,265.347,1.089,V
2457363.8077198,2015-12-07.3017524,bh,1.34,14.822,10.396,0.004,266.537,1.002,V
2457363.8090112,2015-12-07.3030438,bh,1.33,14.817,10.382,0.004,269.846,0.980,V
2457363.8102948,2015-12-07.3043274,bh,1.33,14.822,10.394,0.004,266.793,1.002,V
2457367.7720741,2015-12-11.2660879,bh,1.41,14.812,10.393,0.004,267.216,1.013,V
2457367.7733625,2015-12-11.2673762,bh,1.44,14.818,10.403,0.004,264.550,0.968,V
2457367.7746514,2015-12-11.2686651,bh,1.48,14.817,10.400,0.004,265.274,0.967,V
2457371.7584023,2015-12-15.2524226,bh,1.45,14.822,10.397,0.004,266.148,0.994,V
2457371.7596881,2015-12-15.2537085,bh,1.46,14.824,10.394,0.004,266.799,0.967,V
2457371.7609626,2015-12-15.2549830,bh,1.45,14.825,10.396,0.004,266.395,0.974,V
2457373.8129106,2015-12-17.3069445,bh,1.51,14.812,10.402,0.004,264.811,1.012,V
2457373.8141884,2015-12-17.3082222,bh,1.51,14.810,10.402,0.004,265.040,1.003,V
2457373.8154784,2015-12-17.3095122,bh,1.49,14.812,10.407,0.004,263.818,1.019,V
2457375.8254022,2015-12-19.3194558,bh,1.35,14.796,10.406,0.004,264.085,1.009,V
2457375.8266817,2015-12-19.3207353,bh,1.38,14.794,10.402,0.005,264.799,1.055,V
2457375.8279538,2015-12-19.3220074,bh,1.36,14.795,10.416,0.004,261.345,0.996,V
2457376.5649409,2015-12-20.0590033,bh,1.77,14.768,10.409,0.004,263.202,1.058,V
2457376.5662402,2015-12-20.0603027,bh,1.74,14.771,10.404,0.004,264.255,1.041,V
2457376.5675136,2015-12-20.0615761,bh,1.66,14.779,10.415,0.004,261.752,1.036,V
2457377.8182401,2015-12-21.3123196,bh,1.31,14.800,10.409,0.004,263.141,0.995,V
2457377.8195249,2015-12-21.3136044,bh,1.34,14.794,10.402,0.005,264.891,1.061,V
2457377.8208181,2015-12-21.3148976,bh,1.34,14.792,10.404,0.004,264.390,1.021,V
2457378.7651793,2015-12-22.2592733,bh,1.38,14.805,10.405,0.005,264.266,1.083,V
2457378.7664619,2015-12-22.2605559,bh,1.32,14.804,10.404,0.004,264.341,1.037,V
2457378.7677418,2015-12-22.2618358,bh,1.29,14.807,10.420,0.005,260.594,1.080,V
2457385.7980367,2015-12-29.2922825,bh,1.40,14.751,10.414,0.004,262.200,1.046,V
2457385.7993133,2015-12-29.2935592,bh,1.40,14.754,10.412,0.005,262.643,1.087,V
2457386.7215769,2015-12-30.2158483,bh,1.29,14.817,10.412,0.005,262.552,1.041,V
2457386.7228664,2015-12-30.2171378,bh,1.28,14.829,10.428,0.004,258.697,1.001,V
2457386.7241524,2015-12-30.2184238,bh,1.32,14.816,10.410,0.004,262.967,1.031,V
2457387.6029233,2015-12-31.0972204,bh,1.29,14.834,10.424,0.004,259.741,1.000,V
2457387.6042108,2015-12-31.0985079,bh,1.34,14.827,10.407,0.004,263.655,1.012,V
2457387.6054968,2015-12-31.0997939,bh,1.36,14.820,10.397,0.004,266.124,1.011,V
2457390.6739483,2016-01-03.1683441,bh,1.33,14.837,10.402,0.004,264.896,0.991,V
2457394.6428851,2016-01-07.1374293,bh,1.34,14.837,10.417,0.004,261.213,0.991,V
2457394.6441748,2016-01-07.1387190,bh,1.32,14.844,10.430,0.004,258.154,0.971,V
2457394.6454645,2016-01-07.1400087,bh,1.40,14.852,10.437,0.004,256.424,0.970,V
2457395.7145195,2016-01-08.2091077,bd,2.47,14.720,10.409,0.005,263.175,1.121,V
2457395.7157751,2016-01-08.2103635,bd,2.44,14.728,10.413,0.005,262.114,1.168,V
2457396.7674213,2016-01-09.2620545,bh,1.62,14.785,10.421,0.004,260.190,1.021,V
2457396.7687088,2016-01-09.2633420,bh,1.57,14.784,10.425,0.004,259.557,1.042,V
2457396.7699857,2016-01-09.2646190,bh,1.54,14.785,10.415,0.004,261.745,1.001,V
2457397.7101118,2016-01-10.2047866,bd,1.61,14.760,10.411,0.005,262.676,1.083,V
2457397.7113613,2016-01-10.2060361,bd,1.60,14.770,10.407,0.004,263.838,1.071,V
2457397.7126110,2016-01-10.2072858,bd,1.57,14.785,10.419,0.004,260.948,1.045,V
2457398.7568524,2016-01-11.2515747,bh,1.33,14.801,10.411,0.004,262.751,1.022,V
2457400.7563213,2016-01-13.2511387,bh,1.40,14.485,10.411,0.006,262.603,1.412,V
2457400.7576066,2016-01-13.2524242,bh,1.38,14.453,10.423,0.007,259.881,1.640,V
2457401.7525942,2016-01-14.2474611,bh,1.44,14.796,10.439,0.004,255.816,1.023,V
2457401.7538831,2016-01-14.2487501,bh,1.40,14.784,10.414,0.004,261.856,1.039,V
2457401.7551630,2016-01-14.2500301,bh,1.40,14.784,10.414,0.004,262.096,1.016,V
2457403.7361441,2016-01-16.2311135,bh,1.36,14.800,10.415,0.004,261.838,1.027,V
2457403.7374364,2016-01-16.2324058,bh,1.36,14.807,10.425,0.004,259.515,1.006,V
2457403.7387306,2016-01-16.2337001,bh,1.36,14.799,10.416,0.004,261.533,1.001,V
2457404.5806378,2016-01-17.0756523,bh,1.35,14.832,10.413,0.005,262.301,1.035,V
2457404.5819248,2016-01-17.0769394,bh,1.34,14.853,10.450,0.005,253.388,1.024,V
2457404.5832148,2016-01-17.0782295,bh,1.37,14.839,10.421,0.004,260.414,1.010,V
2457405.7438016,2016-01-18.2388800,bh,1.33,14.789,10.420,0.004,260.598,1.040,V
2457405.7450804,2016-01-18.2401588,bh,1.34,14.796,10.444,0.005,254.938,1.045,V
2457405.7463743,2016-01-18.2414528,bh,1.36,14.777,10.408,0.004,263.600,1.027,V
2457406.7236752,2016-01-19.2188086,bh,1.47,14.758,10.410,0.005,262.894,1.097,V
2457406.7249466,2016-01-19.2200800,bh,1.48,14.762,10.427,0.005,258.816,1.082,V
2457406.7262377,2016-01-19.2213712,bh,1.51,14.753,10.408,0.005,263.493,1.090,V
2457409.8525346,2016-01-22.3478516,bd,1.72,14.742,10.398,0.005,265.943,1.102,V
2457409.8550508,2016-01-22.3503680,bd,1.77,14.765,10.401,0.005,265.331,1.114,V
2457411.8656615,2016-01-24.3611030,bd,1.49,14.801,10.407,0.005,263.613,1.063,V
2457411.8669161,2016-01-24.3623577,bd,1.48,14.794,10.404,0.005,264.399,1.056,V
2457411.8681660,2016-01-24.3636076,bd,1.50,14.799,10.415,0.004,261.740,1.033,V
2457415.7121478,2016-01-28.2078401,bh,1.31,14.773,10.426,0.004,259.363,1.064,V
2457415.7134377,2016-01-28.2091301,bh,1.33,14.783,10.438,0.005,256.364,1.102,V
2457415.7147120,2016-01-28.2104045,bh,1.33,14.776,10.417,0.005,261.332,1.129,V
2457416.6935094,2016-01-29.1892683,bh,1.32,14.786,10.412,0.004,262.581,1.042,V
2457416.6947919,2016-01-29.1905509,bh,1.32,14.790,10.415,0.004,261.820,1.052,V
2457416.6960839,2016-01-29.1918430,bh,1.37,14.787,10.415,0.004,261.821,1.039,V
2457418.6202573,2016-01-31.1161499,bh,1.36,14.828,10.401,0.004,265.114,0.982,V
2457418.6215333,2016-01-31.1174259,bh,1.37,14.829,10.411,0.004,262.727,1.016,V
2457418.6228212,2016-01-31.1187139,bh,1.37,14.823,10.401,0.004,264.975,1.012,V
2457420.8592400,2016-02-02.3552927,bd,1.48,14.830,10.399,0.004,265.483,0.994,V
2457420.8604887,2016-02-02.3565415,bd,1.45,14.834,10.406,0.004,263.932,0.982,V
2457420.8617404,2016-02-02.3577933,bd,1.49,14.827,10.397,0.004,266.101,1.004,V
2457422.6256849,2016-02-04.1218674,bh,1.29,14.817,10.400,0.004,265.241,1.005,V
2457422.6269853,2016-02-04.1231679,bh,1.32,14.821,10.404,0.004,264.437,0.965,V
2457422.6282745,2016-02-04.1244572,bh,1.33,14.818,10.401,0.004,264.986,1.015,V
2457423.6583328,2016-02-05.1545926,bh,1.36,14.568,10.406,0.005,263.795,1.234,V
2457423.6592740,2016-02-05.1555339,bh,1.38,14.569,10.414,0.005,261.949,1.247,V
2457423.6602114,2016-02-05.1564714,bh,1.35,14.573,10.422,0.005,260.023,1.221,V
2457424.8565917,2016-02-06.3529424,bd,1.45,14.825,10.403,0.004,264.515,0.987,V
2457424.8578486,2016-02-06.3541994,bd,1.44,14.830,10.409,0.004,263.207,0.995,V
2457424.8591018,2016-02-06.3554527,bd,1.45,14.828,10.408,0.004,263.513,0.989,V
2457426.6715221,2016-02-08.1680130,bh,1.38,14.783,10.414,0.004,261.883,1.007,V
2457426.6728300,2016-02-08.1693209,bh,1.39,14.779,10.408,0.004,263.576,1.030,V
2457426.6741062,2016-02-08.1705972,bh,1.38,14.783,10.420,0.004,260.505,1.050,V
2457428.6781298,2016-02-10.1747788,bh,1.47,14.780,10.395,0.004,266.559,1.034,V
2457428.6794129,2016-02-10.1760620,bh,1.46,14.793,10.425,0.004,259.391,1.020,V
2457428.6806996,2016-02-10.1773488,bh,1.50,14.783,10.400,0.004,265.275,1.014,V
2457429.6549077,2016-02-11.1516347,bh,1.37,14.804,10.408,0.004,263.594,0.997,V
2457429.6561937,2016-02-11.1529209,bh,1.41,14.800,10.405,0.004,264.310,1.025,V
2457429.6574841,2016-02-11.1542114,bh,1.40,14.803,10.416,0.004,261.619,1.039,V
2457431.6601503,2016-02-13.1570400,bh,1.31,14.795,10.406,0.005,263.927,1.058,V
2457431.6614488,2016-02-13.1583386,bh,1.32,14.790,10.400,0.004,265.462,1.016,V
2457431.6627247,2016-02-13.1596146,bh,1.33,14.801,10.429,0.004,258.466,1.013,V
2457433.6526658,2016-02-15.1497198,bh,1.39,14.793,10.409,0.004,263.167,1.028,V
2457433.6539437,2016-02-15.1509979,bh,1.36,14.788,10.400,0.004,265.492,1.024,V
2457433.6552275,2016-02-15.1522818,bh,1.37,14.790,10.404,0.004,264.303,1.047,V
2457437.6503949,2016-02-19.1477863,bh,1.38,14.747,10.404,0.005,264.441,1.118,V
2457437.6516876,2016-02-19.1490792,bh,1.42,14.754,10.427,0.004,258.875,1.076,V
2457437.6529757,2016-02-19.1503674,bh,1.36,14.742,10.407,0.005,263.506,1.163,V
2457439.6369303,2016-02-21.1344928,bh,1.35,14.751,10.416,0.005,261.432,1.134,V
2457439.6382171,2016-02-21.1357797,bh,1.38,14.743,10.395,0.005,266.573,1.127,V
2457439.6395077,2016-02-21.1370703,bh,1.37,14.745,10.410,0.005,263.013,1.155,V
2457440.8068760,2016-02-22.3045400,bd,1.64,14.767,10.391,0.005,267.460,1.130,V
2457440.8081422,2016-02-22.3058063,bd,1.59,14.773,10.398,0.005,266.018,1.125,V
2457440.8093989,2016-02-22.3070632,bd,1.63,14.756,10.395,0.005,266.434,1.148,V
2457442.6252984,2016-02-24.1231217,bh,1.39,14.727,10.393,0.005,266.898,1.186,V
2457442.6265840,2016-02-24.1244073,bh,1.37,14.748,10.424,0.005,259.718,1.148,V
2457442.6278615,2016-02-24.1256850,bh,1.42,14.741,10.430,0.005,258.153,1.118,V
2457444.7922540,2016-02-26.2902687,bd,1.54,14.822,10.406,0.004,264.131,1.018,V
2457444.7935054,2016-02-26.2915203,bd,1.56,14.815,10.394,0.004,266.739,0.969,V
2457444.7947586,2016-02-26.2927735,bd,1.54,14.822,10.404,0.004,264.491,1.006,V
2457445.6270734,2016-02-27.1251625,bh,1.37,14.754,10.415,0.005,261.706,1.116,V
2457445.6283636,2016-02-27.1264528,bh,1.38,14.748,10.409,0.005,263.162,1.116,V
2457445.6296612,2016-02-27.1277505,bh,1.34,14.755,10.419,0.004,260.644,1.072,V
2457446.5829306,2016-02-28.0811050,bh,1.31,14.810,10.408,0.004,263.522,1.014,V
2457446.5842081,2016-02-28.0823826,bh,1.32,14.816,10.422,0.004,259.966,0.987,V
2457446.5854866,2016-02-28.0836612,bh,1.29,14.806,10.405,0.004,264.169,1.042,V
2457447.7241039,2016-02-29.2223804,bd,1.85,14.803,10.407,0.005,263.666,1.061,V
2457447.7253492,2016-02-29.2236258,bd,1.80,14.811,10.413,0.004,262.396,1.020,V
2457447.7266060,2016-02-29.2248828,bd,1.71,14.815,10.414,0.004,262.018,0.997,V
2457448.6167877,2016-03-01.1151446,bh,1.37,14.787,10.409,0.004,263.342,1.037,V
2457448.6180755,2016-03-01.1164325,bh,1.36,14.793,10.418,0.004,261.017,1.047,V
2457448.6193617,2016-03-01.1177188,bh,1.40,14.787,10.414,0.004,262.156,1.015,V
2457450.7723967,2016-03-03.2709481,bd,1.68,14.811,10.405,0.005,264.130,1.060,V
2457450.7736607,2016-03-03.2722122,bd,1.71,14.820,10.413,0.004,262.118,1.024,V
2457450.7749095,2016-03-03.2734611,bd,1.69,14.815,10.410,0.004,262.976,1.026,V
2457452.6081887,2016-03-05.1069066,bh,1.36,14.784,10.404,0.004,264.635,1.041,V
2457452.6094722,2016-03-05.1081903,bh,1.38,14.786,10.408,0.004,263.421,1.048,V
2457452.6107496,2016-03-05.1094678,bh,1.41,14.784,10.411,0.004,262.966,1.037,V
2457455.7330364,2016-03-08.2320387,bd,1.67,14.432,10.393,0.006,267.104,1.491,V
2457455.7342920,2016-03-08.2332945,bd,1.67,14.069,10.406,0.008,263.798,2.047,V
2457455.7355354,2016-03-08.2345379,bd,1.81,14.440,10.400,0.006,265.227,1.549,V
2457457.5221696,2016-03-10.0213351,bh,1.45,14.815,10.412,0.004,262.415,1.011,V
2457457.5234473,2016-03-10.0226130,bh,1.52,14.803,10.398,0.004,265.828,1.033,V
2457457.5247334,2016-03-10.0238992,bh,1.44,14.806,10.403,0.004,264.637,1.044,V
2457461.7273617,2016-03-14.2269106,bd,1.96,14.805,10.403,0.005,264.730,1.073,V
2457461.7286029,2016-03-14.2281519,bd,1.79,14.803,10.415,0.004,261.922,1.015,V
2457462.1129834,2016-03-14.6125678,bd,1.88,14.802,10.411,0.005,262.831,1.062,V
2457464.5127354,2016-03-17.0125373,bh,1.71,14.451,10.399,0.006,265.747,1.522,V
2457464.5140189,2016-03-17.0138209,bh,1.79,14.128,10.426,0.008,259.237,1.992,V
2457464.5153083,2016-03-17.0151104,bh,1.62,14.369,10.429,0.009,258.596,1.994,V
2457466.5603922,2016-03-19.0603791,bh,1.33,14.558,10.441,0.006,255.368,1.287,V
2457466.5613391,2016-03-19.0613261,bh,1.31,14.545,10.416,0.006,261.734,1.321,V
2457466.5622693,2016-03-19.0622564,bh,1.33,14.540,10.412,0.006,262.506,1.309,V
2457468.5436116,2016-03-21.0437768,bh,1.35,14.776,10.410,0.005,262.797,1.144,V
2457468.5448963,2016-03-21.0450616,bh,1.35,14.782,10.426,0.004,259.051,1.054,V
2457468.5461861,2016-03-21.0463515,bh,1.37,14.792,10.451,0.005,253.215,1.099,V
2457470.5414725,2016-03-23.0418161,bh,1.42,14.758,10.437,0.005,256.620,1.109,V
2457470.5427707,2016-03-23.0431144,bh,1.38,14.765,10.422,0.005,259.976,1.108,V
2457470.5440719,2016-03-23.0444158,bh,1.37,14.776,10.457,0.005,251.774,1.079,V
2457475.4933074,2016-03-27.9940869,bh,1.52,14.810,10.426,0.004,259.027,1.002,V
2457475.4945953,2016-03-27.9953749,bh,1.47,14.804,10.410,0.004,262.974,1.007,V
2457475.4958830,2016-03-27.9966627,bh,1.47,14.797,10.399,0.004,265.609,1.047,V
2457479.5250435,2016-04-01.0261696,bh,1.49,14.777,10.400,0.004,265.322,1.051,V
2457479.5263268,2016-04-01.0274531,bh,1.48,14.778,10.399,0.004,265.806,1.053,V
2457479.5276193,2016-04-01.0287457,bh,1.47,14.779,10.407,0.004,263.872,1.055,V
2457481.5155244,2016-04-03.0168184,bh,1.33,14.808,10.426,0.005,258.997,1.056,V
2457481.5168111,2016-04-03.0181052,bh,1.32,14.790,10.393,0.004,267.018,1.047,V
2457481.5180990,2016-04-03.0193932,bh,1.33,14.788,10.400,0.005,265.548,1.114,V
2457485.4960453,2016-04-06.9976674,bh,1.33,14.801,10.410,0.004,263.044,1.046,V
2457485.4973338,2016-04-06.9989561,bh,1.37,14.800,10.410,0.004,262.887,1.040,V
2457485.4986244,2016-04-07.0002468,bh,1.33,14.800,10.416,0.004,261.565,1.027,V
2457486.4873820,2016-04-07.9890841,bh,1.36,14.806,10.434,0.005,257.232,1.054,V
2457486.4886699,2016-04-07.9903721,bh,1.33,14.800,10.422,0.004,260.235,1.018,V
2457486.4899704,2016-04-07.9916728,bh,1.37,14.785,10.392,0.005,267.278,1.080,V
2457589.9338188,2016-07-20.4372344,bh,1.36,14.674,10.401,0.005,265.265,1.280,V
2457589.9351205,2016-07-20.4385361,bh,1.34,14.699,10.412,0.005,262.586,1.237,V
2457589.9364045,2016-07-20.4398199,bh,1.35,14.694,10.415,0.005,261.722,1.235,V
2457592.9272372,2016-07-23.4304825,bh,1.51,14.739,10.415,0.005,261.611,1.125,V
2457592.9285211,2016-07-23.4317665,bh,1.48,14.739,10.405,0.005,264.166,1.240,V
2457592.9298228,2016-07-23.4330681,bh,1.46,14.739,10.427,0.005,258.931,1.182,V
2457602.9114312,2016-08-02.4140372,bh,1.35,14.775,10.425,0.005,259.258,1.070,V
2457602.9127340,2016-08-02.4153398,bh,1.39,14.774,10.417,0.005,261.370,1.106,V
2457602.9140223,2016-08-02.4166281,bh,1.38,14.784,10.431,0.005,257.832,1.104,V
2457606.9014368,2016-08-06.4037591,bh,1.50,14.757,10.428,0.005,258.664,1.092,V
2457606.9027366,2016-08-06.4050587,bh,1.51,14.760,10.426,0.004,259.172,1.064,V
2457606.9040265,2016-08-06.4063485,bh,1.51,14.757,10.428,0.005,258.710,1.116,V
2457608.8984058,2016-08-08.4005807,bh,1.44,14.777,10.434,0.004,257.322,1.040,V
2457608.8997031,2016-08-08.4018778,bh,1.43,14.760,10.405,0.005,264.138,1.086,V
2457608.9009924,2016-08-08.4031671,bh,1.41,14.762,10.399,0.005,265.695,1.128,V
2457612.8856129,2016-08-12.3874837,bh,1.57,14.764,10.405,0.004,264.244,1.049,V
2457612.8868951,2016-08-12.3887657,bh,1.54,14.768,10.418,0.004,261.119,1.063,V
2457612.8881439,2016-08-12.3900145,bh,1.60,14.772,10.421,0.005,260.157,1.087,V
2457616.8938627,2016-08-16.3954157,bh,1.34,14.769,10.385,0.005,269.016,1.140,V
2457616.8951521,2016-08-16.3967049,bh,1.40,14.783,10.415,0.005,261.750,1.142,V
2457616.8964497,2016-08-16.3980024,bh,1.40,14.769,10.391,0.005,267.447,1.104,V
2457617.8722143,2016-08-17.3736880,bh,1.48,14.724,10.424,0.005,259.551,1.157,V
2457617.8734993,2016-08-17.3749729,bh,1.49,14.722,10.403,0.005,264.654,1.203,V
2457617.8748028,2016-08-17.3762763,bh,1.48,14.736,10.414,0.005,262.031,1.142,V
2457619.8690191,2016-08-19.3703292,bh,1.84,14.662,10.387,0.005,268.760,1.252,V
2457619.8703165,2016-08-19.3716265,bh,1.87,14.670,10.397,0.005,266.293,1.242,V
2457619.8716080,2016-08-19.3729178,bh,1.88,14.238,10.419,0.008,260.770,2.075,V
2457620.9034556,2016-08-20.4046799,bh,2.41,14.677,10.411,0.005,262.518,1.180,V
2457620.9047568,2016-08-20.4059810,bh,2.50,14.659,10.426,0.005,259.213,1.265,V
2457620.9060425,2016-08-20.4072666,bh,2.46,14.674,10.415,0.005,261.779,1.237,V
2457622.8965415,2016-08-22.3975989,bh,1.68,14.758,10.395,0.004,266.642,1.050,V
2457622.8978198,2016-08-22.3988771,bh,1.69,14.767,10.404,0.004,264.484,1.037,V
2457622.8991082,2016-08-22.4001654,bh,1.66,14.768,10.396,0.004,266.331,1.055,V
2457625.8977447,2016-08-25.3985467,bh,1.46,14.780,10.398,0.005,265.737,1.112,V
2457625.8990200,2016-08-25.3998219,bh,1.44,14.786,10.412,0.005,262.555,1.080,V
2457625.9003090,2016-08-25.4011108,bh,1.42,14.790,10.425,0.005,259.394,1.067,V
2457629.8617353,2016-08-29.3621938,bh,1.40,14.779,10.398,0.005,265.768,1.104,V
2457629.8630113,2016-08-29.3634696,bh,1.43,14.772,10.389,0.005,267.948,1.125,V
2457629.8642998,2016-08-29.3647580,bh,1.41,14.768,10.380,0.004,270.309,1.072,V
2457631.8943953,2016-08-31.3946751,bh,1.37,14.796,10.390,0.005,267.953,1.093,V
2457631.8956799,2016-08-31.3959597,bh,1.35,14.798,10.389,0.005,268.262,1.090,V
2457631.8969594,2016-08-31.3972390,bh,1.38,14.798,10.385,0.005,269.050,1.102,V
2457634.8836795,2016-09-03.3836944,bh,1.43,14.788,10.393,0.005,267.093,1.069,V
2457634.8849695,2016-09-03.3849843,bh,1.43,14.792,10.409,0.005,263.084,1.092,V
2457634.8862544,2016-09-03.3862691,bh,1.43,14.784,10.389,0.005,268.136,1.102,V
2457637.8197860,2016-09-06.3195387,bh,1.46,14.753,10.374,0.004,272.017,1.088,V
2457637.8210747,2016-09-06.3208273,bh,1.41,14.750,10.382,0.004,270.005,1.072,V
2457637.8223499,2016-09-06.3221024,bh,1.43,14.745,10.379,0.005,270.588,1.136,V
2457638.8512799,2016-09-07.3509401,bh,1.38,14.777,10.381,0.005,269.984,1.143,V
2457638.8525708,2016-09-07.3522309,bh,1.32,14.786,10.395,0.005,266.467,1.082,V
2457638.8538539,2016-09-07.3535139,bh,1.32,14.803,10.433,0.005,257.319,1.145,V
2457640.8249835,2016-09-09.3244664,bh,1.42,14.767,10.400,0.004,265.522,1.072,V
2457640.8262896,2016-09-09.3257724,bh,1.45,14.772,10.408,0.004,263.637,1.044,V
2457640.8275731,2016-09-09.3270557,bh,1.47,14.756,10.368,0.005,273.352,1.126,V
2457643.8043504,2016-09-12.3035651,bh,1.69,14.655,10.378,0.005,271.038,1.241,V
2457643.8056490,2016-09-12.3048636,bh,1.79,14.662,10.389,0.005,268.260,1.210,V
2457643.8069461,2016-09-12.3061606,bh,1.72,14.660,10.382,0.005,269.949,1.203,V
2457647.7945767,2016-09-16.2934324,bh,1.33,14.734,10.488,0.005,244.707,1.203,V
2457647.7958507,2016-09-16.2947063,bh,1.34,14.753,10.493,0.005,243.720,1.182,V
2457647.7971288,2016-09-16.2959843,bh,1.34,14.745,10.478,0.005,247.008,1.209,V
2457650.7919117,2016-09-19.2904986,bh,1.42,14.696,10.445,0.005,254.668,1.189,V
2457650.7931994,2016-09-19.2917862,bh,1.39,14.685,10.430,0.005,258.304,1.167,V
2457650.7944864,2016-09-19.2930731,bh,1.46,14.714,10.454,0.005,252.411,1.181,V
2457652.8242647,2016-09-21.3226702,bh,1.53,14.762,10.428,0.005,258.602,1.116,V
2457657.0603187,2016-09-25.5583492,bd,1.52,14.783,10.392,0.004,267.392,1.060,V
2457657.0615972,2016-09-25.5596275,bd,1.51,14.780,10.397,0.005,266.156,1.070,V
2457657.0628407,2016-09-25.5608710,bd,1.50,14.781,10.396,0.004,266.283,1.050,V
2457659.7623872,2016-09-28.2601816,bh,1.36,14.795,10.467,0.005,249.627,1.077,V
2457659.7636853,2016-09-28.2614796,bh,1.33,14.793,10.463,0.005,250.364,1.083,V
2457659.7649784,2016-09-28.2627725,bh,1.31,14.777,10.427,0.005,258.896,1.125,V
2457661.7794693,2016-09-30.2770893,bh,1.37,14.592,10.425,0.006,259.295,1.352,V
2457661.7807600,2016-09-30.2783798,bh,1.37,14.606,10.448,0.006,253.922,1.275,V
2457661.7820493,2016-09-30.2796691,bh,1.40,14.611,10.409,0.006,263.208,1.273,V
2457662.7801205,2016-10-01.2776547,bh,1.32,14.780,10.408,0.005,263.530,1.100,V
2457662.7814121,2016-10-01.2789462,bh,1.35,14.787,10.422,0.005,260.015,1.096,V
2457662.7827073,2016-10-01.2802412,bh,1.38,14.785,10.418,0.005,260.913,1.088,V
2457664.7911347,2016-10-03.2884979,bh,1.39,14.782,10.409,0.005,263.154,1.097,V
2457664.7924231,2016-10-03.2897862,bh,1.39,14.797,10.444,0.005,254.796,1.055,V
2457664.7937101,2016-10-03.2910731,bh,1.38,14.780,10.406,0.005,263.923,1.086,V
2457668.7492077,2016-10-07.2462410,bh,1.41,14.782,10.433,0.005,257.558,1.116,V
2457669.9700165,2016-10-08.4669500,bd,1.45,14.732,10.404,0.004,264.455,1.085,V
2457669.9712694,2016-10-08.4682029,bd,1.47,14.732,10.392,0.004,267.469,1.088,V
2457669.9725230,2016-10-08.4694564,bd,1.47,14.735,10.393,0.004,267.101,1.095,V
2457671.0872350,2016-10-09.5840780,bd,1.48,14.800,10.401,0.004,265.338,1.028,V
2457671.0884856,2016-10-09.5853285,bd,1.51,14.799,10.403,0.004,264.680,1.033,V
2457671.0897499,2016-10-09.5865927,bd,1.52,14.799,10.403,0.004,264.785,0.997,V
2457673.9645372,2016-10-12.4611516,bd,1.47,14.757,10.402,0.005,264.883,1.129,V
2457673.9658355,2016-10-12.4624498,bd,1.46,14.754,10.402,0.005,265.074,1.107,V
2457674.8740734,2016-10-13.3706167,bh,1.55,14.798,10.425,0.004,259.301,1.019,V
2457674.8753577,2016-10-13.3719010,bh,1.59,14.789,10.408,0.004,263.414,1.034,V
2457674.8766466,2016-10-13.3731898,bh,1.57,14.795,10.416,0.005,261.385,1.074,V
2457675.9562215,2016-10-14.4526813,bd,1.52,14.725,10.397,0.005,266.344,1.150,V
2457675.9574727,2016-10-14.4539324,bd,1.54,14.736,10.397,0.005,266.105,1.132,V
2457675.9587414,2016-10-14.4552010,bd,1.49,14.736,10.401,0.005,265.093,1.131,V
2457679.0227372,2016-10-17.5189652,bd,1.51,14.760,10.400,0.005,265.436,1.148,V
2457679.0239915,2016-10-17.5202194,bd,1.44,14.773,10.401,0.005,265.244,1.104,V
2457679.0252470,2016-10-17.5214748,bd,1.51,14.760,10.405,0.004,264.190,1.070,V
2457685.0620638,2016-10-23.5578601,bd,1.49,14.682,10.395,0.004,266.632,1.095,V
2457685.0633078,2016-10-23.5591040,bd,1.50,14.664,10.398,0.005,265.942,1.202,V
2457685.0645705,2016-10-23.5603666,bd,1.49,14.703,10.383,0.004,269.478,1.128,V
2457688.0802740,2016-10-26.5758682,bd,1.49,14.802,10.393,0.004,267.032,1.026,V
2457688.0815266,2016-10-26.5771207,bd,1.48,14.805,10.397,0.004,266.123,1.026,V
2457688.0827705,2016-10-26.5783645,bd,1.46,14.802,10.394,0.004,266.766,1.021,V
2457689.7803629,2016-10-28.2758476,bh,1.37,14.802,10.415,0.005,261.793,1.081,V
2457689.7816557,2016-10-28.2771403,bh,1.40,14.805,10.410,0.004,262.949,1.015,V
2457689.7829400,2016-10-28.2784244,bh,1.40,14.799,10.399,0.005,265.697,1.070,V
2457696.0285013,2016-11-03.5236119,bd,1.53,14.802,10.415,0.004,261.639,1.007,V
2457696.0297953,2016-11-03.5249057,bd,1.52,14.800,10.413,0.004,262.165,1.018,V
2457696.0310363,2016-11-03.5261466,bd,1.52,14.802,10.414,0.004,261.886,1.019,V
2457698.9560044,2016-11-06.4509561,bd,1.48,14.797,10.413,0.004,262.340,1.033,V
2457698.9572548,2016-11-06.4522064,bd,1.48,14.799,10.414,0.004,262.001,1.040,V
2457700.6516325,2016-11-08.1464973,bh,1.33,14.757,10.452,0.005,253.155,1.130,V
2457700.6529443,2016-11-08.1478090,bh,1.39,14.746,10.423,0.005,259.736,1.148,V
2457700.6542444,2016-11-08.1491091,bh,1.38,14.748,10.426,0.005,259.245,1.097,V
2457702.8311320,2016-11-10.3258905,bh,1.36,14.783,10.420,0.005,260.733,1.100,V
2457702.8324197,2016-11-10.3271781,bh,1.35,14.780,10.448,0.005,254.011,1.092,V
2457702.8337192,2016-11-10.3284776,bh,1.31,14.785,10.436,0.005,256.832,1.122,V
2457703.8790227,2016-11-11.3737325,bd,1.48,14.747,10.424,0.005,259.652,1.120,V
2457703.8802749,2016-11-11.3749846,bd,1.54,14.753,10.421,0.005,260.267,1.120,V
2457703.8815323,2016-11-11.3762420,bd,1.54,14.747,10.415,0.005,261.641,1.135,V
2457704.8640831,2016-11-12.3587483,bh,1.34,14.664,10.432,0.005,257.644,1.191,V
2457704.8653681,2016-11-12.3600333,bh,1.35,14.592,10.393,0.006,267.241,1.339,V
2457704.8666551,2016-11-12.3613202,bh,1.32,14.460,10.424,0.006,259.530,1.453,V
2457706.8704528,2016-11-14.3650317,bd,1.53,14.689,10.422,0.005,259.923,1.245,V
2457706.8717161,2016-11-14.3662949,bd,1.58,14.688,10.413,0.005,262.248,1.248,V
2457706.8729715,2016-11-14.3675502,bd,1.56,14.685,10.407,0.005,263.866,1.224,V
2457707.8548045,2016-11-15.3493429,bh,1.58,14.682,10.427,0.005,258.929,1.170,V
2457707.8560940,2016-11-15.3506323,bh,1.55,14.679,10.422,0.005,260.070,1.248,V
2457707.8573834,2016-11-15.3519217,bh,1.62,14.672,10.410,0.005,263.021,1.212,V
2457711.0224787,2016-11-18.5168965,bd,1.56,14.804,10.428,0.005,258.521,1.083,V
2457711.0237347,2016-11-18.5181525,bd,1.60,14.801,10.430,0.005,258.032,1.067,V
2457711.0249882,2016-11-18.5194059,bd,1.55,14.806,10.430,0.005,258.043,1.078,V
2457712.7369623,2016-11-20.2313209,bh,1.50,14.805,10.454,0.004,252.523,1.031,V
2457713.7401574,2016-11-21.2344834,bh,1.67,14.782,10.447,0.005,254.323,1.070,V
2457713.7415308,2016-11-21.2358567,bh,1.63,14.777,10.439,0.005,256.134,1.062,V
2457713.7428770,2016-11-21.2372029,bh,1.63,14.781,10.442,0.004,255.317,1.042,V
2457716.7127359,2016-11-24.2069740,bh,1.72,14.770,10.417,0.004,261.164,1.046,V
2457716.7140284,2016-11-24.2082665,bh,1.68,14.770,10.422,0.004,260.096,1.067,V
2457716.7153126,2016-11-24.2095507,bh,1.67,14.769,10.417,0.004,261.278,1.050,V
2457724.6763575,2016-12-02.1704273,bh,1.33,14.766,10.394,0.005,267.006,1.091,V
2457724.6776402,2016-12-02.1717099,bh,1.36,14.772,10.399,0.005,265.593,1.112,V
2457724.6789779,2016-12-02.1730477,bh,1.34,14.784,10.418,0.005,260.919,1.132,V
2457727.6534972,2016-12-05.1475298,bh,1.36,14.778,10.398,0.005,265.767,1.117,V
2457727.6547883,2016-12-05.1488208,bh,1.36,14.794,10.430,0.005,258.055,1.072,V
2457727.6560757,2016-12-05.1501082,bh,1.34,14.785,10.410,0.005,263.065,1.124,V
2457730.6391815,2016-12-08.1331910,bh,1.39,14.760,10.401,0.005,264.975,1.105,V
2457730.6404710,2016-12-08.1344804,bh,1.42,14.765,10.411,0.005,262.746,1.097,V
2457730.6417238,2016-12-08.1357332,bh,1.41,14.778,10.447,0.005,254.078,1.066,V
2457732.8255475,2016-12-10.3195490,bh,1.64,14.744,10.414,0.004,262.104,1.058,V
2457732.8268342,2016-12-10.3208358,bh,1.70,14.742,10.412,0.004,262.494,1.058,V
2457732.8281201,2016-12-10.3221216,bh,1.73,14.746,10.423,0.004,259.951,1.050,V
2457737.9197541,2016-12-15.4137669,bd,1.54,14.765,10.415,0.005,261.910,1.196,V
2457737.9210046,2016-12-15.4150175,bd,1.47,14.757,10.418,0.005,261.020,1.137,V
2457737.9222486,2016-12-15.4162614,bd,1.50,14.748,10.419,0.005,260.850,1.156,V
2457739.5924017,2016-12-17.0864273,bh,1.48,14.760,10.391,0.005,267.660,1.148,V
2457739.5937011,2016-12-17.0877267,bh,1.47,14.769,10.411,0.005,262.729,1.156,V
2457739.5949906,2016-12-17.0890162,bh,1.43,14.777,10.421,0.005,260.547,1.106,V
2457743.6530599,2016-12-21.1471350,bh,1.35,14.825,10.469,0.005,249.074,1.115,V
2457743.6543578,2016-12-21.1484330,bh,1.36,14.795,10.407,0.005,263.799,1.130,V
2457743.6556597,2016-12-21.1497348,bh,1.31,14.805,10.423,0.005,259.778,1.132,V
2457745.5553445,2016-12-23.0494519,bh,1.52,14.751,10.411,0.005,262.529,1.112,V
2457745.5565863,2016-12-23.0506938,bh,1.47,14.566,10.412,0.006,262.431,1.384,V
2457745.5578624,2016-12-23.0519699,bh,1.49,13.997,10.393,0.018,267.102,4.397,V
2457746.5516659,2016-12-24.0457925,bh,1.40,14.762,10.456,0.005,252.015,1.117,V
2457746.5529522,2016-12-24.0470789,bh,1.39,14.765,10.451,0.005,253.196,1.134,V
2457746.5542628,2016-12-24.0483895,bh,1.39,14.757,10.442,0.005,255.168,1.213,V
2457749.9730575,2016-12-27.4672618,bd,1.71,14.823,10.431,0.005,257.965,1.095,V
2457749.9743081,2016-12-27.4685124,bd,2.08,14.745,10.424,0.005,259.739,1.186,V
2457749.9757125,2016-12-27.4699169,bd,2.02,14.214,10.401,0.009,265.306,2.199,V
2457751.6878059,2016-12-29.1820560,bh,1.37,14.786,10.430,0.005,258.080,1.141,V
2457751.6890973,2016-12-29.1833474,bh,1.40,14.782,10.419,0.005,260.763,1.132,V
2457751.6903909,2016-12-29.1846412,bh,1.42,14.784,10.420,0.005,260.530,1.092,V
2457755.6128012,2017-01-02.1071617,bh,1.76,14.778,10.404,0.004,264.494,1.045,V
2457755.6140823,2017-01-02.1084428,bh,1.83,14.779,10.403,0.004,264.595,1.032,V
2457755.6153809,2017-01-02.1097415,bh,1.78,14.788,10.422,0.004,260.078,1.027,V
2457756.7424413,2017-01-03.2368413,bd,1.50,14.828,10.410,0.005,262.948,1.069,V
2457756.7436839,2017-01-03.2380839,bd,1.46,14.824,10.404,0.005,264.609,1.064,V
2457756.7449473,2017-01-03.2393474,bd,1.50,14.825,10.403,0.005,264.669,1.071,V
2457757.9003543,2017-01-04.3947966,bd,1.46,14.855,10.406,0.004,264.075,0.944,V
2457757.9016189,2017-01-04.3960613,bd,1.50,14.860,10.413,0.004,262.467,0.946,V
2457757.9028713,2017-01-04.3973137,bd,1.48,14.856,10.406,0.004,263.753,0.964,V
2457761.7861916,2017-01-08.2807904,bd,1.60,14.822,10.422,0.005,260.031,1.086,V
2457761.7874469,2017-01-08.2820457,bd,1.57,14.822,10.424,0.005,259.705,1.055,V
2457761.7887124,2017-01-08.2833113,bd,1.52,14.827,10.433,0.005,257.431,1.067,V
2457765.8261469,2017-01-12.3209310,bd,1.48,14.790,10.420,0.005,260.528,1.103,V
2457765.8274111,2017-01-12.3221953,bd,1.50,14.784,10.426,0.005,258.950,1.129,V
2457765.8286741,2017-01-12.3234583,bd,1.53,14.797,10.423,0.005,260.015,1.108,V
2457769.9163012,2017-01-16.4112955,bd,1.55,14.831,10.417,0.005,261.307,1.029,V
2457769.9175543,2017-01-16.4125488,bd,1.54,14.821,10.404,0.004,264.226,1.018,V
2457769.9188014,2017-01-16.4137959,bd,1.61,14.822,10.403,0.005,264.603,1.041,V
2457771.6142031,2017-01-18.1092912,bh,1.30,14.787,10.442,0.005,255.533,1.087,V
2457771.6154783,2017-01-18.1105664,bh,1.31,14.765,10.399,0.005,265.596,1.165,V
2457771.6167794,2017-01-18.1118676,bh,1.30,14.762,10.398,0.005,266.001,1.185,V
2457774.7183216,2017-01-21.2135905,bd,1.84,14.809,10.408,0.004,263.313,1.009,V
2457774.7195755,2017-01-21.2148444,bd,1.86,14.816,10.413,0.004,262.287,1.024,V
2457774.7208419,2017-01-21.2161109,bd,1.85,14.818,10.403,0.004,264.631,1.001,V
2457776.8957632,2017-01-23.3911659,bd,1.46,14.831,10.406,0.004,264.012,0.991,V
2457776.8970195,2017-01-23.3924222,bd,1.46,14.830,10.407,0.004,263.794,1.021,V
2457776.8982693,2017-01-23.3936721,bd,1.46,14.830,10.408,0.004,263.456,1.005,V
2457779.8844515,2017-01-26.3800469,bd,2.03,14.779,10.394,0.004,266.997,1.068,V
2457779.8857038,2017-01-26.3812992,bd,2.11,14.771,10.398,0.005,265.967,1.074,V
2457779.8869697,2017-01-26.3825653,bd,2.14,14.757,10.397,0.004,266.034,1.077,V
2457781.8753543,2017-01-28.3710836,bd,1.50,14.829,10.411,0.004,262.958,0.991,V
2457781.8766333,2017-01-28.3723627,bd,1.49,14.831,10.415,0.004,261.814,1.001,V
2457781.8778996,2017-01-28.3736291,bd,1.48,14.828,10.411,0.004,262.687,0.999,V
2457783.7874396,2017-01-30.2833016,bd,1.66,14.823,10.438,0.005,256.222,1.046,V
2457783.7887077,2017-01-30.2845699,bd,1.65,14.822,10.430,0.005,258.042,1.071,V
2457783.7899837,2017-01-30.2858459,bd,1.67,14.822,10.433,0.005,257.503,1.047,V
2457785.8193379,2017-02-01.3153450,bd,1.44,14.181,10.468,0.007,249.133,1.711,V
2457785.8206063,2017-02-01.3166135,bd,1.52,13.890,10.468,0.010,249.124,2.351,V
2457785.8218751,2017-02-01.3178824,bd,1.48,13.711,10.436,0.012,256.682,2.799,V
2457786.5881435,2017-02-02.0842066,bh,1.33,14.824,10.521,0.005,237.400,1.078,V
2457786.5894517,2017-02-02.0855148,bh,1.30,14.792,10.452,0.005,253.063,1.109,V
2457786.5907516,2017-02-02.0868149,bh,1.31,14.808,10.483,0.005,245.858,1.042,V
2457789.7388455,2017-02-05.2351437,bd,1.51,14.832,10.426,0.004,259.063,1.010,V
2457789.7401254,2017-02-05.2364237,bd,1.49,14.832,10.424,0.005,259.612,1.037,V
2457789.7413960,2017-02-05.2376944,bd,1.52,14.839,10.435,0.004,256.954,1.014,V
2457792.6673409,2017-02-08.1638655,bh,1.50,14.672,10.438,0.005,256.140,1.232,V
2457792.6686429,2017-02-08.1651676,bh,1.49,14.688,10.428,0.005,258.684,1.211,V
2457792.6699515,2017-02-08.1664763,bh,1.50,14.675,10.442,0.005,255.359,1.239,V
2457797.8346288,2017-02-13.3315694,bd,1.56,14.810,10.419,0.004,260.817,1.025,V
2457797.8359169,2017-02-13.3328576,bd,1.57,14.815,10.419,0.005,260.919,1.061,V
2457797.8371954,2017-02-13.3341362,bd,1.57,14.817,10.426,0.004,259.098,1.013,V
2457799.5287960,2017-02-15.0258771,bh,1.53,14.765,10.438,0.005,256.360,1.083,V
2457799.5301026,2017-02-15.0271838,bh,1.57,14.758,10.429,0.005,258.429,1.134,V
2457799.5314048,2017-02-15.0284862,bh,1.56,14.777,10.467,0.005,249.533,1.076,V
2457799.7595560,2017-02-15.2566564,bd,1.42,14.846,10.444,0.004,255.001,0.989,V
2457799.7608321,2017-02-15.2579326,bd,1.43,14.849,10.449,0.004,253.747,0.983,V
2457799.7621097,2017-02-15.2592103,bd,1.48,14.848,10.452,0.004,252.935,0.964,V
2457799.7894885,2017-02-15.2865914,bd,1.51,14.835,10.450,0.004,253.506,1.008,V
2457799.7907666,2017-02-15.2878696,bd,1.49,14.834,10.451,0.004,253.312,1.011,V
2457799.7920381,2017-02-15.2891412,bd,1.50,14.836,10.451,0.004,253.258,0.992,V
2457802.8113567,2017-02-18.3087153,bd,1.41,14.842,10.437,0.004,256.557,0.993,V
2457802.8126357,2017-02-18.3099945,bd,1.44,14.845,10.441,0.004,255.431,0.972,V
2457802.8139120,2017-02-18.3112709,bd,1.44,14.841,10.440,0.004,255.827,0.993,V
2457805.6459840,2017-02-21.1435873,bh,1.41,14.726,10.462,0.005,250.666,1.139,V
2457805.6472751,2017-02-21.1448785,bh,1.41,14.698,10.406,0.005,264.037,1.196,V
2457805.6485851,2017-02-21.1461885,bh,1.40,14.701,10.416,0.005,261.535,1.136,V
2457807.7914779,2017-02-23.2892688,bd,1.51,14.814,10.419,0.005,260.895,1.050,V
2457807.7927543,2017-02-23.2905453,bd,1.60,14.817,10.424,0.005,259.545,1.054,V
2457807.7940280,2017-02-23.2918191,bd,1.54,14.815,10.428,0.005,258.783,1.044,V
2457816.6134354,2017-03-04.1120159,bh,1.34,14.714,10.426,0.005,259.128,1.273,V
2457816.6147339,2017-03-04.1133145,bh,1.38,14.693,10.399,0.005,265.656,1.272,V
2457816.6160420,2017-03-04.1146228,bh,1.33,14.705,10.419,0.005,260.822,1.270,V
2457821.5915014,2017-03-09.0905347,bh,1.45,14.680,10.463,0.006,250.368,1.468,V
2457821.5928115,2017-03-09.0918449,bh,1.45,14.638,10.397,0.006,266.275,1.491,V
2457821.5941093,2017-03-09.0931427,bh,1.34,14.662,10.408,0.006,263.564,1.418,V
2457824.5524042,2017-03-12.0517073,bh,1.36,14.716,10.454,0.006,252.716,1.428,V
2457824.5537112,2017-03-12.0530144,bh,1.35,14.685,10.407,0.005,263.716,1.258,V
2457824.5550488,2017-03-12.0543522,bh,1.39,14.718,10.462,0.005,250.641,1.247,V
2457827.5780698,2017-03-15.0776484,bh,1.48,14.717,10.447,0.005,254.261,1.133,V
2457827.5793737,2017-03-15.0789524,bh,1.47,14.697,10.428,0.005,258.742,1.164,V
2457827.5806812,2017-03-15.0802601,bh,1.48,14.682,10.402,0.005,264.816,1.162,V
2457829.7342836,2017-03-17.2340579,bd,1.98,14.797,10.406,0.004,263.816,1.017,V
2457829.7355628,2017-03-17.2353371,bd,1.97,14.804,10.412,0.004,262.452,0.999,V
2457829.7368472,2017-03-17.2366217,bd,1.99,14.806,10.414,0.004,262.002,0.997,V
2457834.5548909,2017-03-22.0550994,bh,1.82,14.764,10.422,0.005,260.063,1.189,V
2457834.5562060,2017-03-22.0564146,bh,1.90,14.764,10.415,0.005,261.643,1.140,V
2457834.5575021,2017-03-22.0577107,bh,1.79,14.754,10.418,0.005,260.914,1.200,V
2457840.5182567,2017-03-28.0189922,bh,1.45,14.816,10.431,0.004,257.942,1.015,V
2457840.5197269,2017-03-28.0204624,bh,1.42,14.813,10.430,0.004,258.214,0.975,V
2457840.5211860,2017-03-28.0219217,bh,1.41,14.812,10.429,0.004,258.492,0.982,V
2457844.5258169,2017-04-01.0268976,bh,1.39,14.784,10.399,0.004,265.594,1.053,V
2457844.5271376,2017-04-01.0282184,bh,1.39,14.792,10.408,0.004,263.444,1.050,V
2457844.5284032,2017-04-01.0294841,bh,1.41,14.792,10.411,0.004,262.702,1.020,V
2457847.5152028,2017-04-04.0165351,bh,1.48,99.990,99.990,99.990,99.990,99.990,V
2457847.5165125,2017-04-04.0178448,bh,1.55,14.404,10.435,0.007,257.025,1.454,V
2457847.5178099,2017-04-04.0191424,bh,1.54,14.018,10.506,0.013,240.917,2.715,V
2457848.5103537,2017-04-05.0117684,bh,1.36,14.793,10.421,0.005,260.275,1.068,V
2457848.5116635,2017-04-05.0130784,bh,1.40,14.774,10.410,0.004,263.012,1.063,V
2457848.5129771,2017-04-05.0143920,bh,1.37,14.785,10.417,0.004,261.340,1.051,V
2457851.5024539,2017-04-08.0041126,bh,1.44,14.794,10.423,0.005,260.013,1.064,V
2457851.5037217,2017-04-08.0053804,bh,1.40,14.796,10.416,0.005,261.547,1.070,V
2457851.5049852,2017-04-08.0066440,bh,1.45,14.805,10.422,0.005,260.049,1.068,V
2457853.4968723,2017-04-09.9986899,bh,1.69,14.765,10.423,0.005,260.068,1.121,V
2457853.4981350,2017-04-09.9999527,bh,1.68,14.754,10.425,0.004,259.412,1.063,V
2457853.4993977,2017-04-10.0012156,bh,1.67,14.755,10.434,0.005,257.133,1.117,V
2457857.4705423,2017-04-13.9726673,bh,1.93,14.769,10.414,0.005,262.052,1.074,V
2457857.4718516,2017-04-13.9739767,bh,1.93,14.766,10.410,0.004,263.044,1.062,V
2457857.4731228,2017-04-13.9752480,bh,1.89,14.776,10.410,0.004,262.979,1.036,V
2457863.4658461,2017-04-19.9684089,bh,1.46,14.773,10.420,0.004,260.515,1.052,V
2457863.4671193,2017-04-19.9696821,bh,1.47,14.774,10.417,0.005,261.340,1.094,V
2457863.4683756,2017-04-19.9709386,bh,1.43,14.782,10.418,0.004,261.105,1.026,V
2457956.9393057,2017-07-22.4425999,bh,1.45,14.732,10.416,0.005,261.653,1.179,V
2457956.9405661,2017-07-22.4438603,bh,1.49,14.722,10.424,0.005,259.608,1.181,V
2457957.9270724,2017-07-23.4303096,bh,1.39,14.749,10.410,0.005,262.990,1.149,V
2457957.9283460,2017-07-23.4315831,bh,1.39,14.755,10.408,0.005,263.410,1.133,V
2457957.9296201,2017-07-23.4328571,bh,1.39,14.758,10.408,0.005,263.542,1.131,V
2457960.9203096,2017-07-26.4233670,bh,1.62,14.748,10.405,0.005,264.113,1.106,V
2457960.9215673,2017-07-26.4246246,bh,1.59,14.750,10.403,0.005,264.482,1.097,V
2457960.9229166,2017-07-26.4259739,bh,1.62,14.744,10.399,0.004,265.669,1.076,V
2457966.9151014,2017-08-01.4177697,bh,1.50,14.770,10.406,0.005,264.055,1.092,V
2457966.9163551,2017-08-01.4190234,bh,1.52,14.764,10.386,0.005,268.737,1.116,V
2457966.9176194,2017-08-01.4202875,bh,1.52,14.765,10.395,0.005,266.823,1.099,V
2457970.9044305,2017-08-05.4068201,bh,1.39,14.772,10.404,0.004,264.426,1.062,V
2457970.9056902,2017-08-05.4080796,bh,1.42,14.766,10.397,0.005,266.166,1.135,V
2457970.9069564,2017-08-05.4093457,bh,1.43,14.769,10.392,0.005,267.148,1.086,V
2457973.1223542,2017-08-07.6245824,bd,1.53,14.327,10.435,0.008,257.007,1.880,V
2457973.1236182,2017-08-07.6258463,bd,1.52,14.367,10.420,0.007,260.726,1.655,V
2457973.1248966,2017-08-07.6271246,bd,1.52,14.435,10.430,0.007,258.236,1.669,V
2457974.1219473,2017-08-08.6241014,bd,1.51,14.752,10.417,0.005,261.091,1.120,V
2457974.1232166,2017-08-08.6253706,bd,1.50,14.746,10.417,0.005,261.140,1.123,V
2457974.1244839,2017-08-08.6266378,bd,1.59,14.755,10.422,0.005,259.954,1.166,V
2457975.9162196,2017-08-10.4182386,bh,1.64,99.990,99.990,99.990,99.990,99.990,V
2457975.9174865,2017-08-10.4195054,bh,2.27,99.990,99.990,99.990,99.990,99.990,V
2457978.1241351,2017-08-12.6259843,bd,1.53,14.780,10.417,0.005,261.439,1.074,V
2457978.1254020,2017-08-12.6272511,bd,1.50,14.784,10.412,0.005,262.529,1.062,V
2457978.1266859,2017-08-12.6285349,bd,1.52,14.778,10.414,0.005,262.048,1.101,V
2457980.8787033,2017-08-15.3803354,bh,1.45,14.750,10.389,0.005,268.119,1.135,V
2457980.8799587,2017-08-15.3815907,bh,1.49,14.753,10.392,0.005,267.491,1.144,V
2457980.8812233,2017-08-15.3828552,bh,1.43,14.753,10.382,0.005,269.857,1.108,V
2457983.9224324,2017-08-18.4238183,bh,1.39,14.796,10.402,0.005,265.043,1.085,V
2457983.9236906,2017-08-18.4250764,bh,1.35,14.792,10.390,0.005,267.694,1.112,V
2457983.9249550,2017-08-18.4263407,bh,1.38,14.794,10.402,0.005,264.820,1.136,V
2457985.8653315,2017-08-20.3665573,bh,1.42,14.763,10.395,0.005,266.677,1.114,V
2457985.8665958,2017-08-20.3678215,bh,1.48,14.764,10.395,0.005,266.764,1.096,V
2457985.8678608,2017-08-20.3690863,bh,1.42,14.770,10.402,0.005,264.701,1.094,V
2457994.0826446,2017-08-28.5831700,bd,1.49,14.805,10.424,0.005,259.682,1.103,V
2457994.0839148,2017-08-28.5844401,bd,1.46,14.801,10.414,0.005,262.042,1.059,V
2457994.0851854,2017-08-28.5857106,bd,1.45,14.800,10.416,0.005,261.596,1.116,V
2457998.8409121,2017-09-02.3410193,bh,1.35,14.400,10.394,0.006,266.953,1.493,V
2457998.8421761,2017-09-02.3422832,bh,1.35,14.502,10.412,0.006,262.473,1.511,V
2457998.8434516,2017-09-02.3435585,bh,1.36,14.520,10.410,0.006,262.922,1.355,V
2457999.9139915,2017-09-03.4140033,bh,1.54,14.802,10.405,0.005,264.072,1.097,V
2457999.9154267,2017-09-03.4154385,bh,1.53,14.801,10.412,0.005,262.445,1.064,V
2457999.9166959,2017-09-03.4167075,bh,1.50,14.802,10.410,0.005,263.013,1.088,V
2458002.0996677,2017-09-05.5994848,bd,1.80,14.776,10.422,0.005,260.088,1.128,V
2458002.1009310,2017-09-05.6007480,bd,1.69,14.777,10.425,0.005,259.215,1.117,V
2458002.1022072,2017-09-05.6020241,bd,1.67,14.780,10.419,0.005,260.748,1.133,V
2458007.8257867,2017-09-11.3250900,bh,1.55,14.764,10.422,0.005,259.992,1.128,V
2458007.8270534,2017-09-11.3263565,bh,1.54,14.763,10.418,0.005,260.915,1.189,V
2458007.8283317,2017-09-11.3276347,bh,1.55,14.767,10.418,0.005,261.080,1.137,V
2458011.8110503,2017-09-15.3099947,bh,1.57,14.761,10.409,0.005,263.223,1.084,V
2458011.8123191,2017-09-15.3112634,bh,1.57,14.763,10.404,0.005,264.367,1.089,V
2458011.8135814,2017-09-15.3125255,bh,1.54,14.770,10.414,0.004,262.063,1.069,V
2458013.7909005,2017-09-17.2896668,bh,1.99,14.745,10.421,0.004,260.119,1.088,V
2458013.7921642,2017-09-17.2909304,bh,1.89,14.736,10.407,0.004,263.785,1.070,V
2458013.7934756,2017-09-17.2922417,bh,2.04,14.739,10.415,0.004,261.922,1.059,V
2458015.8003751,2017-09-19.2989612,bh,1.47,14.765,10.394,0.005,266.808,1.109,V
2458015.8016452,2017-09-19.3002312,bh,1.44,14.775,10.412,0.005,262.430,1.100,V
2458015.8029209,2017-09-19.3015068,bh,1.43,14.771,10.402,0.005,264.928,1.080,V
2458018.7856789,2017-09-22.2839985,bh,1.40,14.744,10.389,0.005,268.122,1.147,V
2458018.7869465,2017-09-22.2852660,bh,1.39,14.753,10.399,0.005,265.860,1.103,V
2458018.7882106,2017-09-22.2865300,bh,1.37,14.753,10.397,0.005,266.138,1.123,V
2458019.8597611,2017-09-23.3579852,bh,1.34,14.805,10.400,0.004,265.281,1.019,V
2458019.8610236,2017-09-23.3592476,bh,1.33,14.806,10.396,0.005,266.365,1.053,V
2458019.8622898,2017-09-23.3605137,bh,1.37,14.802,10.394,0.005,266.860,1.070,V
2458019.9614127,2017-09-23.4596279,bt,1.48,15.196,10.619,0.004,205.318,0.805,g
2458019.9626922,2017-09-23.4609072,bt,1.53,15.193,10.612,0.004,206.574,0.811,g
2458019.9639568,2017-09-23.4621718,bt,1.53,15.196,10.619,0.004,205.318,0.797,g
2458022.7777578,2017-09-26.2757247,bh,1.55,14.762,10.410,0.004,262.800,1.062,V
2458022.7790343,2017-09-26.2770011,bh,1.50,14.765,10.405,0.004,264.209,1.067,V
2458022.7803039,2017-09-26.2782706,bh,1.55,14.772,10.412,0.005,262.523,1.090,V
2458026.8415625,2017-09-30.3391763,bh,1.39,99.990,99.990,99.990,99.990,99.990,V
2458029.8077372,2017-10-03.3050979,bl,1.53,15.222,10.645,0.004,200.453,0.780,g
2458029.8089578,2017-10-03.3063184,bl,1.61,15.043,10.649,0.005,199.734,0.926,g
2458029.8101810,2017-10-03.3075415,bl,1.56,14.974,10.645,0.005,200.457,0.942,g
2458029.9842642,2017-10-03.4816101,bd,1.50,14.764,10.419,0.004,260.801,1.061,V
2458029.9855371,2017-10-03.4828829,bd,1.55,14.760,10.416,0.005,261.487,1.105,V
2458029.9868858,2017-10-03.4842314,bd,1.55,14.761,10.428,0.005,258.557,1.091,V
2458030.8553584,2017-10-04.3526308,bl,1.51,13.898,10.665,0.016,196.734,2.822,g
2458030.8565749,2017-10-04.3538473,bl,1.56,14.106,10.644,0.012,200.816,2.131,g
2458030.8577917,2017-10-04.3550639,bl,1.45,13.666,10.611,0.017,206.873,3.264,g
2458032.8805773,2017-10-06.3776809,bl,1.46,15.277,10.667,0.004,196.491,0.754,g
2458032.8817890,2017-10-06.3788925,bl,1.54,15.283,10.685,0.004,193.171,0.745,g
2458032.8830046,2017-10-06.3801080,bl,1.52,15.265,10.642,0.004,201.083,0.803,g
2458034.0694340,2017-10-07.5664396,bd,1.63,14.789,10.413,0.004,262.278,1.050,V
2458034.0707279,2017-10-07.5677334,bd,1.54,14.781,10.406,0.005,263.912,1.130,V
2458034.0720003,2017-10-07.5690057,bd,1.57,14.803,10.426,0.004,258.951,1.040,V
2458043.9632263,2017-10-17.4594551,bt,1.51,15.270,10.655,0.004,198.738,0.767,g
2458043.9644820,2017-10-17.4607107,bt,1.48,15.254,10.623,0.004,204.568,0.764,g
2458043.9657470,2017-10-17.4619756,bt,1.47,15.252,10.618,0.004,205.452,0.783,g
2458046.0455468,2017-10-19.5416222,bd,1.63,14.799,10.410,0.004,263.132,1.029,V
2458046.0468186,2017-10-19.5428939,bd,1.62,14.793,10.395,0.004,266.644,1.042,V
2458052.9001288,2017-10-26.3957290,bt,1.59,15.242,10.618,0.004,205.479,0.771,g
2458052.9013347,2017-10-26.3969348,bt,1.51,15.241,10.613,0.004,206.472,0.764,g
2458052.9025543,2017-10-26.3981543,bt,1.57,15.245,10.619,0.004,205.295,0.770,g
2458053.9319488,2017-10-27.4274818,bd,1.54,14.769,10.407,0.004,263.807,1.060,V
2458053.9332116,2017-10-27.4287445,bd,1.53,14.778,10.415,0.005,261.823,1.081,V
2458053.9344719,2017-10-27.4300047,bd,1.49,14.770,10.402,0.004,264.886,1.065,V
2458054.8906670,2017-10-28.3861385,bt,1.56,15.231,10.621,0.004,204.981,0.796,g
2458054.8918772,2017-10-28.3873486,bt,1.58,15.225,10.622,0.004,204.718,0.800,g
2458054.8930898,2017-10-28.3885611,bt,1.59,15.212,10.616,0.004,205.927,0.836,g
2458054.9201545,2017-10-28.4156241,bd,1.47,14.775,10.410,0.004,262.828,1.058,V
2458054.9214092,2017-10-28.4168788,bd,1.48,14.775,10.405,0.004,264.204,1.058,V
2458054.9226731,2017-10-28.4181425,bd,1.49,14.776,10.409,0.005,263.329,1.088,V
2458055.8716778,2017-10-29.3670874,bt,1.44,15.247,10.616,0.004,205.875,0.763,g
2458055.8728951,2017-10-29.3683046,bt,1.49,15.247,10.618,0.004,205.587,0.777,g
2458055.8741356,2017-10-29.3695451,bt,1.51,15.252,10.624,0.004,204.230,0.768,g
2458055.9275493,2017-10-29.4229554,bd,1.47,14.779,10.408,0.004,263.557,1.063,V
2458055.9288177,2017-10-29.4242238,bd,1.48,14.782,10.412,0.004,262.422,1.049,V
2458055.9300799,2017-10-29.4254859,bd,1.51,14.775,10.400,0.005,265.212,1.077,V
2458056.8563413,2017-10-30.35169,bt,1.67,15.211,10.631,0.004,203.069,0.841,g
2458056.8575507,2017-10-30.3528992,bt,1.65,15.208,10.626,0.004,204.033,0.789,g
2458056.8587575,2017-10-30.3541060,bt,1.73,15.206,10.627,0.004,203.834,0.788,g
2458056.9169549,2017-10-30.4122999,bd,1.56,14.764,10.409,0.005,263.299,1.099,V
2458056.9182470,2017-10-30.4135919,bd,1.52,14.770,10.413,0.005,262.224,1.080,V
2458057.8260231,2017-10-31.3213128,bl,1.6,15.262,10.634,0.004,202.550,0.781,g
2458057.8272547,2017-10-31.3225443,bl,1.65,15.262,10.632,0.004,202.805,0.751,g
2458057.8284685,2017-10-31.3237581,bl,1.6,15.254,10.621,0.004,205.033,0.767,g
2458058.8286116,2017-11-01.3238416,bt,1.62,15.118,10.650,0.005,199.392,0.899,g
2458058.8298452,2017-11-01.3250750,bt,1.61,15.057,10.626,0.005,203.864,0.865,g
2458058.8310639,2017-11-01.3262936,bt,1.58,15.078,10.639,0.006,201.615,1.097,g
2458059.8429508,2017-11-02.3381214,bt,1.58,15.218,10.628,0.004,203.573,0.836,g
2458059.8441563,2017-11-02.3393269,bt,1.56,15.211,10.633,0.004,202.762,0.793,g
2458059.8453701,2017-11-02.3405406,bt,1.51,15.223,10.629,0.004,203.288,0.830,g
2458059.9483716,2017-11-02.4435362,bd,1.59,14.768,10.409,0.005,263.337,1.127,V
2458059.9496247,2017-11-02.4447891,bd,1.60,14.756,10.402,0.005,265.077,1.147,V
2458059.9508899,2017-11-02.4460543,bd,1.55,14.759,10.424,0.005,259.755,1.106,V
2458060.9755472,2017-11-03.4706531,bd,1.63,14.775,10.413,0.005,262.210,1.131,V
2458060.9767915,2017-11-03.4718973,bd,1.57,14.763,10.415,0.005,261.685,1.130,V
2458060.9780431,2017-11-03.4731489,bd,1.63,14.768,10.419,0.005,260.911,1.091,V
2458062.9596722,2017-11-05.4546685,bd,1.72,14.745,10.421,0.005,260.217,1.196,V
2458062.9609951,2017-11-05.4559913,bd,1.64,14.711,10.407,0.005,263.864,1.174,V
2458062.9622489,2017-11-05.4572451,bd,1.68,14.720,10.419,0.005,260.746,1.153,V
2458066.0393303,2017-11-08.5341664,bd,1.46,14.793,10.408,0.005,263.448,1.081,V
2458066.0405895,2017-11-08.5354256,bd,1.49,14.802,10.409,0.005,263.256,1.064,V
2458067.0236534,2017-11-09.5184408,bd,1.44,14.802,10.405,0.005,264.195,1.071,V
2458067.0249171,2017-11-09.5197045,bd,1.54,14.799,10.401,0.005,265.115,1.071,V
2458067.0261830,2017-11-09.5209703,bd,1.52,14.800,10.406,0.005,264.025,1.050,V
2458068.0459039,2017-11-10.5406422,bd,1.48,14.807,10.410,0.005,263.078,1.062,V
2458068.0471610,2017-11-10.5418993,bd,1.52,14.800,10.394,0.005,266.923,1.056,V
2458068.0484259,2017-11-10.5431642,bd,1.49,14.810,10.412,0.005,262.440,1.063,V
2458068.8850580,2017-11-11.3797570,bt,1.50,15.235,10.612,0.004,206.478,0.775,g
2458068.8862648,2017-11-11.3809639,bt,1.52,15.233,10.613,0.004,206.404,0.765,g
2458068.8874798,2017-11-11.3821788,bt,1.54,15.235,10.617,0.004,205.799,0.774,g
2458069.9529517,2017-11-12.4476022,bt,1.76,15.208,10.616,0.004,205.723,0.815,g
2458069.9541669,2017-11-12.4488173,bt,1.78,15.208,10.623,0.004,204.531,0.801,g
2458069.9553983,2017-11-12.4500487,bt,1.75,15.209,10.633,0.004,202.596,0.806,g
2458070.0919000,2017-11-12.5865443,bd,1.58,14.795,10.398,0.004,265.957,1.007,V
2458070.0931564,2017-11-12.5878007,bd,1.56,14.798,10.400,0.004,265.380,1.015,V
2458070.0944227,2017-11-12.5890669,bd,1.59,14.798,10.405,0.004,264.131,1.013,V
2458071.0833294,2017-11-13.5779302,bd,1.61,14.790,10.415,0.005,261.764,1.062,V
2458071.0845881,2017-11-13.5791888,bd,1.55,14.795,10.419,0.005,260.808,1.076,V
2458071.0858411,2017-11-13.5804418,bd,1.57,14.788,10.410,0.004,263.049,1.038,V
2458072.0415522,2017-11-14.5361121,bd,1.54,14.799,10.416,0.005,261.390,1.055,V
2458072.0428122,2017-11-14.5373721,bd,1.56,14.802,10.415,0.004,261.707,1.041,V
2458072.0440643,2017-11-14.5386242,bd,1.58,14.802,10.419,0.004,260.735,1.044,V
2458076.7745454,2017-11-19.2689233,bl,1.44,15.293,10.670,0.004,195.869,0.724,g
2458076.7757568,2017-11-19.2701346,bl,1.53,15.277,10.639,0.004,201.633,0.753,g
2458076.7769720,2017-11-19.2713498,bl,1.48,15.282,10.648,0.004,199.936,0.767,g
2458077.7865082,2017-11-20.2808514,bl,1.58,15.251,10.651,0.004,199.383,0.766,g
2458077.7877215,2017-11-20.2820646,bl,1.56,15.245,10.638,0.004,201.604,0.773,g
2458077.7889418,2017-11-20.2832849,bl,1.58,15.251,10.645,0.004,200.455,0.769,g
2458078.0757151,2017-11-20.5700486,bd,1.56,14.772,10.415,0.004,261.851,1.061,V
2458078.0769812,2017-11-20.5713147,bd,1.57,14.778,10.426,0.004,259.154,1.061,V
2458078.0782453,2017-11-20.5725788,bd,1.61,14.762,10.417,0.005,261.351,1.090,V
2458079.7336271,2017-11-22.2279077,bh,1.37,14.794,10.403,0.004,264.479,1.039,V
2458079.7348943,2017-11-22.2291749,bh,1.39,14.789,10.398,0.005,265.825,1.069,V
2458079.7361575,2017-11-22.2304382,bh,1.41,14.790,10.391,0.004,267.419,1.054,V
2458079.7509383,2017-11-22.2452184,bl,1.5,15.275,10.621,0.004,204.895,0.762,g
2458079.7521560,2017-11-22.2464361,bl,1.48,15.272,10.617,0.004,205.674,0.763,g
2458079.7533688,2017-11-22.2476489,bl,1.5,15.277,10.625,0.004,204.114,0.764,g
2458080.7814534,2017-11-23.2757028,bl,1.49,15.301,10.661,0.004,197.422,0.755,g
2458080.8668801,2017-11-23.3611271,bt,2.02,15.191,10.642,0.005,201.046,0.901,g
2458080.8680870,2017-11-23.3623339,bt,2.02,15.190,10.642,0.005,200.978,0.875,g
2458080.8693022,2017-11-23.3635491,bt,2.01,15.195,10.652,0.004,199.251,0.857,g
2458081.7781534,2017-11-24.2723746,bl,1.47,15.284,10.649,0.004,199.630,0.743,g
2458081.7793770,2017-11-24.2735982,bl,1.55,15.279,10.642,0.004,200.993,0.730,g
2458081.7805975,2017-11-24.2748186,bl,1.49,15.283,10.645,0.004,200.505,0.745,g
2458081.8404099,2017-11-24.3346294,bt,1.51,15.244,10.633,0.004,202.765,0.770,g
2458081.8416246,2017-11-24.3358441,bt,1.54,15.246,10.638,0.004,201.789,0.742,g
2458081.8428446,2017-11-24.3370641,bt,1.52,15.247,10.636,0.004,202.020,0.763,g
2458082.7751518,2017-11-25.2693464,bl,1.49,15.282,10.636,0.004,202.291,0.780,g
2458082.7763619,2017-11-25.2705564,bl,1.45,15.289,10.648,0.004,199.919,0.725,g
2458082.7775804,2017-11-25.2717749,bl,1.53,15.278,10.630,0.004,203.238,0.770,g
2458083.7758825,2017-11-26.2700518,bl,1.49,15.270,10.619,0.004,205.218,0.750,g
2458083.7771044,2017-11-26.2712737,bl,1.48,15.284,10.644,0.004,200.646,0.766,g
2458083.7783254,2017-11-26.2724947,bl,1.48,15.276,10.627,0.004,203.901,0.766,g
2458083.7972965,2017-11-26.2914653,bt,1.60,15.219,10.615,0.004,206.097,0.791,g
2458083.7985150,2017-11-26.2926838,bt,1.59,15.219,10.621,0.004,204.980,0.744,g
2458083.7997233,2017-11-26.2938920,bt,1.62,15.218,10.618,0.004,205.501,0.751,g
2458084.4526878,2017-11-26.9468409,bp,1.53,99.990,99.990,99.990,99.990,99.990,g
2458084.4538946,2017-11-26.9480478,bp,1.55,99.990,99.990,99.990,99.990,99.990,g
2458084.4551225,2017-11-26.9492755,bp,1.51,99.990,99.990,99.990,99.990,99.990,g
2458084.5955262,2017-11-27.0896760,bh,1.43,14.725,10.389,0.005,267.936,1.122,V
2458084.5967841,2017-11-27.0909339,bh,1.43,14.730,10.404,0.005,264.654,1.144,V
2458084.5980465,2017-11-27.0921963,bh,1.43,14.726,10.390,0.005,267.754,1.171,V
2458084.7647581,2017-11-27.2589040,bl,1.45,15.273,10.624,0.004,204.361,0.757,g
2458084.7659718,2017-11-27.2601176,bl,1.5,15.270,10.621,0.004,204.996,0.729,g
2458084.7671913,2017-11-27.2613372,bl,1.48,15.270,10.616,0.004,205.815,0.762,g
2458084.7797698,2017-11-27.2739154,bt,1.51,15.236,10.618,0.004,205.544,0.772,g
2458084.7809836,2017-11-27.2751291,bt,1.48,15.240,10.625,0.004,204.121,0.771,g
2458084.7821941,2017-11-27.2763396,bt,1.49,15.230,10.610,0.004,206.947,0.700,g
2458085.5076040,2017-11-28.0017333,bp,2.03,15.275,10.644,0.005,200.624,0.928,g
2458085.5088344,2017-11-28.0029637,bp,1.77,99.990,99.990,99.990,99.990,99.990,g
2458085.5100404,2017-11-28.0041697,bp,2.01,15.274,10.639,0.005,201.528,0.892,g
2458085.7509790,2017-11-28.2451031,bt,1.55,15.217,10.627,0.004,203.713,0.796,g
2458085.7522000,2017-11-28.2463240,bt,1.50,15.218,10.627,0.004,203.900,0.775,g
2458085.7534174,2017-11-28.2475414,bt,1.56,15.214,10.627,0.004,203.888,0.810,g
2458085.7782391,2017-11-28.2723626,bl,1.47,15.265,10.615,0.004,206.087,0.787,g
2458085.7794542,2017-11-28.2735777,bl,1.5,15.271,10.626,0.004,204.103,0.784,g
2458085.7806721,2017-11-28.2747955,bl,1.45,15.268,10.622,0.004,204.752,0.802,g
2458085.8435893,2017-11-28.3377114,bh,1.37,14.774,10.402,0.004,264.978,1.058,V
2458085.8448643,2017-11-28.3389863,bh,1.39,14.771,10.394,0.004,266.857,1.052,V
2458085.8461271,2017-11-28.3402491,bh,1.33,14.768,10.396,0.004,266.164,1.032,V
2458086.5271515,2017-11-29.0212594,bp,2.03,15.267,10.644,0.005,200.607,0.925,g
2458086.5283692,2017-11-29.0224771,bp,2.03,15.266,10.643,0.005,200.843,0.932,g
2458086.5295849,2017-11-29.0236927,bp,2.01,15.267,10.646,0.005,200.344,0.925,g
2458086.6275091,2017-11-29.1216150,bh,1.36,14.757,10.399,0.005,265.596,1.141,V
2458086.6287583,2017-11-29.1228642,bh,1.39,14.765,10.411,0.005,262.686,1.148,V
2458086.6300297,2017-11-29.1241356,bh,1.39,14.767,10.408,0.005,263.358,1.119,V
2458086.6632522,2017-11-29.1573574,bl,1.49,15.274,10.639,0.004,201.692,0.753,g
2458086.6644761,2017-11-29.1585813,bl,1.45,15.267,10.644,0.004,200.542,0.774,g
2458086.6656933,2017-11-29.1597985,bl,1.53,15.271,10.635,0.004,202.278,0.776,g
2458087.6725834,2017-11-30.1666692,bl,1.5,15.276,10.640,0.004,201.401,0.768,g
2458087.6738007,2017-11-30.1678865,bl,1.49,15.282,10.644,0.004,200.629,0.757,g
2458087.6750216,2017-11-30.1691074,bl,1.45,15.279,10.661,0.004,197.462,0.759,g
2458087.8149627,2017-11-30.3090460,bh,1.34,14.786,10.396,0.005,266.240,1.072,V
2458087.8162261,2017-11-30.3103093,bh,1.37,14.789,10.398,0.004,265.884,1.031,V
2458087.8174924,2017-11-30.3115756,bh,1.34,14.790,10.402,0.004,264.810,1.040,V
2458088.6104649,2017-12-01.1045342,bl,1.54,15.205,10.651,0.005,199.403,0.868,g
2458088.6116772,2017-12-01.1057465,bl,1.5,15.212,10.634,0.004,202.410,0.833,g
2458088.6128943,2017-12-01.1069635,bl,1.56,15.236,10.685,0.005,193.340,0.848,g
2458088.7166902,2017-12-01.2107576,bh,1.37,14.763,10.388,0.005,268.181,1.172,V
2458088.7179668,2017-12-01.2120342,bh,1.36,14.766,10.391,0.005,267.525,1.101,V
2458088.7192418,2017-12-01.2133092,bh,1.44,14.767,10.394,0.005,266.924,1.134,V
2458089.4328686,2017-12-01.9269244,bp,2.16,15.179,10.656,0.006,198.395,1.097,g
2458089.4340861,2017-12-01.9281419,bp,2.11,15.194,10.654,0.006,198.717,1.106,g
2458089.4352908,2017-12-01.9293466,bp,2.12,15.174,10.649,0.006,199.697,1.133,g
2458089.6521376,2017-12-02.1461900,bl,2.22,14.789,10.623,0.007,204.529,1.223,g
2458089.6533583,2017-12-02.1474107,bl,2.14,14.563,10.613,0.008,206.539,1.470,g
2458089.6545736,2017-12-02.1486260,bl,2.31,15.105,10.621,0.006,204.872,1.043,g
2458090.4641485,2017-12-02.9581890,bp,1.65,15.387,10.957,0.005,150.422,0.644,g
2458090.4653495,2017-12-02.9593900,bp,1.64,15.300,10.737,0.004,184.268,0.759,g
2458090.4665545,2017-12-02.9605949,bp,1.72,15.412,11.027,0.005,140.987,0.629,g
2458090.6854908,2017-12-03.1795282,bl,1.65,15.341,11.086,0.005,133.462,0.692,g
2458090.6867043,2017-12-03.1807417,bl,1.56,15.175,10.647,0.005,200.071,0.876,g
2458090.6879326,2017-12-03.1819700,bl,1.69,15.210,10.742,0.005,183.227,0.843,g
2458094.7505023,2017-12-07.2444972,bh,1.40,14.787,10.405,0.005,264.210,1.081,V
2458094.7517663,2017-12-07.2457612,bh,1.35,14.781,10.406,0.004,263.986,1.049,V
2458094.7530297,2017-12-07.2470246,bh,1.38,14.780,10.406,0.004,263.938,1.064,V
2458096.7516722,2017-12-09.2456558,bh,1.40,14.790,10.402,0.004,264.955,1.043,V
2458096.7529334,2017-12-09.2469170,bh,1.31,14.789,10.398,0.004,266.022,1.042,V
2458096.7541992,2017-12-09.2481828,bh,1.35,14.790,10.392,0.005,267.367,1.083,V
2458099.8471714,2017-12-12.3411502,bd,1.81,14.720,10.404,0.005,264.411,1.170,V
2458099.8484405,2017-12-12.3424193,bd,1.84,14.697,10.402,0.005,264.816,1.138,V
2458099.8497178,2017-12-12.3436966,bd,1.85,14.690,10.399,0.005,265.573,1.167,V
2458100.4956709,2017-12-12.9896506,bp,1.54,15.318,10.694,0.004,191.659,0.752,g
2458100.4968863,2017-12-12.9908661,bp,1.56,15.305,10.668,0.004,196.210,0.738,g
2458100.4981004,2017-12-12.9920802,bp,1.49,15.288,10.637,0.004,201.941,0.762,g
2458106.7065295,2017-12-19.2005526,bl,1.46,14.892,10.632,0.006,202.789,1.155,g
2458106.7077484,2017-12-19.2017715,bl,1.44,14.965,10.655,0.006,198.767,1.145,g
2458106.7089643,2017-12-19.2029874,bl,1.5,14.832,10.661,0.007,197.467,1.230,g
2458107.6752291,2017-12-20.1692646,bl,1.5,15.274,10.645,0.004,200.478,0.763,g
2458107.6764524,2017-12-20.1704879,bl,1.51,15.271,10.634,0.004,202.392,0.770,g
2458107.6776716,2017-12-20.1717071,bl,1.5,15.270,10.640,0.004,201.367,0.748,g
2458108.6681064,2017-12-21.1621562,bl,1.99,15.227,10.660,0.004,197.694,0.787,g
2458108.6693242,2017-12-21.1633739,bl,1.99,15.227,10.658,0.004,198.059,0.770,g
2458108.6705421,2017-12-21.1645919,bl,2.01,15.232,10.667,0.004,196.483,0.801,g
2458111.7554080,2017-12-24.2495120,bh,1.54,14.773,10.418,0.004,261.033,1.041,V
2458112.4074717,2017-12-24.9015891,bp,1.53,15.279,10.611,0.004,206.766,0.714,g
2458112.4086860,2017-12-24.9028035,bp,1.56,15.286,10.626,0.004,203.965,0.736,g
2458112.4098973,2017-12-24.9040148,bp,1.54,15.283,10.622,0.004,204.779,0.720,g
2458113.7530928,2017-12-26.2472399,bt,2.05,15.178,10.643,0.005,200.788,0.969,g
2458113.7543065,2017-12-26.2484537,bt,2.05,15.175,10.635,0.005,202.240,0.946,g
2458113.7555284,2017-12-26.2496756,bt,2.02,15.171,10.626,0.005,203.940,0.977,g
2458113.8758142,2017-12-26.3699642,bd,1.55,14.807,10.403,0.005,264.623,1.054,V
2458113.8775120,2017-12-26.3716620,bd,1.58,14.809,10.409,0.004,263.095,1.028,V
2458113.8791917,2017-12-26.3733418,bd,1.59,14.807,10.407,0.004,263.732,1.026,V
2458114.4588320,2017-12-26.9529959,bp,1.65,15.277,10.640,0.004,201.424,0.798,g
2458114.4600358,2017-12-26.9541997,bp,1.66,15.279,10.643,0.005,200.927,0.847,g
2458114.4612381,2017-12-26.9554020,bp,1.65,99.990,99.990,99.990,99.990,99.990,g
2458116.3180453,2017-12-28.8122570,bp,2.01,15.223,10.635,0.005,202.406,0.863,g
2458116.3192509,2017-12-28.8134626,bp,2.01,15.226,10.646,0.005,200.201,0.900,g
2458116.3205691,2017-12-28.8147809,bp,1.77,15.247,10.652,0.005,199.151,0.896,g
2458116.5518525,2017-12-29.0460706,bl,1.51,15.220,10.639,0.004,201.566,0.836,g
2458116.5530714,2017-12-29.0472895,bl,1.5,15.240,10.653,0.004,198.928,0.782,g
2458116.5542881,2017-12-29.0485063,bl,1.49,15.221,10.638,0.004,201.886,0.777,g
2458117.4069254,2017-12-29.9011676,bp,1.71,15.237,10.648,0.005,199.913,0.885,g
2458117.4081491,2017-12-29.9023912,bp,1.75,15.235,10.641,0.005,201.232,0.909,g
2458117.4093659,2017-12-29.9036081,bp,1.76,15.241,10.642,0.005,200.911,0.893,g
2458117.6456775,2017-12-30.1399265,bt,1.54,15.182,10.640,0.004,201.366,0.846,g
2458117.6468999,2017-12-30.1411490,bt,1.58,15.184,10.638,0.004,201.699,0.839,g
2458117.6481178,2017-12-30.1423669,bt,1.59,15.176,10.627,0.004,203.844,0.862,g
2458120.6533788,2018-01-02.1477223,bl,2.3,15.085,10.780,0.005,177.025,0.905,g
2458120.6546040,2018-01-02.1489476,bl,2.05,15.281,11.334,0.007,106.238,0.656,g
2458121.6378834,2018-01-03.1322609,bl,1.49,15.220,10.656,0.005,198.382,0.862,g
2458121.6391142,2018-01-03.1334916,bl,1.52,15.237,10.667,0.004,196.279,0.824,g
2458121.6403353,2018-01-03.1347128,bl,1.52,15.195,10.656,0.004,198.599,0.850,g
2458121.7074088,2018-01-03.2017886,bt,1.66,15.085,10.652,0.005,199.079,0.866,g
2458121.7086303,2018-01-03.2030102,bt,1.62,15.137,10.652,0.004,199.210,0.834,g
2458121.7098555,2018-01-03.2042355,bt,1.62,15.139,10.661,0.005,197.485,0.813,g
2458121.9191493,2018-01-03.4135367,bd,1.53,14.738,10.425,0.005,259.297,1.149,V
2458121.9206639,2018-01-03.4150513,bd,1.57,14.735,10.416,0.005,261.436,1.219,V
2458121.9220973,2018-01-03.4164848,bd,1.58,14.704,10.405,0.005,264.048,1.177,V
2458122.9395688,2018-01-04.4339932,bd,1.68,14.757,10.429,0.005,258.604,1.130,V
2458122.9411453,2018-01-04.4355698,bd,1.67,14.774,10.414,0.005,262.119,1.082,V
2458122.9426453,2018-01-04.4370698,bd,1.59,14.782,10.430,0.005,258.256,1.118,V
2458123.9501516,2018-01-05.4446143,bd,1.55,14.802,10.408,0.005,263.401,1.058,V
2458123.9514262,2018-01-05.4458889,bd,1.57,14.800,10.405,0.005,264.096,1.076,V
2458123.9527040,2018-01-05.4471667,bd,1.57,14.809,10.422,0.004,260.215,1.030,V
2458124.4760773,2018-01-05.9705605,bp,1.54,15.283,10.648,0.004,199.983,0.731,g
2458124.4772842,2018-01-05.9717674,bp,1.58,15.287,10.677,0.004,194.704,0.745,g
2458124.4784930,2018-01-05.9729763,bp,1.52,15.271,10.637,0.004,201.946,0.786,g
2458124.9467259,2018-01-06.4412277,bd,1.54,14.794,10.408,0.004,263.380,1.035,V
2458124.9481108,2018-01-06.4426126,bd,1.58,14.792,10.410,0.005,262.953,1.078,V
2458124.9493808,2018-01-06.4438827,bd,1.60,14.796,10.409,0.005,263.397,1.075,V
2458125.4984558,2018-01-06.9929800,bp,1.58,15.234,10.623,0.004,204.396,0.812,g
2458125.4996709,2018-01-06.9941951,bp,1.60,15.232,10.625,0.004,204.184,0.785,g
2458125.5008873,2018-01-06.9954116,bp,1.64,15.228,10.623,0.004,204.661,0.794,g
2458125.9431133,2018-01-07.4376557,bd,1.63,14.780,10.403,0.005,264.666,1.085,V
2458125.9443856,2018-01-07.4389281,bd,1.58,14.775,10.398,0.004,265.827,1.070,V
2458125.9456634,2018-01-07.4402059,bd,1.64,14.769,10.394,0.004,267.032,1.069,V
2458126.9357188,2018-01-08.4303030,bd,1.77,14.764,10.386,0.005,268.821,1.088,V
2458126.9369992,2018-01-08.4315835,bd,1.79,14.774,10.402,0.004,264.849,1.049,V
2458126.9382746,2018-01-08.4328589,bd,1.71,14.772,10.401,0.004,265.268,1.039,V
2458127.9360945,2018-01-09.4307223,bd,1.48,14.813,10.391,0.005,267.425,1.044,V
2458127.9373710,2018-01-09.4319988,bd,1.49,14.814,10.394,0.005,266.755,1.052,V
2458127.9386474,2018-01-09.4332753,bd,1.51,14.817,10.403,0.005,264.770,1.039,V
2458128.3587820,2018-01-09.8534286,bp,1.95,15.266,10.640,0.005,201.366,0.870,g
2458128.3600243,2018-01-09.8546710,bp,1.73,15.262,10.630,0.005,203.134,0.886,g
2458128.3612687,2018-01-09.8559155,bp,1.77,15.261,10.631,0.005,203.077,0.867,g
2458128.9326103,2018-01-10.4272830,bd,1.54,14.788,10.403,0.005,264.628,1.063,V
2458128.9338861,2018-01-10.4285588,bd,1.50,14.791,10.408,0.005,263.247,1.061,V
2458128.9351611,2018-01-10.4298339,bd,1.49,14.789,10.404,0.005,264.340,1.077,V
2458129.3507497,2018-01-10.8454416,bp,2.36,15.200,10.642,0.006,200.937,1.201,g
2458129.3519611,2018-01-10.8466530,bp,2.35,15.197,10.640,0.007,201.462,1.233,g
2458129.3532174,2018-01-10.8479094,bp,2.34,99.990,99.990,99.990,99.990,99.990,g
2458129.9291586,2018-01-11.4238775,bd,1.75,13.302,10.392,0.018,267.396,4.287,V
2458129.9304253,2018-01-11.4251443,bd,1.75,13.219,10.411,0.023,262.713,5.727,V
2458129.9317014,2018-01-11.4264204,bd,1.76,12.947,10.417,0.022,261.264,5.383,V
2458131.9270356,2018-01-13.4218513,bd,1.55,14.789,10.408,0.005,263.315,1.087,V
2458131.9283074,2018-01-13.4231232,bd,1.54,14.787,10.410,0.005,263.175,1.085,V
2458132.3349567,2018-01-13.8297928,bp,1.53,99.990,99.990,99.990,99.990,99.990,g
2458132.3361600,2018-01-13.8309963,bp,1.52,99.990,99.990,99.990,99.990,99.990,g
2458132.3373796,2018-01-13.8322159,bp,1.51,99.990,99.990,99.990,99.990,99.990,g
2458132.9081810,2018-01-14.4030462,bd,1.45,14.825,10.409,0.005,263.286,1.045,V
2458132.9095391,2018-01-14.4044045,bd,1.44,14.827,10.415,0.004,261.747,1.018,V
2458132.9108159,2018-01-14.4056813,bd,1.43,14.827,10.409,0.005,263.147,1.029,V
2458133.9111342,2018-01-15.4060515,bd,1.53,14.814,10.400,0.004,265.606,1.031,V
2458133.9124097,2018-01-15.4073270,bd,1.52,14.813,10.400,0.004,265.384,1.034,V
2458133.9136844,2018-01-15.4086018,bd,1.52,14.813,10.399,0.004,265.632,1.035,V
2458134.3828487,2018-01-15.8777908,bp,1.70,15.261,10.626,0.004,203.918,0.738,g
2458134.3840538,2018-01-15.8789960,bp,1.58,15.263,10.628,0.004,203.540,0.741,g
2458134.3852586,2018-01-15.8802009,bp,1.61,15.265,10.635,0.004,202.269,0.780,g
2458135.3823281,2018-01-16.8773241,bp,1.50,15.280,10.639,0.004,201.542,0.787,g
2458135.3835704,2018-01-16.8785664,bp,1.56,15.275,10.628,0.004,203.616,0.760,g
2458135.3847908,2018-01-16.8797868,bp,1.54,15.293,10.667,0.004,196.475,0.755,g
2458135.9015419,2018-01-17.3965662,bd,1.55,14.821,10.418,0.004,261.065,1.031,V
2458135.9028080,2018-01-17.3978324,bd,1.57,14.812,10.407,0.005,263.706,1.084,V
2458135.9040726,2018-01-17.3990971,bd,1.51,14.818,10.411,0.005,262.636,1.088,V
2458136.3860564,2018-01-17.8811077,bp,1.47,99.990,99.990,99.990,99.990,99.990,g
2458136.3873565,2018-01-17.8824078,bp,1.55,14.227,10.635,0.014,202.234,2.581,g
2458136.3885798,2018-01-17.8836312,bp,1.53,13.889,10.672,0.012,195.516,2.260,g
2458136.8979610,2018-01-18.3930409,bd,2.28,14.722,10.412,0.005,262.407,1.207,V
2458136.8992420,2018-01-18.3943220,bd,2.18,14.737,10.423,0.005,259.711,1.222,V
2458136.9005285,2018-01-18.3956086,bd,2.16,14.740,10.416,0.005,261.518,1.186,V
2458137.9066118,2018-01-19.4017492,bd,2.18,14.689,10.410,0.005,263.053,1.166,V
2458137.9078858,2018-01-19.4030233,bd,2.32,14.673,10.415,0.005,261.947,1.192,V
2458137.9092795,2018-01-19.4044171,bd,2.20,14.698,10.405,0.005,264.174,1.165,V
2458138.9026130,2018-01-20.3978085,bd,1.53,14.793,10.414,0.005,262.059,1.107,V
2458138.9038874,2018-01-20.3990830,bd,1.55,14.795,10.415,0.005,261.806,1.123,V
2458138.9051619,2018-01-20.4003576,bd,1.59,14.790,10.407,0.005,263.758,1.095,V
2458139.5826629,2018-01-21.0778988,bl,1.5,15.246,10.604,0.004,208.249,0.804,g
2458139.5838731,2018-01-21.0791091,bl,1.48,15.254,10.617,0.004,205.614,0.801,g
2458139.5850927,2018-01-21.0803287,bl,1.47,15.269,10.649,0.004,199.586,0.778,g
2458140.6151371,2018-01-22.1104353,bl,1.48,15.248,10.622,0.004,204.732,0.818,g
2458140.6163568,2018-01-22.1116551,bl,1.49,15.255,10.641,0.004,201.178,0.769,g
2458140.6175795,2018-01-22.1128779,bl,1.51,15.237,10.608,0.004,207.495,0.799,g
2458141.6257535,2018-01-23.1211140,bl,1.49,15.251,10.635,0.004,202.279,0.795,g
2458141.6269719,2018-01-23.1223324,bl,1.45,15.251,10.638,0.004,201.784,0.766,g
2458141.6281938,2018-01-23.1235543,bl,1.47,15.251,10.638,0.004,201.646,0.781,g
2458141.7268443,2018-01-23.2222111,bd,1.46,14.788,10.414,0.004,262.027,1.028,V
2458141.7281232,2018-01-23.2234900,bd,1.49,14.790,10.420,0.004,260.573,1.041,V
2458141.7294107,2018-01-23.2247776,bd,1.48,14.781,10.404,0.005,264.520,1.064,V
2458142.6183577,2018-01-24.1137805,bl,1.46,15.236,10.623,0.004,204.632,0.793,g
2458142.6195771,2018-01-24.1149999,bl,1.47,15.235,10.621,0.004,204.859,0.802,g
2458142.6207944,2018-01-24.1162173,bl,1.49,15.244,10.626,0.004,204.076,0.856,g
2458143.3016060,2018-01-24.7970723,bp,1.57,15.267,10.638,0.004,201.811,0.756,g
2458143.3028483,2018-01-24.7983146,bp,1.51,15.264,10.628,0.004,203.537,0.754,g
2458143.3040573,2018-01-24.7995238,bp,1.51,15.260,10.627,0.004,203.869,0.767,g
2458143.7158287,2018-01-25.2113217,bd,1.46,14.493,10.410,0.006,262.973,1.449,V
2458143.7171017,2018-01-25.2125948,bd,1.48,14.653,10.415,0.005,261.685,1.282,V
2458143.7183755,2018-01-25.2138686,bd,1.48,14.739,10.410,0.005,263.019,1.131,V
2458144.2969369,2018-01-25.7924677,bp,1.70,14.998,10.627,0.009,203.861,1.718,g
2458144.2981601,2018-01-25.7936909,bp,1.66,15.236,10.636,0.004,202.075,0.788,g
2458144.2993659,2018-01-25.7948968,bp,1.65,15.055,10.635,0.006,202.250,1.073,g
2458144.7718094,2018-01-26.2673712,bt,2.00,15.139,10.640,0.004,201.330,0.852,g
2458144.7731184,2018-01-26.2686803,bt,1.98,15.141,10.633,0.004,202.744,0.873,g
2458144.7743501,2018-01-26.2699121,bt,1.88,15.137,10.637,0.004,202.013,0.884,g
2458145.3400094,2018-01-26.8356088,bp,1.57,15.232,10.663,0.004,197.171,0.800,g
2458145.3412738,2018-01-26.8368733,bp,1.61,15.230,10.637,0.004,201.871,0.850,g
2458145.3424990,2018-01-26.8380985,bp,1.58,15.219,10.643,0.004,200.878,0.844,g
2458145.5753179,2018-01-27.0709329,bt,2.45,14.730,10.676,0.008,194.815,1.539,g
2458145.5765398,2018-01-27.0721550,bt,2.25,14.953,10.652,0.007,199.132,1.313,g
2458145.5842081,2018-01-27.0798238,bl,1.5,15.255,10.647,0.005,200.012,0.860,g
2458145.5854259,2018-01-27.0810416,bl,1.45,15.254,10.649,0.004,199.669,0.836,g
2458145.5866442,2018-01-27.0822600,bl,1.51,15.257,10.649,0.004,199.696,0.811,g
2458145.6586533,2018-01-27.1542739,bh,1.37,14.731,10.401,0.004,265.058,1.102,V
2458145.6599225,2018-01-27.1555433,bh,1.36,14.747,10.403,0.005,264.587,1.120,V
2458145.6611962,2018-01-27.1568170,bh,1.40,14.731,10.399,0.005,265.738,1.161,V
2458147.8090651,2018-01-29.3048317,bd,2.13,14.114,10.410,0.008,262.996,1.931,V
2458147.8103444,2018-01-29.3061112,bd,1.69,14.624,10.415,0.006,261.676,1.244,V
2458148.3577622,2018-01-29.8535669,bp,1.80,15.177,10.634,0.005,202.472,0.915,g
2458148.3589833,2018-01-29.8547881,bp,1.80,15.171,10.633,0.005,202.738,0.951,g
2458148.3601984,2018-01-29.8560033,bp,1.77,15.190,10.649,0.005,199.712,0.955,g
2458148.6152054,2018-01-30.1110281,bl,1.55,15.224,10.662,0.005,197.402,0.895,g
2458148.6164212,2018-01-30.1122440,bl,1.54,15.214,10.655,0.005,198.701,0.884,g
2458148.6176489,2018-01-30.1134717,bl,1.56,15.236,10.675,0.005,195.025,0.850,g
2458148.7942826,2018-01-30.2901179,bt,1.60,15.123,10.634,0.005,202.476,0.936,g
2458148.7954981,2018-01-30.2913335,bt,1.69,15.119,10.694,0.005,191.513,0.874,g
2458148.7967181,2018-01-30.2925535,bt,1.63,15.103,10.646,0.005,200.347,0.947,g
2458149.6076057,2018-01-31.1034982,bl,1.59,15.118,10.682,0.006,193.675,0.979,g
2458149.6088254,2018-01-31.1047180,bl,1.49,15.086,10.687,0.006,192.843,1.018,g
2458149.6100467,2018-01-31.1059394,bl,1.63,15.137,10.676,0.006,194.909,0.952,g
2458150.3461606,2018-01-31.8421058,bp,1.63,15.245,10.705,0.004,189.794,0.790,g
2458150.3473747,2018-01-31.8433200,bp,1.62,15.227,10.643,0.004,200.706,0.826,g
2458150.3486073,2018-01-31.8445526,bp,1.65,15.225,10.640,0.004,201.530,0.815,g
2458152.3252625,2018-02-02.8213514,bp,1.53,15.261,10.632,0.004,202.785,0.760,g
2458152.3264836,2018-02-02.8225725,bp,1.58,15.262,10.633,0.004,202.630,0.784,g
2458152.3277009,2018-02-02.8237899,bp,1.61,15.265,10.640,0.004,201.534,0.756,g
2458152.8653865,2018-02-03.3615152,bd,1.50,14.817,10.412,0.004,262.589,1.013,V
2458152.8666669,2018-02-03.3627958,bd,1.48,14.810,10.404,0.005,264.373,1.049,V
2458152.8679417,2018-02-03.3640706,bd,1.49,14.815,10.407,0.004,263.823,1.025,V
2458153.3753413,2018-02-03.8715080,bp,2.13,15.217,10.645,0.006,200.364,1.098,g
2458153.3765497,2018-02-03.8727164,bp,2.10,15.216,10.651,0.006,199.409,1.047,g
2458153.3777625,2018-02-03.8739293,bp,2.10,15.218,10.655,0.005,198.641,1.017,g
2458154.4231560,2018-02-04.9194013,bp,1.49,15.225,10.631,0.004,203.145,0.760,g
2458154.4243662,2018-02-04.9206115,bp,1.56,15.229,10.644,0.004,200.701,0.760,g
2458154.4255719,2018-02-04.9218174,bp,1.58,15.223,10.635,0.004,202.378,0.806,g
2458155.4328367,2018-02-05.9291586,bp,1.52,15.199,10.621,0.004,204.926,0.829,g
2458155.4341342,2018-02-05.9304563,bp,1.49,15.208,10.633,0.004,202.614,0.862,g
2458155.4353446,2018-02-05.9316668,bp,1.49,15.192,10.615,0.005,205.911,0.883,g
2458156.4217733,2018-02-06.9181713,bp,1.55,15.211,10.623,0.004,204.602,0.797,g
2458156.4229814,2018-02-06.9193795,bp,1.54,15.217,10.636,0.004,202.002,0.816,g
2458156.4241967,2018-02-06.9205949,bp,1.50,15.203,10.622,0.004,204.725,0.795,g
2458157.5826577,2018-02-08.0791459,bh,1.41,14.766,10.400,0.004,265.404,1.059,V
2458157.5839362,2018-02-08.0804245,bh,1.36,14.762,10.402,0.004,264.954,1.078,V
2458157.5851902,2018-02-08.0816786,bh,1.32,14.766,10.403,0.004,264.714,1.068,V
2458157.5873635,2018-02-08.0838520,bl,1.45,15.230,10.630,0.004,203.219,0.813,g
2458157.5885754,2018-02-08.0850640,bl,1.46,15.227,10.628,0.004,203.623,0.826,g
2458157.5897988,2018-02-08.0862875,bl,1.49,15.229,10.628,0.004,203.615,0.827,g
2458158.5793258,2018-02-09.0758924,bl,1.52,15.220,10.622,0.004,204.753,0.844,g
2458158.5805466,2018-02-09.0771133,bl,1.44,15.228,10.635,0.004,202.335,0.857,g
2458158.5817661,2018-02-09.0783329,bl,1.44,15.221,10.625,0.004,204.321,0.823,g
2458159.5749132,2018-02-10.0715589,bl,1.48,15.252,10.635,0.005,202.236,0.851,g
2458159.5761321,2018-02-10.0727779,bl,1.5,15.246,10.628,0.004,203.672,0.809,g
2458159.5773517,2018-02-10.0739976,bl,1.47,15.254,10.638,0.005,201.778,0.877,g
2458159.6312511,2018-02-10.1279013,bh,1.33,14.746,10.398,0.005,265.985,1.108,V
2458159.6325215,2018-02-10.1291718,bh,1.33,14.755,10.409,0.004,263.001,1.066,V
2458159.6338007,2018-02-10.1304512,bh,1.37,14.742,10.397,0.004,266.088,1.089,V
2458160.5631321,2018-02-11.0598571,bl,1.51,15.236,10.641,0.005,201.120,0.882,g
2458160.5643559,2018-02-11.0610810,bl,1.5,15.230,10.632,0.005,202.848,0.865,g
2458160.5655746,2018-02-11.0622998,bl,1.51,15.231,10.641,0.004,201.273,0.806,g
2458160.6651876,2018-02-11.1619209,bh,1.36,14.702,10.409,0.004,263.283,1.110,V
2458160.6664570,2018-02-11.1631905,bh,1.36,14.694,10.401,0.005,265.263,1.148,V
2458160.6677346,2018-02-11.1644681,bh,1.33,14.693,10.401,0.004,265.165,1.121,V
2458161.8217461,2018-02-12.3185731,bd,1.47,14.829,10.411,0.004,262.797,1.005,V
2458161.8230094,2018-02-12.3198365,bd,1.46,14.828,10.409,0.004,263.293,1.008,V
2458161.8242727,2018-02-12.3211000,bd,1.50,14.831,10.415,0.004,261.654,0.996,V
2458167.7690966,2018-02-18.2664206,bd,1.45,14.816,10.405,0.004,264.319,1.029,V
2458167.7703587,2018-02-18.2676828,bd,1.47,14.811,10.392,0.004,267.423,1.018,V
2458167.7716252,2018-02-18.2689495,bd,1.46,14.814,10.401,0.004,265.187,1.011,V
2458175.3659270,2018-02-25.8639141,bp,1.63,15.206,10.642,0.005,201.020,0.889,g
2458175.3671341,2018-02-25.8651213,bp,1.58,15.212,10.647,0.005,200.181,0.934,g
2458175.3683540,2018-02-25.8663412,bp,1.63,15.211,10.649,0.005,199.741,0.885,g
2458175.6892356,2018-02-26.1872514,bt,1.59,15.140,10.623,0.004,204.508,0.859,g
2458175.6904648,2018-02-26.1884807,bt,1.55,15.138,10.633,0.004,202.740,0.856,g
2458175.6917008,2018-02-26.1897169,bt,1.57,15.139,10.636,0.004,202.231,0.859,g
2458176.5651153,2018-02-27.0632091,bl,1.54,15.222,10.675,0.005,194.876,0.848,g
2458176.5663404,2018-02-27.0644344,bl,1.5,15.222,10.672,0.004,195.599,0.838,g
2458176.5675579,2018-02-27.0656519,bl,1.53,15.224,10.670,0.005,195.973,0.887,g
2458177.5220599,2018-02-28.0202393,bl,1.53,15.039,10.699,0.007,190.710,1.141,g
2458178.6006911,2018-03-01.0989673,bl,1.54,15.134,10.683,0.006,193.695,0.950,g
2458178.6019062,2018-03-01.1001825,bl,1.51,15.121,10.666,0.005,196.643,0.917,g
2458178.6031224,2018-03-01.1013988,bl,1.49,15.142,10.652,0.005,199.186,0.934,g
2458180.6060008,2018-03-03.1044577,bl,1.51,15.124,10.638,0.005,201.799,0.979,g
2458180.6072181,2018-03-03.1056751,bl,1.49,15.118,10.648,0.005,200.036,0.941,g
2458180.6084353,2018-03-03.1068924,bl,1.48,15.108,10.652,0.005,199.209,0.946,g
2458181.5974826,2018-03-04.0960291,bl,1.47,15.186,10.646,0.005,200.408,0.905,g
2458181.5986970,2018-03-04.0972436,bl,1.47,15.173,10.647,0.005,200.023,0.925,g
2458181.5999131,2018-03-04.0984599,bl,1.58,15.172,10.643,0.005,200.741,0.943,g
2458182.5966305,2018-03-05.0952676,bl,1.5,15.170,10.638,0.005,201.862,0.943,g
2458182.5978486,2018-03-05.0964859,bl,1.49,15.171,10.645,0.005,200.417,0.931,g
2458182.5990662,2018-03-05.0977035,bl,1.49,15.156,10.628,0.005,203.797,0.898,g
2458183.5919840,2018-03-06.0907115,bl,1.46,15.170,10.638,0.005,201.615,0.882,g
2458183.5932022,2018-03-06.0919298,bl,1.47,15.178,10.643,0.005,200.793,0.906,g
2458183.5944180,2018-03-06.0931457,bl,1.45,15.174,10.643,0.005,200.910,0.899,g
2458184.5982325,2018-03-07.0970515,bl,1.48,15.155,10.639,0.005,201.496,0.994,g
2458184.5994558,2018-03-07.0982749,bl,1.47,15.148,10.631,0.005,202.981,0.895,g
2458184.6006729,2018-03-07.0994922,bl,1.51,15.152,10.637,0.005,201.935,0.968,g
2458186.5869954,2018-03-09.0859956,bl,1.5,15.199,10.697,0.004,191.028,0.831,g
2458186.5882216,2018-03-09.0872219,bl,1.52,15.199,10.700,0.004,190.659,0.825,g
2458186.5894370,2018-03-09.0884374,bl,1.45,15.201,10.706,0.004,189.589,0.817,g
2458187.5479550,2018-03-10.0470427,bl,1.49,15.226,10.645,0.005,200.337,0.895,g
2458187.5491723,2018-03-10.0482602,bl,1.48,15.226,10.651,0.005,199.271,0.861,g
2458187.5503859,2018-03-10.0494739,bl,1.45,15.221,10.642,0.005,201.044,0.884,g
2458188.5747250,2018-03-11.0739064,bh,1.36,14.758,10.460,0.006,251.342,1.331,V
2458188.5759819,2018-03-11.0751635,bh,1.40,14.756,10.459,0.006,251.543,1.339,V
2458188.5772459,2018-03-11.0764276,bh,1.36,14.766,10.468,0.005,249.319,1.249,V
2458189.5747756,2018-03-12.0740483,bl,1.54,15.211,10.657,0.005,198.287,0.896,g
2458189.5759857,2018-03-12.0752585,bl,1.51,15.219,10.673,0.005,195.487,0.878,g
2458189.5772053,2018-03-12.0764782,bl,1.49,15.218,10.672,0.005,195.490,0.882,g
2458190.5959045,2018-03-13.0952703,bl,1.52,15.187,10.666,0.005,196.627,0.903,g
2458190.5971182,2018-03-13.0964842,bl,1.52,15.191,10.674,0.005,195.299,0.953,g
2458190.5983356,2018-03-13.0977016,bl,1.52,15.189,10.680,0.005,194.093,0.909,g
2458191.5655173,2018-03-14.0649715,bl,1.47,15.183,10.641,0.005,201.198,0.901,g
2458191.5667382,2018-03-14.0661925,bl,1.49,15.184,10.649,0.005,199.720,0.925,g
2458191.5679536,2018-03-14.0674080,bl,1.48,15.182,10.645,0.005,200.452,0.897,g
2458192.5719745,2018-03-15.0715204,bl,1.46,15.202,10.645,0.005,200.332,0.885,g
2458192.5731977,2018-03-15.0727437,bl,1.48,15.197,10.638,0.004,201.747,0.857,g
2458192.5744163,2018-03-15.0739623,bl,1.47,15.197,10.642,0.005,200.968,0.895,g
2458193.5598969,2018-03-16.0595326,bl,1.5,15.218,10.683,0.004,193.622,0.821,g
2458193.5611153,2018-03-16.0607511,bl,1.45,15.220,10.691,0.004,192.097,0.825,g
2458193.5623337,2018-03-16.0619696,bl,1.5,15.217,10.684,0.005,193.350,0.846,g
2458194.5663833,2018-03-17.0661104,bl,1.43,15.198,10.653,0.005,199.085,0.874,g
2458194.5675980,2018-03-17.0673252,bl,1.44,15.191,10.645,0.005,200.530,0.876,g
2458194.5688177,2018-03-17.0685450,bl,1.44,15.194,10.657,0.005,198.278,0.863,g
2458195.5580368,2018-03-18.0578538,bl,1.51,15.205,10.655,0.004,198.670,0.818,g
2458195.5592537,2018-03-18.0590708,bl,1.5,15.199,10.648,0.004,199.880,0.855,g
2458195.5604837,2018-03-18.0603009,bl,1.47,15.200,10.657,0.004,198.103,0.829,g
2458196.5612187,2018-03-19.0611264,bl,1.49,15.197,10.632,0.005,202.884,0.927,g
2458196.5624429,2018-03-19.0623507,bl,1.47,15.198,10.631,0.005,202.920,0.927,g
2458196.5636633,2018-03-19.0635712,bl,1.49,15.204,10.643,0.005,200.805,0.940,g
2458197.5487063,2018-03-20.0487031,bl,1.48,15.209,10.645,0.005,200.345,0.890,g
2458197.5499247,2018-03-20.0499216,bl,1.44,15.204,10.636,0.005,202.069,0.894,g
2458197.5511429,2018-03-20.0511399,bl,1.47,15.202,10.636,0.004,202.069,0.867,g
2458198.5585717,2018-03-21.0586593,bl,1.52,15.199,10.643,0.005,200.767,0.909,g
2458198.5597874,2018-03-21.0598751,bl,1.47,15.193,10.640,0.005,201.460,0.882,g
2458198.5610060,2018-03-21.0610938,bl,1.47,15.183,10.626,0.004,203.974,0.857,g
2458199.5470696,2018-03-22.0472459,bl,1.46,15.199,10.642,0.005,200.873,0.897,g
2458199.5482845,2018-03-22.0484609,bl,1.5,15.195,10.637,0.005,201.821,0.908,g
2458199.5494995,2018-03-22.0496760,bl,1.48,15.200,10.652,0.005,199.230,0.935,g
2458203.5429113,2018-03-26.0434425,bl,1.55,15.172,10.644,0.004,200.693,0.871,g
2458203.5441368,2018-03-26.0446682,bl,1.56,15.174,10.652,0.005,199.156,0.947,g
2458203.5453576,2018-03-26.0458891,bl,1.55,15.183,10.654,0.005,198.686,0.913,g
2458204.5413819,2018-03-27.0420009,bl,1.49,15.169,10.659,0.004,197.899,0.870,g
2458204.5425984,2018-03-27.0432176,bl,1.54,15.178,10.665,0.005,196.739,0.868,g
2458204.5438134,2018-03-27.0444326,bl,1.53,15.171,10.669,0.005,196.085,0.897,g
2458205.5360535,2018-03-28.0367595,bl,1.66,15.149,10.650,0.005,199.501,0.955,g
2458205.5372695,2018-03-28.0379756,bl,1.66,15.167,10.649,0.005,199.888,0.972,g
2458205.5384867,2018-03-28.0391929,bl,1.55,15.153,10.659,0.005,197.855,0.956,g
2458206.5069652,2018-03-29.0077555,bl,1.7,15.175,10.637,0.005,201.962,0.971,g
2458206.5081866,2018-03-29.0089771,bl,1.65,15.167,10.648,0.005,199.917,0.968,g
2458206.5094053,2018-03-29.0101958,bl,1.63,15.179,10.649,0.005,199.752,0.985,g
2458210.4772578,2018-04-01.9783885,bl,1.58,15.153,10.652,0.005,199.244,0.947,g
2458210.4784791,2018-04-01.9796099,bl,1.63,15.169,10.662,0.005,197.231,0.911,g
2458210.4796938,2018-04-01.9808247,bl,1.59,15.199,10.655,0.005,198.491,0.891,g
2458211.2628467,2018-04-02.7640437,bp,1.50,15.243,10.660,0.004,197.712,0.833,g
2458211.2640573,2018-04-02.7652544,bp,1.56,15.244,10.668,0.004,196.208,0.791,g
2458211.2652642,2018-04-02.7664614,bp,1.51,15.232,10.651,0.004,199.409,0.846,g
2458211.5059122,2018-04-03.0071296,bl,1.47,15.184,10.636,0.005,202.149,0.886,g
2458211.5071188,2018-04-03.0083363,bl,1.49,15.183,10.638,0.005,201.673,0.887,g
2458214.5114683,2018-04-06.0129354,bh,1.36,14.707,10.428,0.005,258.673,1.248,V
2458214.5127427,2018-04-06.0142100,bh,1.38,14.697,10.409,0.005,263.167,1.235,V
2458214.5140238,2018-04-06.0154912,bh,1.41,14.693,10.404,0.005,264.359,1.275,V
2458215.5076076,2018-04-07.0091562,bh,1.36,14.714,10.413,0.005,262.279,1.195,V
2458215.5088766,2018-04-07.0104253,bh,1.36,14.712,10.408,0.005,263.566,1.170,V
2458215.5101520,2018-04-07.0117008,bh,1.37,14.707,10.394,0.005,266.699,1.216,V
2458216.5059403,2018-04-08.0075698,bh,1.40,14.718,10.421,0.005,260.243,1.153,V
2458216.5072088,2018-04-08.0088384,bh,1.38,14.715,10.403,0.005,264.743,1.147,V
2458216.5084715,2018-04-08.0101012,bh,1.37,14.719,10.414,0.005,262.117,1.147,V
2458217.4973308,2018-04-08.9990400,bl,1.66,15.182,10.642,0.005,201.099,0.954,g
2458217.4985458,2018-04-09.0002550,bl,1.62,15.177,10.633,0.005,202.582,0.923,g
2458217.4997762,2018-04-09.0014855,bl,1.66,15.174,10.627,0.005,203.871,0.964,g
2458218.4964546,2018-04-09.9982433,bl,1.61,15.085,10.642,0.006,201.034,1.103,g
2458218.4976684,2018-04-09.9994572,bl,1.61,15.013,10.636,0.006,202.126,1.182,g
2458218.4988881,2018-04-10.0006770,bl,1.59,14.993,10.644,0.007,200.547,1.204,g
2458220.5029402,2018-04-12.0048863,bl,1.53,15.160,10.634,0.005,202.465,0.914,g
2458220.5041576,2018-04-12.0061038,bl,1.57,15.164,10.640,0.005,201.416,0.943,g
2458220.5053750,2018-04-12.0073213,bl,1.49,15.170,10.654,0.005,198.799,0.950,g
2458221.4827868,2018-04-12.9848086,bl,2.0,15.171,10.639,0.005,201.635,1.052,g
2458221.4840047,2018-04-12.9860266,bl,1.78,15.164,10.631,0.005,203.171,0.994,g
2458222.4978590,2018-04-13.9999583,bl,1.48,15.186,10.637,0.005,201.907,0.949,g
2458222.4990779,2018-04-14.0011773,bl,1.49,15.182,10.633,0.004,202.627,0.868,g
2458222.5003042,2018-04-14.0024037,bl,1.5,15.185,10.640,0.005,201.288,0.924,g
2458223.2149128,2018-04-14.7170664,bp,1.54,15.209,10.643,0.005,200.865,0.885,g
2458223.2161301,2018-04-14.7182838,bp,1.54,15.231,10.668,0.005,196.403,0.867,g
2458223.2173463,2018-04-14.7195000,bp,1.49,15.225,10.640,0.004,201.370,0.835,g
2458223.4809868,2018-04-14.9831604,bl,1.54,15.192,10.629,0.005,203.527,0.916,g
2458223.4822069,2018-04-14.9843806,bl,1.53,15.191,10.639,0.005,201.599,0.898,g
2458223.4834256,2018-04-14.9855994,bl,1.53,15.192,10.630,0.005,203.225,0.895,g
2458224.2140765,2018-04-15.7163050,bp,1.73,15.199,10.661,0.005,197.620,0.910,g
2458224.2152813,2018-04-15.7175098,bp,1.64,15.205,10.656,0.005,198.465,0.938,g
2458224.2164990,2018-04-15.7187276,bp,1.70,15.211,10.654,0.005,198.804,0.950,g
2458224.4763960,2018-04-15.9786439,bl,1.64,99.990,99.990,99.990,99.990,99.990,g
2458224.4776180,2018-04-15.9798660,bl,1.64,15.176,10.631,0.005,202.961,0.986,g
2458224.4788367,2018-04-15.9810848,bl,1.7,15.180,10.638,0.005,201.771,0.926,g
2458225.2391250,2018-04-16.7414294,bp,1.61,14.348,10.601,0.016,208.689,3.117,g
2458225.2403415,2018-04-16.7426459,bp,1.66,14.219,10.534,0.030,222.163,6.131,g
2458225.2415508,2018-04-16.7438553,bp,1.54,99.990,99.990,99.990,99.990,99.990,g
2458225.4762642,2018-04-16.9785859,bh,1.33,14.431,10.443,0.007,255.155,1.631,V
2458225.4775789,2018-04-16.9799007,bh,1.36,14.508,10.417,0.006,261.423,1.461,V
2458225.4788474,2018-04-16.9811693,bh,1.36,14.611,10.405,0.006,264.019,1.398,V
2458227.4704669,2018-04-18.9729329,bl,1.52,15.169,10.635,0.005,202.272,1.010,g
2458227.4716831,2018-04-18.9741492,bl,1.51,15.166,10.633,0.005,202.558,0.906,g
2458227.4728975,2018-04-18.9753636,bl,1.52,15.166,10.627,0.005,203.728,0.941,g
2458230.2091435,2018-04-21.7118013,bp,2.48,15.105,10.668,0.008,196.262,1.370,g
2458230.2103624,2018-04-21.7130202,bp,2.42,15.116,10.660,0.008,197.836,1.434,g
2458230.2115660,2018-04-21.7142240,bp,2.38,15.115,10.646,0.008,200.362,1.390,g
2458231.2071294,2018-04-22.7098552,bp,2.47,15.080,10.674,0.008,195.259,1.436,g
2458320.6870711,2018-07-21.1904429,bp,1.59,15.100,10.662,0.005,197.383,0.858,g
2458320.6882851,2018-07-21.1916569,bp,1.65,15.111,10.677,0.005,194.558,0.916,g
2458320.9328663,2018-07-21.4362245,bl,1.5,15.114,10.636,0.005,202.221,0.889,g
2458320.9340827,2018-07-21.4374408,bl,1.58,15.120,10.639,0.005,201.484,0.855,g
2458320.9352980,2018-07-21.4386560,bl,1.54,15.124,10.648,0.005,199.965,0.935,g
2458321.6849961,2018-07-22.1883120,bp,1.50,15.166,10.634,0.004,202.603,0.874,g
2458321.6862021,2018-07-22.1895179,bp,1.62,15.141,10.646,0.004,200.433,0.853,g
2458321.6874066,2018-07-22.1907224,bp,1.64,15.129,10.662,0.005,197.327,0.841,g
2458321.9304174,2018-07-22.4337194,bh,1.92,13.566,10.461,0.017,251.003,3.989,V
2458321.9316823,2018-07-22.4349843,bh,2.01,13.482,10.482,0.017,246.152,3.785,V
2458321.9329582,2018-07-22.4362601,bh,1.89,13.933,10.447,0.012,254.186,2.828,V
2458322.6843036,2018-07-23.1875624,bp,1.60,15.166,10.636,0.004,202.138,0.865,g
2458322.6855423,2018-07-23.1888010,bp,1.60,15.159,10.660,0.004,197.607,0.823,g
2458322.6867858,2018-07-23.1900444,bp,1.61,15.135,10.644,0.004,200.601,0.858,g
2458322.9269000,2018-07-23.4301448,bh,1.32,13.968,10.465,0.013,250.040,2.919,V
2458322.9281648,2018-07-23.4314095,bh,1.31,14.152,10.419,0.008,260.957,1.876,V
2458322.9294409,2018-07-23.4326856,bh,1.38,14.164,10.412,0.009,262.410,2.106,V
2458323.9229476,2018-07-24.4261340,bl,1.61,15.114,10.644,0.005,200.768,0.900,g
2458323.9241623,2018-07-24.4273486,bl,1.57,15.110,10.638,0.005,201.688,0.876,g
2458323.9253811,2018-07-24.4285673,bl,1.59,15.112,10.629,0.004,203.261,0.880,g
2458325.6743539,2018-07-26.1774350,bp,1.66,15.124,10.646,0.005,200.277,0.826,g
2458325.6755641,2018-07-26.1786451,bp,1.57,15.120,10.638,0.005,201.692,0.821,g
2458325.6767765,2018-07-26.1798575,bp,1.69,15.120,10.635,0.004,202.250,0.826,g
2458328.6572045,2018-07-29.1600985,bp,2.31,15.064,10.638,0.005,201.692,0.861,g
2458328.6584095,2018-07-29.1613035,bp,2.28,15.057,10.651,0.005,199.501,0.845,g
2458328.6596272,2018-07-29.1625211,bp,2.24,15.071,10.646,0.005,200.184,0.863,g
2458328.9137859,2018-07-29.4166634,bl,1.53,15.079,10.644,0.005,200.631,0.950,g
2458328.9150061,2018-07-29.4178835,bl,1.54,15.097,10.652,0.005,199.100,0.955,g
2458328.9162249,2018-07-29.4191022,bl,1.58,15.104,10.643,0.005,200.851,0.912,g
2458333.6817965,2018-08-03.1843544,bp,2.10,15.152,10.638,0.004,201.897,0.786,g
2458333.6830139,2018-08-03.1855717,bp,2.12,15.151,10.646,0.004,200.321,0.810,g
2458333.6842204,2018-08-03.1867781,bp,2.15,15.138,10.643,0.004,200.760,0.821,g
2458339.1181542,2018-08-08.6203211,bd,1.60,14.735,10.399,0.005,265.858,1.166,V
2458339.1194291,2018-08-08.6215960,bd,1.54,14.738,10.400,0.005,265.428,1.176,V
2458339.1207056,2018-08-08.6228724,bd,1.59,14.747,10.413,0.005,262.179,1.169,V
2458339.9013471,2018-08-09.4034555,bl,1.68,15.137,10.626,0.005,204.106,0.914,g
2458339.9025719,2018-08-09.4046802,bl,1.67,15.136,10.624,0.005,204.332,0.916,g
2458339.9037871,2018-08-09.4058953,bl,1.71,15.137,10.620,0.005,205.179,0.942,g
2458340.8980616,2018-08-10.4000949,bh,1.37,14.781,10.388,0.004,268.215,1.043,V
2458340.8993226,2018-08-10.4013557,bh,1.39,14.788,10.393,0.004,267.122,1.029,V
2458340.9005988,2018-08-10.4026318,bh,1.36,14.784,10.389,0.004,268.183,1.019,V
2458343.8911005,2018-08-13.3929031,bl,1.6,15.123,10.640,0.004,201.300,0.830,g
2458343.8923192,2018-08-13.3941217,bl,1.63,15.110,10.635,0.005,202.388,0.903,g
2458343.8935393,2018-08-13.3953417,bl,1.62,15.123,10.642,0.004,201.130,0.865,g
2458344.8878903,2018-08-14.3896146,bl,1.51,15.155,10.632,0.004,202.902,0.865,g
2458344.8891208,2018-08-14.3908449,bl,1.51,15.154,10.627,0.004,203.896,0.885,g
2458344.8903480,2018-08-14.3920720,bl,1.52,15.152,10.625,0.004,204.332,0.846,g
2458345.8855465,2018-08-15.3871916,bh,1.35,14.789,10.397,0.004,266.206,1.060,V
2458345.8868132,2018-08-15.3884582,bh,1.37,14.797,10.409,0.004,263.225,1.015,V
2458345.8880865,2018-08-15.3897314,bh,1.37,14.800,10.411,0.004,262.670,1.009,V
2458347.8816357,2018-08-17.3831205,bl,1.46,15.159,10.633,0.004,202.631,0.838,g
2458347.8828558,2018-08-17.3843404,bl,1.49,15.150,10.623,0.004,204.596,0.867,g
2458347.8840826,2018-08-17.3855671,bl,1.48,15.150,10.623,0.004,204.665,0.863,g
2458349.8789471,2018-08-19.3802687,bl,1.49,15.149,10.625,0.004,204.244,0.848,g
2458349.8801654,2018-08-19.3814869,bl,1.5,15.147,10.615,0.004,206.063,0.856,g
2458349.8813805,2018-08-19.3827019,bl,1.49,15.147,10.623,0.004,204.399,0.847,g
2458353.6069496,2018-08-23.1079605,bp,1.62,15.180,10.646,0.004,200.303,0.770,g
2458353.6081687,2018-08-23.1091794,bp,1.51,15.178,10.635,0.004,202.208,0.800,g
2458353.6093879,2018-08-23.1103985,bp,1.59,99.990,99.990,99.990,99.990,99.990,g
2458353.8773977,2018-08-23.3783857,bh,1.64,14.262,10.432,0.007,257.666,1.705,V
2458353.8786664,2018-08-23.3796543,bh,1.59,14.423,10.409,0.007,263.165,1.713,V
2458353.8799522,2018-08-23.3809400,bh,1.61,14.603,10.411,0.005,262.638,1.187,V
2458354.6074409,2018-08-24.1083670,bp,1.54,15.175,10.649,0.004,199.736,0.811,g
2458354.6086471,2018-08-24.1095731,bp,1.57,15.183,10.651,0.004,199.355,0.835,g
2458354.6098509,2018-08-24.1107768,bp,1.53,15.189,10.666,0.004,196.695,0.813,g
2458355.6060177,2018-08-25.1068588,bp,1.62,15.144,10.657,0.004,198.254,0.842,g
2458355.6076034,2018-08-25.1084444,bp,1.68,15.145,10.643,0.004,200.793,0.878,g
2458355.8628811,2018-08-25.3637002,bl,1.5,15.128,10.644,0.005,200.690,0.910,g
2458355.8640961,2018-08-25.3649151,bl,1.54,15.122,10.637,0.004,202.040,0.856,g
2458355.8653125,2018-08-25.3661315,bl,1.47,15.135,10.641,0.005,201.182,0.936,g
2458359.6062423,2018-08-29.1067382,bp,1.63,15.198,10.654,0.004,198.866,0.779,g
2458359.6074601,2018-08-29.1079559,bp,1.59,15.189,10.646,0.004,200.131,0.822,g
2458359.6086722,2018-08-29.1091679,bp,1.63,15.196,10.654,0.004,198.858,0.808,g
2458361.5839525,2018-08-31.0842754,bp,1.52,15.099,10.643,0.005,200.916,0.859,g
2458361.5851637,2018-08-31.0854866,bp,1.54,15.094,10.634,0.005,202.451,0.886,g
2458361.5863676,2018-08-31.0866903,bp,1.55,15.090,10.630,0.005,203.185,0.862,g
2458362.5847715,2018-09-01.0850064,bp,1.52,15.169,10.630,0.004,203.287,0.774,g
2458362.5859884,2018-09-01.0862231,bp,1.56,15.175,10.626,0.004,203.870,0.833,g
2458362.5871957,2018-09-01.0874304,bp,1.58,15.179,10.624,0.004,204.363,0.770,g
2458363.1312403,2018-09-01.6314269,bd,1.43,14.791,10.405,0.005,264.203,1.061,V
2458363.1325138,2018-09-01.6327003,bd,1.44,14.794,10.411,0.004,262.744,1.053,V
2458363.1337886,2018-09-01.6339749,bd,1.50,14.782,10.401,0.004,265.050,1.049,V
2458371.0684334,2018-09-09.5679115,bd,1.43,14.783,10.404,0.004,264.331,1.047,V
2458371.0697099,2018-09-09.5691879,bd,1.44,14.783,10.406,0.004,263.830,1.051,V
2458371.0709822,2018-09-09.5704601,bd,1.42,14.782,10.405,0.004,264.166,1.031,V
2458371.6472290,2018-09-10.1466550,bp,1.54,15.241,10.623,0.004,204.654,0.746,g
2458371.6484351,2018-09-10.1478610,bp,1.46,15.243,10.620,0.004,205.119,0.760,g
2458371.6496457,2018-09-10.1490715,bp,1.58,15.241,10.621,0.004,204.943,0.748,g
2458371.8175362,2018-09-10.3169469,bh,1.37,14.753,10.395,0.004,266.457,1.048,V
2458371.8188020,2018-09-10.3182126,bh,1.37,14.768,10.392,0.004,267.313,1.053,V
2458371.8200772,2018-09-10.3194876,bh,1.36,14.773,10.389,0.004,268.108,1.044,V
2458372.6142107,2018-09-11.1135497,bp,1.64,15.217,10.637,0.004,201.902,0.821,g
2458372.6154411,2018-09-11.1147799,bp,1.66,15.210,10.638,0.004,201.821,0.794,g
2458372.6167229,2018-09-11.1160617,bp,1.64,15.209,10.623,0.004,204.646,0.856,g
2458372.8129676,2018-09-11.3122887,bl,1.65,15.048,10.633,0.005,202.763,0.881,g
2458372.8142003,2018-09-11.3135213,bl,1.65,15.088,10.628,0.005,203.745,0.922,g
2458372.8154285,2018-09-11.3147494,bl,1.65,15.093,10.626,0.005,203.994,0.902,g
2458373.6306403,2018-09-12.1298877,bp,1.54,15.240,10.626,0.004,204.003,0.738,g
2458373.6318544,2018-09-12.1311017,bp,1.53,15.233,10.616,0.004,205.906,0.752,g
2458373.6330675,2018-09-12.1323147,bp,1.53,15.235,10.624,0.004,204.361,0.733,g
2458373.8209371,2018-09-12.3201675,bl,1.77,13.052,10.676,0.030,194.786,5.383,g
2458373.8221519,2018-09-12.3213821,bl,1.89,13.134,10.664,0.027,197.040,4.989,g
2458373.8233688,2018-09-12.3225989,bl,1.83,99.990,99.990,99.990,99.990,99.990,g
2458375.8207194,2018-09-14.3197696,bl,1.6,15.111,10.624,0.004,204.227,0.905,g
2458375.8219382,2018-09-14.3209883,bl,1.61,15.114,10.637,0.005,202.044,0.814,g
2458375.8231546,2018-09-14.3222046,bl,1.57,15.109,10.621,0.004,205.020,0.869,g
2458376.8044533,2018-09-15.3034150,bh,1.39,14.775,10.391,0.004,267.609,1.037,V
2458376.8057324,2018-09-15.3046939,bh,1.37,14.775,10.396,0.004,266.433,1.037,V
2458376.8070056,2018-09-15.3059671,bh,1.39,14.782,10.409,0.004,263.111,1.022,V
2458378.0990181,2018-09-16.5978633,bd,1.50,14.798,10.410,0.004,262.941,1.010,V
2458378.1002963,2018-09-16.5991413,bd,1.52,14.796,10.411,0.004,262.791,1.021,V
2458378.1015719,2018-09-16.6004168,bd,1.54,14.800,10.411,0.004,262.772,0.998,V
2458380.7943805,2018-09-19.2929839,bl,1.64,15.099,10.625,0.005,204.118,0.901,g
2458380.7955927,2018-09-19.2941960,bl,1.66,15.098,10.625,0.005,204.206,0.856,g
2458380.7968119,2018-09-19.2954151,bl,1.63,15.105,10.632,0.005,202.794,0.884,g
2458382.8226860,2018-09-21.3211082,bh,1.40,14.788,10.398,0.004,266.019,1.052,V
2458382.8239491,2018-09-21.3223712,bh,1.44,14.782,10.396,0.004,266.407,1.035,V
2458382.8252114,2018-09-21.3236334,bh,1.47,14.793,10.405,0.004,264.062,1.034,V
2458383.7892445,2018-09-22.2875807,bh,1.40,14.772,10.417,0.005,261.205,1.098,V
2458383.7905086,2018-09-22.2888446,bh,1.40,14.775,10.415,0.004,261.823,1.059,V
2458384.7845986,2018-09-23.2828464,bl,1.51,15.103,10.640,0.005,201.519,0.895,g
2458384.7858290,2018-09-23.2840767,bl,1.53,15.128,10.636,0.004,202.021,0.867,g
2458384.7870496,2018-09-23.2852972,bl,1.53,15.125,10.637,0.004,201.817,0.894,g
2458386.8502350,2018-09-25.3483003,bl,1.52,15.150,10.644,0.005,200.689,0.909,g
2458386.8514549,2018-09-25.3495200,bl,1.58,15.164,10.639,0.005,201.520,0.890,g
2458386.8526706,2018-09-25.3507357,bl,1.55,15.170,10.650,0.005,199.453,0.917,g
2458387.0218419,2018-09-25.5198921,bd,1.43,14.432,10.403,0.006,264.853,1.531,V
2458388.5195362,2018-09-27.0174551,bp,2.39,15.018,10.663,0.007,197.124,1.339,g
2458388.5207513,2018-09-27.0186700,bp,1.61,15.138,10.650,0.005,199.606,0.905,g
2458388.5219831,2018-09-27.0199017,bp,1.61,15.143,10.652,0.005,199.095,0.892,g
2458389.9303891,2018-09-28.4281848,bt,2.06,15.006,10.637,0.006,201.917,1.008,g
2458389.9316089,2018-09-28.4294045,bt,2.02,15.025,10.663,0.006,197.066,1.002,g
2458389.9328628,2018-09-28.4306583,bt,2.04,15.036,10.654,0.005,198.852,0.962,g
2458394.1245748,2018-10-02.6220096,bd,1.48,14.792,10.398,0.004,266.078,1.008,V
2458396.6231770,2018-10-05.1204010,bp,1.45,99.990,99.990,99.990,99.990,99.990,g
2458396.6243899,2018-10-05.1216137,bp,1.52,99.990,99.990,99.990,99.990,99.990,g
2458396.6256088,2018-10-05.1228326,bp,1.49,99.990,99.990,99.990,99.990,99.990,g
2458397.1246275,2018-10-05.6218095,bd,1.58,14.428,10.394,0.005,266.956,1.366,V
2458397.1259342,2018-10-05.6231161,bd,1.58,14.464,10.408,0.006,263.403,1.405,V
2458397.1272116,2018-10-05.6243934,bd,1.60,14.504,10.405,0.005,264.325,1.324,V
2458398.5949555,2018-10-07.0920155,bp,1.51,15.193,10.617,0.004,205.835,0.771,g
2458398.5961709,2018-10-07.0932308,bp,1.55,15.189,10.612,0.004,206.655,0.753,g
2458398.5973955,2018-10-07.0944553,bp,1.53,15.188,10.610,0.004,207.154,0.787,g
2458401.7405070,2018-10-10.2373106,bl,1.41,14.562,10.633,0.009,202.634,1.705,g
2458401.7417327,2018-10-10.2385362,bl,1.46,14.836,10.631,0.006,203.120,1.109,g
2458401.7429447,2018-10-10.2397482,bl,1.42,14.996,10.607,0.005,207.573,0.999,g
2458402.6072660,2018-10-11.1040000,bp,1.70,15.143,10.616,0.004,205.814,0.795,g
2458402.6084776,2018-10-11.1052115,bp,1.57,15.145,10.621,0.004,204.941,0.806,g
2458402.6096825,2018-10-11.1064163,bp,1.58,15.144,10.618,0.004,205.495,0.817,g
2458403.1046087,2018-10-11.6013032,bd,1.49,14.791,10.400,0.004,265.333,1.045,V
2458403.1059336,2018-10-11.6026279,bd,1.45,14.790,10.406,0.004,264.168,1.045,V
2458403.1072355,2018-10-11.6039297,bd,1.45,14.790,10.403,0.004,264.621,1.051,V
2458405.7971413,2018-10-14.2936245,bH,2.09,15.182,10.648,0.004,199.846,0.784,g
2458405.7984124,2018-10-14.2948956,bH,2.10,15.181,10.650,0.004,199.460,0.826,g
2458405.7996789,2018-10-14.2961619,bH,2.09,15.180,10.645,0.004,200.430,0.808,g
2458406.9933202,2018-10-15.4897114,bd,1.44,14.784,10.422,0.004,260.036,1.036,V
2458406.9945961,2018-10-15.4909872,bd,1.43,14.791,10.418,0.005,260.986,1.056,V
2458406.9958730,2018-10-15.4922641,bd,1.42,14.794,10.414,0.004,261.860,1.031,V
2458408.7944934,2018-10-17.2907484,bl,1.55,15.171,10.653,0.004,199.008,0.840,g
2458408.7957109,2018-10-17.2919658,bl,1.57,15.163,10.640,0.004,201.471,0.854,g
2458408.7969273,2018-10-17.2931821,bl,1.49,15.168,10.644,0.004,200.646,0.826,g
2458409.7095657,2018-10-18.2057526,bl,1.6,15.079,10.649,0.006,199.711,0.970,g
2458409.7107862,2018-10-18.2069730,bl,1.57,15.084,10.663,0.005,197.160,0.888,g
2458409.7120037,2018-10-18.2081904,bl,1.6,15.082,10.641,0.005,201.165,0.937,g
2458409.8688731,2018-10-18.3650481,bH,1.40,15.260,10.650,0.004,199.546,0.766,g
2458409.8701440,2018-10-18.3663190,bH,1.38,15.258,10.645,0.004,200.485,0.777,g
2458409.8714077,2018-10-18.3675826,bH,1.40,15.259,10.648,0.004,199.959,0.794,g
2458410.5988496,2018-10-19.0949709,bp,1.58,15.245,10.633,0.004,202.754,0.731,g
2458410.6000555,2018-10-19.0961767,bp,1.56,15.245,10.631,0.004,203.006,0.760,g
2458410.6012552,2018-10-19.0973763,bp,1.51,15.244,10.629,0.004,203.361,0.747,g
2458410.7843049,2018-10-19.2804126,bl,1.49,15.169,10.630,0.004,203.116,0.786,g
2458410.7855174,2018-10-19.2816251,bl,1.52,15.175,10.643,0.004,200.827,0.833,g
2458410.7867366,2018-10-19.2828442,bl,1.49,15.174,10.638,0.004,201.840,0.826,g
2458410.9648917,2018-10-19.4609863,bd,1.43,13.635,10.451,0.032,253.298,7.347,V
2458410.9661688,2018-10-19.4622633,bd,1.48,13.727,10.457,0.019,251.850,4.258,V
2458410.9674444,2018-10-19.4635388,bd,1.43,13.054,10.403,0.037,264.773,8.883,V
2458411.7574774,2018-10-20.2535145,bH,1.44,15.243,10.656,0.004,198.416,0.784,g
2458411.7587556,2018-10-20.2547926,bH,1.47,15.237,10.650,0.004,199.477,0.813,g
2458411.7600194,2018-10-20.2560563,bH,1.37,15.246,10.653,0.004,198.989,0.784,g
2458412.7117155,2018-10-21.2076842,bl,1.54,15.108,10.635,0.005,202.279,0.838,g
2458412.7129387,2018-10-21.2089073,bl,1.57,15.102,10.644,0.005,200.519,0.912,g
2458412.7141562,2018-10-21.2101247,bl,1.56,15.118,10.650,0.005,199.529,0.886,g
2458414.0291213,2018-10-22.5249968,bd,1.52,14.787,10.430,0.005,257.986,1.059,V
2458414.0304106,2018-10-22.5262860,bd,1.55,14.789,10.431,0.005,257.732,1.118,V
2458414.0316893,2018-10-22.5275646,bd,1.56,14.791,10.423,0.005,259.755,1.093,V
2458415.5474646,2018-10-24.0432350,bp,2.03,15.165,10.655,0.004,198.631,0.814,g
2458415.5486932,2018-10-24.0444635,bp,2.04,15.139,10.638,0.004,201.908,0.817,g
2458415.5499013,2018-10-24.0456716,bp,2.02,15.151,10.641,0.004,201.111,0.774,g
2458418.0268450,2018-10-26.5224487,bd,1.51,14.762,10.425,0.005,259.525,1.107,V
2458418.0281102,2018-10-26.5237139,bd,1.53,14.762,10.418,0.005,261.072,1.116,V
2458418.0293916,2018-10-26.5249952,bd,1.52,14.770,10.426,0.005,259.145,1.109,V
2458418.7057202,2018-10-27.2012796,bH,1.52,15.135,10.655,0.005,198.754,0.942,g
2458423.5241323,2018-11-01.0193904,bp,1.68,15.209,10.639,0.004,201.601,0.754,g
2458423.5253512,2018-11-01.0206092,bp,1.62,15.208,10.633,0.004,202.576,0.748,g
2458423.5265686,2018-11-01.0218265,bp,1.60,15.218,10.647,0.004,200.060,0.727,g
2458424.0926967,2018-11-01.5879210,bd,1.44,14.800,10.434,0.004,257.317,1.034,V
2458424.0939722,2018-11-01.5891964,bd,1.40,14.796,10.427,0.004,258.936,1.048,V
2458424.0952367,2018-11-01.5904608,bd,1.46,14.797,10.426,0.004,258.908,1.021,V
2458424.7725367,2018-11-02.2677211,bl,1.52,15.180,10.635,0.004,202.296,0.816,g
2458424.7737589,2018-11-02.2689432,bl,1.44,15.185,10.646,0.004,200.386,0.820,g
2458424.7749880,2018-11-02.2701722,bl,1.46,15.184,10.643,0.004,200.775,0.830,g
2458425.7447636,2018-11-03.2398919,bH,1.46,15.244,10.640,0.004,201.315,0.779,g
2458425.7460503,2018-11-03.2411785,bH,1.46,15.254,10.652,0.004,199.213,0.817,g
2458425.7473155,2018-11-03.2424437,bH,1.52,15.240,10.640,0.004,201.424,0.754,g
2458427.7583650,2018-11-05.2533809,bH,1.41,15.259,10.652,0.004,199.271,0.784,g
2458427.7596384,2018-11-05.2546541,bH,1.38,15.259,10.657,0.004,198.235,0.743,g
2458427.7609100,2018-11-05.2559257,bH,1.40,15.268,10.674,0.004,195.150,0.740,g
2458429.9054121,2018-11-07.4003137,bt,1.99,15.079,10.651,0.005,199.472,0.897,g
2458429.9066360,2018-11-07.4015375,bt,1.97,15.076,10.650,0.005,199.493,0.848,g
2458429.9078587,2018-11-07.4027601,bt,1.98,15.076,10.642,0.005,201.132,0.849,g
2458430.5440745,2018-11-08.0389432,bp,1.52,15.253,10.672,0.004,195.503,0.744,g
2458430.5452832,2018-11-08.0401519,bp,1.64,15.245,10.653,0.004,198.890,0.746,g
2458430.5464887,2018-11-08.0413573,bp,1.63,15.245,10.659,0.004,198.005,0.787,g
2458430.9271543,2018-11-08.4220036,bt,1.58,15.092,10.649,0.005,199.831,0.852,g
2458430.9283714,2018-11-08.4232206,bt,1.59,15.096,10.658,0.005,198.047,0.788,g
2458430.9295888,2018-11-08.4244379,bt,1.55,15.078,10.622,0.005,204.734,0.886,g
2458432.6501801,2018-11-10.1449444,bH,1.54,15.187,10.660,0.004,197.761,0.791,g
2458432.6514664,2018-11-10.1462306,bH,1.50,15.190,10.660,0.004,197.735,0.801,g
2458432.6527470,2018-11-10.1475112,bH,1.48,15.197,10.669,0.004,196.118,0.803,g
2458433.0395378,2018-11-10.5342833,bd,1.44,14.811,10.424,0.004,259.731,1.010,V
2458433.0420875,2018-11-10.5368330,bd,1.45,14.814,10.431,0.004,257.875,1.025,V
2458433.7411332,2018-11-11.2358456,bl,1.45,14.898,10.669,0.005,196.126,1.027,g
2458433.7423594,2018-11-11.2370718,bl,1.44,14.863,10.665,0.006,196.687,0.982,g
2458433.7435740,2018-11-11.2382864,bl,1.44,14.753,10.674,0.006,195.287,1.086,g
2458434.6401719,2018-11-12.1348430,bH,1.52,15.168,10.647,0.004,200.027,0.841,g
2458434.6414328,2018-11-12.1361038,bH,1.51,15.173,10.647,0.004,200.098,0.824,g
2458434.6426976,2018-11-12.1373686,bH,1.48,15.169,10.644,0.004,200.568,0.819,g
2458435.0974264,2018-11-12.5920767,bd,1.49,14.788,10.423,0.004,259.823,1.049,V
2458435.0987000,2018-11-12.5933503,bd,1.50,14.787,10.422,0.004,259.903,1.034,V
2458435.0999823,2018-11-12.5946325,bd,1.49,14.787,10.427,0.004,258.975,1.021,V
2458436.7837541,2018-11-14.2783308,bl,1.48,15.176,10.643,0.004,200.849,0.824,g
2458436.7849732,2018-11-14.2795497,bl,1.53,15.183,10.653,0.004,199.007,0.815,g
2458436.7861913,2018-11-14.2807679,bl,1.47,15.180,10.651,0.004,199.274,0.826,g
2458437.6381118,2018-11-15.1326527,bH,1.46,15.186,10.662,0.004,197.466,0.822,g
2458437.6393849,2018-11-15.1339257,bH,1.46,15.185,10.657,0.004,198.214,0.857,g
2458437.6406605,2018-11-15.1352013,bH,1.51,15.194,10.666,0.004,196.528,0.822,g
2458437.8174727,2018-11-15.3120062,bl,1.52,15.174,10.640,0.005,201.235,0.894,g
2458437.8187000,2018-11-15.3132334,bl,1.53,15.177,10.647,0.004,200.097,0.855,g
2458437.8199074,2018-11-15.3144407,bl,1.59,15.178,10.650,0.005,199.644,0.876,g
2458438.7783867,2018-11-16.2728814,bl,1.45,15.177,10.634,0.004,202.446,0.808,g
2458438.7796035,2018-11-16.2740981,bl,1.5,15.181,10.634,0.004,202.615,0.856,g
2458438.7808227,2018-11-16.2753173,bl,1.51,15.182,10.637,0.004,201.965,0.861,g
2458440.6982040,2018-11-18.1926251,bH,1.60,15.226,10.657,0.004,198.228,0.802,g
2458440.6994838,2018-11-18.1939049,bH,1.61,15.230,10.656,0.004,198.416,0.805,g
2458440.7007521,2018-11-18.1951732,bH,1.62,15.234,10.662,0.005,197.325,0.854,g
2458441.6643753,2018-11-19.1587614,bH,1.47,15.217,10.660,0.004,197.821,0.814,g
2458441.6656465,2018-11-19.1600327,bH,1.49,15.200,10.654,0.004,198.899,0.796,g
2458441.6669099,2018-11-19.1612960,bH,1.47,15.210,10.659,0.004,198.019,0.795,g
2458441.8398294,2018-11-19.3342094,bl,1.51,15.170,10.646,0.004,200.253,0.840,g
2458441.8410517,2018-11-19.3354315,bl,1.5,15.168,10.638,0.004,201.654,0.877,g
2458441.8422674,2018-11-19.3366472,bl,1.47,15.164,10.637,0.004,201.895,0.850,g
2458442.4751755,2018-11-19.9695333,bp,1.61,15.250,10.661,0.004,197.422,0.746,g
2458442.7363090,2018-11-20.2306580,bt,1.64,14.995,10.650,0.005,199.558,0.985,g
2458442.7375412,2018-11-20.2318901,bt,1.59,14.987,10.635,0.005,202.282,0.977,g
2458444.5596222,2018-11-22.0539117,bp,2.07,15.186,10.670,0.006,195.843,1.032,g
2458444.5608277,2018-11-22.0551172,bp,2.06,15.173,10.671,0.005,195.735,0.999,g
2458444.5620469,2018-11-22.0563363,bp,2.05,15.190,10.667,0.005,196.421,0.999,g
2458444.6155617,2018-11-22.1098495,bH,1.64,15.110,10.668,0.006,196.188,0.969,g
2458444.6168344,2018-11-22.1111221,bH,1.56,15.110,10.660,0.005,197.640,0.925,g
2458444.6181206,2018-11-22.1124084,bH,1.63,15.103,10.666,0.006,196.544,0.964,g
2458446.0141901,2018-11-23.5084357,bd,1.43,14.662,10.422,0.005,260.112,1.175,V
2458446.0154628,2018-11-23.5097083,bd,1.58,14.659,10.423,0.005,259.856,1.272,V
2458446.0167384,2018-11-23.5109840,bd,1.42,14.695,10.418,0.005,261.082,1.211,V
2458448.9767718,2018-11-26.4709380,bd,1.58,14.790,10.427,0.004,258.775,1.025,V
2458448.9780396,2018-11-26.4722056,bd,1.56,14.798,10.438,0.004,256.188,1.026,V
2458449.7392244,2018-11-27.2333723,bl,1.47,15.179,10.649,0.004,199.712,0.865,g
2458449.7404336,2018-11-27.2345814,bl,1.5,15.176,10.648,0.004,199.880,0.853,g
2458449.7416509,2018-11-27.2357987,bl,1.51,15.170,10.648,0.004,200.020,0.826,g
2458450.4163685,2018-11-27.9105008,bp,1.58,15.224,10.639,0.004,201.589,0.766,g
2458450.4176031,2018-11-27.9117355,bp,1.53,15.231,10.655,0.004,198.507,0.749,g
2458450.4188162,2018-11-27.9129485,bp,1.60,15.218,10.629,0.004,203.513,0.787,g
2458450.6632074,2018-11-28.1573343,bl,1.45,15.155,10.636,0.004,202.142,0.824,g
2458450.6644277,2018-11-28.1585545,bl,1.5,15.159,10.641,0.004,201.100,0.808,g
2458450.6656474,2018-11-28.1597742,bl,1.5,15.161,10.645,0.004,200.404,0.848,g
2458451.0076460,2018-11-28.5017654,bd,1.46,14.805,10.419,0.004,260.864,1.013,V
2458451.0089094,2018-11-28.5030287,bd,1.41,14.799,10.409,0.005,263.284,1.052,V
2458451.0101751,2018-11-28.5042944,bd,1.42,14.805,10.421,0.004,260.400,1.014,V
2458451.7908711,2018-11-29.2849742,bt,1.51,15.094,10.642,0.005,200.981,0.847,g
2458451.7920879,2018-11-29.2861910,bt,1.55,15.088,10.628,0.005,203.495,0.836,g
2458451.7933035,2018-11-29.2874065,bt,1.59,15.087,10.631,0.005,203.159,0.851,g
2458452.4623575,2018-11-29.9564473,bp,1.51,99.990,99.990,99.990,99.990,99.990,g
2458452.4635775,2018-11-29.9576673,bp,1.50,15.259,10.659,0.004,198.012,0.730,g
2458452.4647952,2018-11-29.9588850,bp,1.52,99.990,99.990,99.990,99.990,99.990,g
2458452.6838462,2018-11-30.1779318,bl,1.51,15.161,10.642,0.004,201.036,0.824,g
2458452.6850617,2018-11-30.1791473,bl,1.52,15.158,10.639,0.004,201.510,0.823,g
2458452.6862826,2018-11-30.1803681,bl,1.46,15.164,10.648,0.004,199.953,0.814,g
2458453.7509612,2018-12-01.2450276,bl,1.47,15.160,10.630,0.004,203.272,0.818,g
2458453.7521755,2018-12-01.2462418,bl,1.51,15.158,10.630,0.004,203.278,0.845,g
2458453.7533981,2018-12-01.2474645,bl,1.5,15.161,10.631,0.004,203.084,0.812,g
2458454.5772037,2018-12-02.0712565,bl,1.55,15.084,10.650,0.005,199.547,0.927,g
2458454.5784269,2018-12-02.0724797,bl,1.6,15.083,10.644,0.005,200.660,0.861,g
2458454.5796548,2018-12-02.0737076,bl,1.57,15.090,10.648,0.005,199.881,0.950,g
2458454.7709142,2018-12-02.2649639,bl,1.52,15.162,10.655,0.004,198.606,0.822,g
2458454.7721310,2018-12-02.2661807,bl,1.5,15.156,10.645,0.004,200.555,0.847,g
2458454.7733505,2018-12-02.2674002,bl,1.52,15.154,10.638,0.004,201.698,0.858,g
2458455.4925160,2018-12-02.9865549,bp,1.55,15.238,10.630,0.004,203.247,0.740,g
2458455.4937350,2018-12-02.9877739,bp,1.46,15.248,10.636,0.004,202.060,0.749,g
2458455.4949543,2018-12-02.9889931,bp,1.51,15.249,10.632,0.004,202.942,0.746,g
2458455.5744240,2018-12-03.0684618,bl,1.5,15.091,10.645,0.006,200.388,0.974,g
2458455.5756428,2018-12-03.0696806,bl,1.51,15.086,10.636,0.005,202.080,0.924,g
2458455.5768619,2018-12-03.0708996,bl,1.46,15.088,10.636,0.005,202.105,0.905,g
2458455.8369865,2018-12-03.3310206,bt,1.59,14.906,10.609,0.005,207.176,0.939,g
2458455.8394259,2018-12-03.3334598,bt,1.63,14.894,10.634,0.005,202.619,1.007,g
2458456.8937999,2018-12-04.3878202,bt,1.45,15.074,10.620,0.005,205.155,0.885,g
2458456.8950284,2018-12-04.3890487,bt,1.51,15.070,10.613,0.005,206.471,0.888,g
2458456.8962578,2018-12-04.3902781,bt,1.49,15.080,10.629,0.005,203.439,0.932,g
2458457.5089916,2018-12-05.0030046,bp,1.60,15.238,10.634,0.004,202.402,0.824,g
2458457.5101969,2018-12-05.0042099,bp,1.55,15.237,10.634,0.004,202.447,0.836,g
2458457.5114126,2018-12-05.0054256,bp,1.50,15.232,10.625,0.004,204.230,0.839,g
2458457.8677417,2018-12-05.3617508,bt,1.48,14.912,10.637,0.005,201.941,0.975,g
2458457.8689608,2018-12-05.3629699,bt,1.45,14.967,10.640,0.005,201.361,0.962,g
2458457.8701778,2018-12-05.3641869,bt,1.49,14.833,10.651,0.006,199.360,1.127,g
2458458.5770221,2018-12-06.0710242,bp,1.48,15.223,10.652,0.004,199.103,0.774,g
2458458.5794316,2018-12-06.0734336,bp,1.50,15.221,10.653,0.005,199.015,0.887,g
2458458.8732298,2018-12-06.3672291,bD,1.51,15.300,10.683,0.004,193.415,0.732,g
2458458.8745015,2018-12-06.3685008,bD,1.52,15.298,10.682,0.004,193.645,0.731,g
2458458.8757855,2018-12-06.3697848,bD,1.48,15.310,10.703,0.004,189.985,0.723,g
2458460.5598010,2018-12-08.0537874,bH,1.51,15.144,10.644,0.004,200.681,0.880,g
2458460.5610694,2018-12-08.0550558,bH,1.53,15.148,10.650,0.004,199.524,0.875,g
2458461.5553870,2018-12-09.0493679,bl,1.5,15.103,10.669,0.005,196.133,0.883,g
2458461.5578220,2018-12-09.0518029,bl,1.51,15.100,10.653,0.005,199.107,0.897,g
2458461.7892902,2018-12-09.2832700,bH,1.38,15.238,10.662,0.004,197.334,0.784,g
2458461.7905710,2018-12-09.2845508,bH,1.40,15.230,10.645,0.004,200.352,0.798,g
2458461.7918429,2018-12-09.2858227,bH,1.37,15.235,10.657,0.004,198.105,0.768,g
2458462.5533975,2018-12-10.0473745,bH,1.57,15.148,10.646,0.004,200.283,0.839,g
2458462.5546719,2018-12-10.0486489,bH,1.58,15.155,10.655,0.005,198.594,0.885,g
2458462.5559357,2018-12-10.0499127,bH,1.56,15.153,10.643,0.005,200.795,0.887,g
2458462.7469797,2018-12-10.2409561,bH,1.41,15.232,10.637,0.004,202.074,0.783,g
2458462.7482482,2018-12-10.2422246,bH,1.45,15.232,10.634,0.004,202.557,0.827,g
2458462.7495117,2018-12-10.2434881,bH,1.40,15.235,10.639,0.004,201.625,0.758,g
2458463.5641164,2018-12-11.0580912,bl,1.51,15.105,10.639,0.005,201.517,0.882,g
2458463.5653397,2018-12-11.0593144,bl,1.56,15.105,10.634,0.005,202.629,0.874,g
2458463.5665568,2018-12-11.0605315,bl,1.52,15.103,10.629,0.005,203.454,0.884,g
2458463.7684624,2018-12-11.2624368,bl,1.47,15.157,10.636,0.004,202.196,0.841,g
2458463.7696722,2018-12-11.2636465,bl,1.47,15.157,10.629,0.005,203.272,0.894,g
2458463.7708876,2018-12-11.2648620,bl,1.46,15.159,10.636,0.004,202.129,0.830,g
2458464.2980506,2018-12-11.7920246,bp,2.25,15.112,10.660,0.006,197.743,1.065,g
2458464.5240332,2018-12-12.0180072,bp,1.56,15.184,10.630,0.004,203.132,0.855,g
2458464.5256098,2018-12-12.0195838,bp,1.57,15.189,10.621,0.004,205.069,0.864,g
2458464.5623170,2018-12-12.0562911,bH,1.47,15.172,10.623,0.004,204.512,0.878,g
2458464.5635937,2018-12-12.0575677,bH,1.44,15.177,10.632,0.004,202.782,0.840,g
2458464.5648777,2018-12-12.0588517,bH,1.41,15.169,10.619,0.004,205.340,0.856,g
2458465.3044228,2018-12-12.7983974,bp,1.66,15.213,10.744,0.005,182.933,0.834,g
2458465.5180957,2018-12-13.0120706,bp,1.55,15.286,10.744,0.004,183.109,0.764,g
2458465.5193135,2018-12-13.0132884,bp,1.57,15.286,10.747,0.004,182.516,0.779,g
2458465.5205318,2018-12-13.0145067,bp,1.52,15.288,10.748,0.004,182.307,0.775,g
2458465.5627769,2018-12-13.0567520,bH,1.38,15.227,10.745,0.005,182.782,0.811,g
2458465.5640402,2018-12-13.0580152,bH,1.40,15.232,10.756,0.005,181.062,0.770,g
2458466.2938079,2018-12-13.7877846,bp,2.05,15.147,10.667,0.006,196.518,0.967,g
2458466.2950205,2018-12-13.7889973,bp,2.03,15.143,10.652,0.005,199.210,0.999,g
2458466.2962391,2018-12-13.7902158,bp,2.02,15.153,10.664,0.005,197.095,0.888,g
2458466.4967133,2018-12-13.9906906,bp,1.59,15.239,10.645,0.004,200.392,0.804,g
2458466.4979281,2018-12-13.9919054,bp,1.59,15.232,10.638,0.004,201.641,0.797,g
2458466.4991415,2018-12-13.9931188,bp,1.59,15.237,10.643,0.004,200.827,0.801,g
2458466.5591074,2018-12-14.0530849,bH,1.43,15.183,10.650,0.004,199.587,0.831,g
2458466.5603800,2018-12-14.0543575,bH,1.44,15.179,10.640,0.004,201.477,0.825,g
2458466.5616476,2018-12-14.0556252,bH,1.41,15.183,10.647,0.005,200.132,0.881,g
2458467.2957048,2018-12-14.7896853,bp,1.80,15.137,10.661,0.005,197.526,0.914,g
2458467.5436007,2018-12-15.0375824,bp,1.61,15.203,10.658,0.005,198.089,0.865,g
2458467.5448061,2018-12-15.0387877,bp,1.60,15.194,10.642,0.005,200.907,0.868,g
2458467.5460137,2018-12-15.0399953,bp,1.61,15.193,10.645,0.004,200.313,0.847,g
2458468.4218262,2018-12-15.9158127,bp,1.63,15.222,10.650,0.004,199.683,0.764,g
2458468.4230898,2018-12-15.9170764,bp,1.58,15.220,10.643,0.004,200.881,0.749,g
2458468.4243787,2018-12-15.9183653,bp,1.60,15.207,10.630,0.004,203.215,0.766,g
2458469.6075728,2018-12-17.1015681,bl,1.52,15.145,10.639,0.004,201.484,0.839,g
2458469.6087979,2018-12-17.1027932,bl,1.48,15.142,10.644,0.004,200.710,0.833,g
2458469.6100155,2018-12-17.1040107,bl,1.51,15.153,10.648,0.004,199.875,0.840,g
2458470.5136921,2018-12-18.0076954,bp,1.59,13.896,10.685,0.023,193.136,4.132,g
2458470.5151390,2018-12-18.0091424,bp,1.60,13.751,10.838,0.025,167.843,3.865,g
2458470.5166418,2018-12-18.0106452,bp,1.51,13.518,10.777,0.027,177.553,4.389,g
2458470.5486701,2018-12-18.0426738,bl,1.67,99.990,99.990,99.990,99.990,99.990,g
2458470.5498806,2018-12-18.0438844,bl,1.71,99.990,99.990,99.990,99.990,99.990,g
2458470.5510994,2018-12-18.0451032,bl,1.49,99.990,99.990,99.990,99.990,99.990,g
2458471.5770567,2018-12-19.0710713,bH,1.53,15.163,10.647,0.004,200.078,0.826,g
2458471.5783300,2018-12-19.0723446,bH,1.46,15.175,10.655,0.005,198.492,0.880,g
2458471.5796093,2018-12-19.0736239,bH,1.51,15.153,10.654,0.004,198.879,0.830,g
2458471.8206378,2018-12-19.3146553,bH,1.40,15.176,10.639,0.004,201.570,0.838,g
2458471.8219148,2018-12-19.3159323,bH,1.38,15.179,10.647,0.004,200.153,0.813,g
2458471.8231820,2018-12-19.3171995,bH,1.37,15.173,10.637,0.005,201.929,0.888,g
2458472.5068351,2018-12-20.0008610,bp,1.57,15.220,10.708,0.004,189.295,0.825,g
2458472.5080559,2018-12-20.0020818,bp,1.54,15.193,10.641,0.005,201.220,0.883,g
2458472.5092603,2018-12-20.0032863,bp,1.49,15.189,10.635,0.005,202.470,0.911,g
2458472.7803520,2018-12-20.2743815,bt,1.64,15.047,10.649,0.005,199.612,0.933,g
2458472.7815892,2018-12-20.2756186,bt,1.63,15.054,10.649,0.005,199.844,0.903,g
2458472.7828004,2018-12-20.2768299,bt,1.62,15.045,10.647,0.005,199.933,0.913,g
2458473.4519299,2018-12-20.9459687,bp,1.63,15.166,10.651,0.005,199.390,0.925,g
2458473.4531317,2018-12-20.9471704,bp,1.63,15.170,10.644,0.005,200.723,0.886,g
2458473.4543383,2018-12-20.9483770,bp,1.55,15.151,10.652,0.005,199.226,0.902,g
2458473.6707155,2018-12-21.1647574,bH,1.56,15.178,10.647,0.005,200.095,0.893,g
2458473.6719848,2018-12-21.1660268,bH,1.56,15.168,10.648,0.005,199.971,0.931,g
2458473.6732488,2018-12-21.1672907,bH,1.50,15.163,10.643,0.004,200.802,0.859,g
2458475.7644016,2018-12-23.2584778,bt,1.51,15.018,10.665,0.005,196.897,0.969,g
2458475.7656202,2018-12-23.2596964,bt,1.55,15.040,10.685,0.005,193.173,0.958,g
2458475.7668370,2018-12-23.2609132,bt,1.60,15.036,10.668,0.005,196.276,0.975,g
2458476.9212735,2018-12-24.4153716,bD,1.67,15.257,10.670,0.004,195.869,0.811,g
2458476.9225490,2018-12-24.4166471,bD,1.55,15.305,10.730,0.004,185.480,0.729,g
2458476.9238230,2018-12-24.4179211,bD,1.73,15.254,10.671,0.004,195.843,0.784,g
2458477.5387181,2018-12-25.0328288,bp,1.54,15.177,10.669,0.004,196.050,0.861,g
2458477.5399268,2018-12-25.0340375,bp,1.57,15.150,10.671,0.006,195.645,0.945,g
2458477.5411554,2018-12-25.0352662,bp,1.53,15.166,10.662,0.005,197.285,0.917,g
2458480.6151412,2018-12-28.1093232,bl,1.52,15.161,10.633,0.004,202.626,0.842,g
2458480.6163617,2018-12-28.1105438,bl,1.48,15.160,10.630,0.004,203.160,0.843,g
2458480.6175809,2018-12-28.1117630,bl,1.46,15.157,10.624,0.004,204.316,0.843,g
2458481.3354789,2018-12-28.8296799,bp,1.55,15.219,10.621,0.004,205.063,0.791,g
2458481.3366808,2018-12-28.8308818,bp,1.46,99.990,99.990,99.990,99.990,99.990,g
2458481.3378864,2018-12-28.8320874,bp,1.51,15.227,10.636,0.004,202.097,0.783,g
2458483.7227815,2018-12-31.2170505,bl,1.55,15.159,10.670,0.005,195.870,0.961,g
2458483.7252107,2018-12-31.2194799,bl,1.58,15.154,10.665,0.005,196.722,0.974,g
2458484.4173570,2018-12-31.9116475,bp,1.56,15.214,10.642,0.004,200.963,0.779,g
2458484.4185669,2018-12-31.9128575,bp,1.50,15.216,10.645,0.004,200.408,0.725,g
2458484.4197699,2018-12-31.9140605,bp,1.57,15.231,10.674,0.004,195.185,0.781,g
2458484.8365946,2019-01-01.3308985,bt,1.52,15.069,10.646,0.005,200.326,0.822,g
2458484.8378080,2019-01-01.3321120,bt,1.54,15.072,10.651,0.005,199.291,0.864,g
2458484.8390246,2019-01-01.3333286,bt,1.50,15.075,10.655,0.005,198.764,0.919,g
2458485.9194334,2019-01-02.4137729,bD,1.57,15.295,10.669,0.004,196.044,0.729,g
2458485.9207139,2019-01-02.4150535,bD,1.62,15.298,10.674,0.004,195.249,0.721,g
2458485.9219749,2019-01-02.4163145,bD,1.60,15.298,10.675,0.004,194.899,0.725,g
2458486.6455197,2019-01-03.1398841,bl,1.59,15.089,10.661,0.005,197.670,0.904,g
2458486.6479545,2019-01-03.1423189,bl,1.55,14.828,10.702,0.008,190.233,1.298,g
2458488.9567243,2019-01-05.4511731,bD,1.70,15.263,10.659,0.004,197.890,0.732,g
2458488.9579995,2019-01-05.4524484,bD,1.67,15.263,10.656,0.004,198.423,0.764,g
2458488.9592616,2019-01-05.4537105,bD,1.72,15.259,10.663,0.004,197.100,0.749,g
2458489.9346287,2019-01-06.4291157,bD,1.57,15.275,10.648,0.004,199.875,0.739,g
2458489.9358973,2019-01-06.4303843,bD,1.58,15.271,10.644,0.004,200.684,0.766,g
2458489.9371621,2019-01-06.4316492,bD,1.56,15.272,10.646,0.004,200.359,0.753,g
2458490.9306637,2019-01-07.4251909,bD,1.54,15.281,10.655,0.004,198.568,0.768,g
2458490.9319193,2019-01-07.4264465,bD,1.52,15.270,10.639,0.004,201.540,0.741,g
2458490.9331805,2019-01-07.4277078,bD,1.53,15.280,10.649,0.004,199.605,0.762,g
2458492.4460001,2019-01-08.9405914,bp,1.61,15.171,10.625,0.004,204.154,0.813,g
2458492.4472065,2019-01-08.9417978,bp,1.53,15.187,10.659,0.004,197.935,0.846,g
2458492.4484119,2019-01-08.9430032,bp,1.58,15.181,10.647,0.004,200.131,0.786,g
2458492.9139134,2019-01-09.4085250,bD,1.49,15.286,10.640,0.004,201.392,0.749,g
2458492.9151839,2019-01-09.4097955,bD,1.51,15.287,10.643,0.004,200.852,0.769,g
2458492.9164487,2019-01-09.4110604,bD,1.53,15.279,10.637,0.004,202.030,0.738,g
2458494.6701658,2019-01-11.1648568,bl,1.5,15.126,10.613,0.005,206.290,0.935,g
2458494.6713908,2019-01-11.1660819,bl,1.53,15.126,10.618,0.005,205.504,0.958,g
2458494.6726021,2019-01-11.1672933,bl,1.48,15.127,10.617,0.005,205.664,0.962,g
2458495.5705123,2019-01-12.0652458,bt,2.02,14.973,10.626,0.006,203.912,1.072,g
2458495.5717304,2019-01-12.0664640,bt,2.04,14.966,10.620,0.006,205.201,1.073,g
2458495.5729470,2019-01-12.0676806,bt,2.03,14.969,10.614,0.006,206.246,1.086,g
2458495.7767081,2019-01-12.2714514,bt,1.62,15.052,10.602,0.005,208.683,0.898,g
2458495.7779174,2019-01-12.2726608,bt,1.60,15.053,10.615,0.005,206.041,0.936,g
2458495.7791374,2019-01-12.2738808,bt,1.56,15.053,10.609,0.005,207.082,0.891,g
2458496.5708631,2019-01-13.0656450,bt,1.66,15.008,10.617,0.005,205.667,0.945,g
2458496.5720858,2019-01-13.0668678,bt,1.58,15.016,10.623,0.005,204.529,0.944,g
2458496.5732931,2019-01-13.0680751,bt,1.59,15.007,10.609,0.006,207.180,1.046,g
2458497.4555627,2019-01-13.9503885,bp,1.60,15.217,10.639,0.004,201.523,0.789,g
2458497.4567797,2019-01-13.9516056,bp,1.59,15.221,10.644,0.004,200.540,0.821,g
2458497.4579837,2019-01-13.9528097,bp,1.46,15.215,10.633,0.004,202.569,0.858,g
2458497.7389243,2019-01-14.2337644,bD,1.46,15.273,10.643,0.004,200.757,0.741,g
2458497.7401915,2019-01-14.2350316,bD,1.44,15.305,10.704,0.004,189.865,0.753,g
2458497.7414677,2019-01-14.2363079,bD,1.46,15.277,10.656,0.004,198.393,0.760,g
2458498.3695410,2019-01-14.8644132,bp,1.50,15.230,10.634,0.004,202.524,0.790,g
2458498.3707562,2019-01-14.8656286,bp,1.55,15.228,10.625,0.004,204.173,0.754,g
2458498.3719651,2019-01-14.8668375,bp,1.52,15.226,10.625,0.004,204.134,0.838,g
2458498.7220402,2019-01-15.2169307,bl,1.48,15.122,10.638,0.005,201.787,0.939,g
2458498.7232544,2019-01-15.2181450,bl,1.48,15.116,10.628,0.005,203.618,0.950,g
2458498.7244709,2019-01-15.2193616,bl,1.5,15.122,10.637,0.005,202.069,0.936,g
2458498.8829031,2019-01-15.3778019,bD,1.56,15.289,10.659,0.004,197.917,0.753,g
2458498.8841734,2019-01-15.3790723,bD,1.52,15.281,10.653,0.004,198.839,0.746,g
2458498.8854498,2019-01-15.3803488,bD,1.50,15.282,10.657,0.004,198.366,0.737,g
2458499.7541709,2019-01-16.2491158,bH,1.49,15.130,10.638,0.004,201.880,0.875,g
2458499.7554298,2019-01-16.2503748,bH,1.48,15.129,10.636,0.004,202.112,0.845,g
2458499.7566956,2019-01-16.2516406,bH,1.46,15.130,10.647,0.004,200.079,0.866,g
2458500.8289719,2019-01-17.3239749,bt,2.10,14.653,10.659,0.012,198.018,2.085,g
2458500.8301818,2019-01-17.3251848,bt,2.33,14.239,10.636,0.014,202.238,2.568,g
2458503.8916992,2019-01-20.3868755,bD,1.51,15.232,10.658,0.004,198.047,0.827,g
2458503.8929709,2019-01-20.3881473,bD,1.51,15.236,10.671,0.004,195.724,0.809,g
2458503.8942471,2019-01-20.3894236,bD,1.50,15.222,10.652,0.004,199.210,0.793,g
2458505.4605291,2019-01-21.9557989,bp,1.60,15.152,10.684,0.005,193.402,0.862,g
2458505.4617567,2019-01-21.9570264,bp,1.61,15.136,10.677,0.005,194.610,0.883,g
2458505.4629673,2019-01-21.9582372,bp,1.54,15.179,10.682,0.004,193.678,0.834,g
2458505.6008852,2019-01-22.0961634,bl,1.65,15.110,10.651,0.005,199.295,0.949,g
2458505.6021175,2019-01-22.0973958,bl,1.52,15.104,10.644,0.005,200.715,0.952,g
2458505.6033344,2019-01-22.0986127,bl,1.53,15.109,10.644,0.005,200.790,0.914,g
2458506.3681038,2019-01-22.8634288,bp,1.52,15.237,10.670,0.004,195.915,0.787,g
2458506.3693126,2019-01-22.8646377,bp,1.52,15.239,10.682,0.004,193.705,0.780,g
2458506.3705156,2019-01-22.8658408,bp,1.58,15.211,10.638,0.004,201.826,0.815,g
2458506.5965236,2019-01-23.0918627,bl,1.57,15.124,10.649,0.006,199.696,0.954,g
2458506.5977459,2019-01-23.0930850,bl,1.6,15.135,10.643,0.005,200.771,0.935,g
2458506.5989629,2019-01-23.0943022,bl,1.62,15.131,10.646,0.005,200.364,0.954,g
2458507.6001013,2019-01-24.0955031,bl,1.51,15.140,10.648,0.004,199.878,0.839,g
2458507.6013211,2019-01-24.0967229,bl,1.45,15.143,10.652,0.004,199.187,0.830,g
2458507.6025379,2019-01-24.0979398,bl,1.46,15.145,10.657,0.004,198.295,0.865,g
2458507.7793742,2019-01-24.2747873,bt,1.53,15.060,10.657,0.005,198.232,0.881,g
2458507.7805864,2019-01-24.2759996,bt,1.61,15.064,10.665,0.005,196.783,0.914,g
2458507.7818048,2019-01-24.2772180,bt,1.51,15.056,10.656,0.005,198.417,0.878,g
2458508.4152724,2019-01-24.9107259,bp,1.51,15.219,10.685,0.004,193.254,0.830,g
2458508.4164917,2019-01-24.9119452,bp,1.50,15.237,10.701,0.004,190.401,0.807,g
2458508.4177082,2019-01-24.9131618,bp,1.52,15.225,10.691,0.004,192.041,0.827,g
2458508.8860861,2019-01-25.3815698,bD,1.58,15.263,10.669,0.004,196.022,0.775,g
2458508.8873584,2019-01-25.3828422,bD,1.60,15.267,10.679,0.004,194.171,0.789,g
2458508.8886324,2019-01-25.3841163,bD,1.59,15.268,10.678,0.004,194.363,0.764,g
2458510.3040376,2019-01-26.7996138,bp,1.52,99.990,99.990,99.990,99.990,99.990,g
2458510.3052416,2019-01-26.8008179,bp,1.49,15.236,10.643,0.004,200.849,0.769,g
2458510.3064469,2019-01-26.8020233,bp,1.50,99.990,99.990,99.990,99.990,99.990,g
2458512.7059754,2019-01-29.2017135,bl,1.5,15.033,10.638,0.006,201.889,1.045,g
2458512.7071955,2019-01-29.2029337,bl,1.53,15.018,10.614,0.006,206.194,1.101,g
2458512.7084225,2019-01-29.2041609,bl,1.56,15.012,10.606,0.006,207.676,1.038,g
2458513.3956600,2019-01-29.8914458,bp,1.57,15.198,10.618,0.004,205.394,0.802,g
2458513.3968661,2019-01-29.8926520,bp,1.56,15.192,10.607,0.004,207.486,0.836,g
2458513.3980832,2019-01-29.8938691,bp,1.51,15.203,10.634,0.004,202.626,0.859,g
2458514.6956469,2019-01-31.1915238,bH,1.50,15.068,10.621,0.005,204.942,0.960,g
2458514.6969124,2019-01-31.1927895,bH,1.48,15.075,10.633,0.005,202.684,0.915,g
2458514.6981748,2019-01-31.1940519,bH,1.48,15.070,10.631,0.005,203.116,0.935,g
2458515.6965628,2019-02-01.1925111,bl,1.46,15.013,10.621,0.006,204.948,1.039,g
2458515.6977928,2019-02-01.1937412,bl,1.45,15.014,10.627,0.006,203.859,1.074,g
2458515.6990287,2019-02-01.1949772,bl,1.49,15.011,10.624,0.006,204.346,1.098,g
2458517.3889879,2019-02-02.8850591,bp,1.48,15.203,10.637,0.004,201.901,0.837,g
2458517.3902037,2019-02-02.8862749,bp,1.53,15.201,10.635,0.004,202.199,0.839,g
2458517.3914227,2019-02-02.8874940,bp,1.51,15.192,10.621,0.004,204.964,0.831,g
2458518.6904484,2019-02-04.1866160,bH,1.48,15.133,10.632,0.004,202.953,0.837,g
2458518.6917105,2019-02-04.1878782,bH,1.48,15.125,10.619,0.004,205.388,0.846,g
2458518.6929849,2019-02-04.1891528,bH,1.51,15.129,10.625,0.004,204.303,0.885,g
2458519.3398377,2019-02-04.8360539,bp,1.57,15.209,10.605,0.004,207.927,0.752,g
2458519.3410546,2019-02-04.8372710,bp,1.56,15.215,10.616,0.004,205.963,0.742,g
2458519.3422702,2019-02-04.8384867,bp,1.51,15.211,10.612,0.004,206.608,0.792,g
2458519.6937350,2019-02-05.1899780,bH,1.41,15.121,10.610,0.004,207.120,0.813,g
2458519.6950177,2019-02-05.1912608,bH,1.44,15.112,10.599,0.004,209.095,0.853,g
2458519.6962769,2019-02-05.1925202,bH,1.43,15.117,10.607,0.004,207.741,0.859,g
2458520.3570469,2019-02-05.8533402,bp,1.49,15.220,10.634,0.004,202.511,0.787,g
2458520.3582654,2019-02-05.8545588,bp,1.46,15.226,10.644,0.004,200.574,0.767,g
2458520.3594835,2019-02-05.8557771,bp,1.46,15.219,10.628,0.004,203.507,0.813,g
2458521.3324130,2019-02-06.8287811,bp,1.56,15.194,10.587,0.004,211.507,0.761,g
2458521.3337059,2019-02-06.8300740,bp,1.57,15.202,10.601,0.004,208.741,0.774,g
2458521.3349275,2019-02-06.8312958,bp,1.49,15.216,10.625,0.004,204.175,0.773,g
2458522.6402046,2019-02-08.1366742,bl,1.5,15.094,10.608,0.005,207.267,0.978,g
2458522.6414242,2019-02-08.1378939,bl,1.54,15.101,10.616,0.005,205.908,1.035,g
2458522.6426409,2019-02-08.1391107,bl,1.51,15.102,10.616,0.005,205.861,1.015,g
2458523.7399075,2019-02-09.2364636,bt,1.47,15.025,10.614,0.005,206.290,0.902,g
2458523.7411185,2019-02-09.2376747,bt,1.46,15.000,10.594,0.005,210.163,0.915,g
2458523.7423344,2019-02-09.2388907,bt,1.47,15.007,10.614,0.005,206.255,0.958,g
2458524.3639989,2019-02-09.8606044,bp,1.49,15.162,10.637,0.004,201.942,0.869,g
2458524.3652052,2019-02-09.8618109,bp,1.52,99.990,99.990,99.990,99.990,99.990,g
2458524.3664188,2019-02-09.8630245,bp,1.54,15.146,10.607,0.004,207.537,0.874,g
2458525.6572498,2019-02-11.1539589,bl,1.43,15.026,10.612,0.005,206.819,0.955,g
2458525.6584603,2019-02-11.1551696,bl,1.49,15.026,10.615,0.006,206.118,1.038,g
2458525.6596792,2019-02-11.1563885,bl,1.47,15.017,10.615,0.005,206.088,1.006,g
2458526.6464349,2019-02-12.1432240,bH,1.46,15.078,10.639,0.005,201.679,0.898,g
2458526.6476997,2019-02-12.1444890,bH,1.51,15.069,10.621,0.005,204.883,0.879,g
2458526.6489897,2019-02-12.1457791,bH,1.46,15.070,10.628,0.005,203.681,0.851,g
2458527.6609823,2019-02-13.1578543,bH,1.51,15.120,10.621,0.004,205.028,0.905,g
2458527.6622483,2019-02-13.1591204,bH,1.48,15.109,10.609,0.004,207.303,0.860,g
2458527.6635127,2019-02-13.1603849,bH,1.49,15.119,10.628,0.004,203.601,0.879,g
2458530.6120487,2019-02-16.1091655,bH,1.43,15.130,10.633,0.004,202.650,0.888,g
2458530.6133198,2019-02-16.1104367,bH,1.49,15.123,10.626,0.004,203.992,0.881,g
2458530.6146597,2019-02-16.1117768,bH,1.49,15.125,10.640,0.004,201.447,0.829,g
2458531.6522425,2019-02-17.1494471,bl,1.54,15.007,10.630,0.006,203.250,1.117,g
2458531.6534630,2019-02-17.1506676,bl,1.53,15.021,10.625,0.006,204.241,1.084,g
2458531.6546758,2019-02-17.1518805,bl,1.47,15.019,10.633,0.006,202.747,1.088,g
2458532.3771924,2019-02-17.8744584,bp,1.53,15.096,10.627,0.005,203.658,0.953,g
2458532.3784117,2019-02-17.8756778,bp,1.60,15.118,10.654,0.005,198.924,0.909,g
2458532.3796249,2019-02-17.8768911,bp,1.58,15.101,10.628,0.006,203.733,0.971,g
2458533.3839642,2019-02-18.8813160,bp,1.51,15.074,10.637,0.005,201.840,0.974,g
2458533.3851849,2019-02-18.8825368,bp,1.59,15.041,10.612,0.006,206.700,1.030,g
2458533.3863897,2019-02-18.8837418,bp,1.61,15.085,10.620,0.005,205.106,0.923,g
2458534.3816364,2019-02-19.8790738,bp,1.54,15.010,10.633,0.006,202.806,1.009,g
2458534.3828462,2019-02-19.8802838,bp,1.96,14.925,10.621,0.007,204.920,1.330,g
2458535.3959277,2019-02-20.8934527,bp,1.56,15.090,10.629,0.006,203.431,0.979,g
2458535.3971425,2019-02-20.8946676,bp,1.57,15.061,10.634,0.006,202.526,1.027,g
2458535.3983478,2019-02-20.8958730,bp,1.55,15.087,10.640,0.005,201.438,0.933,g
2458535.6372222,2019-02-21.1347681,bl,1.52,15.023,10.625,0.006,204.141,1.062,g
2458535.6384399,2019-02-21.1359860,bl,1.57,15.048,10.634,0.006,202.549,1.080,g
2458535.6396588,2019-02-21.1372050,bl,1.52,15.018,10.620,0.006,205.237,1.118,g
2458536.6211624,2019-02-22.1187939,bl,1.75,15.037,10.634,0.006,202.580,1.153,g
2458536.6223863,2019-02-22.1200180,bl,2.0,15.031,10.626,0.007,203.972,1.210,g
2458536.6236021,2019-02-22.1212338,bl,1.97,15.040,10.644,0.006,200.663,1.125,g
2458537.3600363,2019-02-22.8577323,bp,1.54,15.141,10.606,0.004,207.812,0.880,g
2458537.3612653,2019-02-22.8589615,bp,1.56,15.147,10.631,0.005,203.027,0.909,g
2458537.3624829,2019-02-22.8601792,bp,1.54,15.150,10.617,0.005,205.729,0.934,g
2458537.6319463,2019-02-23.1296662,bl,1.46,15.063,10.621,0.006,204.882,1.017,g
2458537.6331769,2019-02-23.1308969,bl,1.5,15.057,10.623,0.006,204.623,1.026,g
2458537.6343949,2019-02-23.1321150,bl,1.47,15.056,10.634,0.006,202.573,1.016,g
2458538.3606147,2019-02-23.8583986,bp,1.56,15.141,10.601,0.005,208.685,0.952,g
2458538.3618300,2019-02-23.8596140,bp,1.56,15.143,10.610,0.004,207.062,0.890,g
2458538.3630638,2019-02-23.8608479,bp,1.50,15.138,10.611,0.004,206.737,0.862,g
2458539.2851512,2019-02-24.7830165,bp,1.53,15.191,10.594,0.004,210.160,0.831,g
2458539.2863704,2019-02-24.7842359,bp,1.59,15.192,10.599,0.004,209.135,0.837,g
2458539.2875782,2019-02-24.7854437,bp,1.56,15.195,10.607,0.004,207.668,0.865,g
2458539.6985503,2019-02-25.1964522,bt,1.57,14.750,10.590,0.006,211.013,1.166,g
2458539.6997648,2019-02-25.1976669,bt,1.57,14.682,10.609,0.006,207.323,1.201,g
2458539.7009861,2019-02-25.1988883,bt,1.54,14.662,10.604,0.006,208.125,1.201,g
2458540.2740147,2019-02-25.7719677,bp,2.05,14.982,10.629,0.006,203.482,1.089,g
2458540.2752129,2019-02-25.7731660,bp,2.01,14.661,10.626,0.008,203.986,1.569,g
2458540.2764253,2019-02-25.7743785,bp,2.01,14.684,10.606,0.009,207.741,1.761,g
2458540.7095303,2019-02-26.2075220,bt,1.49,15.000,10.596,0.005,209.653,0.972,g
2458540.7107433,2019-02-26.2087351,bt,1.50,15.005,10.611,0.005,206.877,0.959,g
2458540.7119622,2019-02-26.2099541,bt,1.47,14.981,10.572,0.005,214.528,0.898,g
2458541.6105132,2019-02-27.1085852,bH,1.39,15.137,10.610,0.004,206.970,0.854,g
2458541.6118262,2019-02-27.1098982,bH,1.41,15.140,10.620,0.004,205.129,0.871,g
2458541.6130883,2019-02-27.1111605,bH,1.44,15.128,10.603,0.004,208.405,0.836,g
2458542.6167277,2019-02-28.1148896,bl,1.57,15.056,10.600,0.006,208.751,1.081,g
2458542.6179539,2019-02-28.1161159,bl,1.56,15.063,10.614,0.006,206.180,1.017,g
2458542.6191706,2019-02-28.1173327,bl,1.56,15.057,10.611,0.006,206.954,1.016,g
2458543.3483507,2019-02-28.8465782,bp,1.47,15.177,10.602,0.005,208.577,0.897,g
2458543.3495603,2019-02-28.8477879,bp,1.48,15.191,10.639,0.004,201.676,0.853,g
2458543.3507817,2019-02-28.8490095,bp,1.49,15.167,10.595,0.005,209.911,0.901,g
2458543.6923801,2019-03-01.1906386,bt,1.55,15.015,10.590,0.005,210.844,0.920,g
2458543.6935901,2019-03-01.1918487,bt,1.50,15.017,10.601,0.005,208.708,0.899,g
2458543.6948182,2019-03-01.1930768,bt,1.49,15.021,10.611,0.005,206.886,0.879,g
2458544.3503664,2019-03-01.8486841,bp,1.54,15.164,10.597,0.004,209.614,0.850,g
2458544.3515701,2019-03-01.8498879,bp,1.50,99.990,99.990,99.990,99.990,99.990,g
2458544.3527825,2019-03-01.8511003,bp,1.50,99.990,99.990,99.990,99.990,99.990,g
2458544.6966763,2019-03-02.1950252,bt,1.46,14.849,10.606,0.005,207.797,1.088,g
2458544.6978931,2019-03-02.1962420,bt,1.48,14.912,10.556,0.005,217.626,1.054,g
2458544.6991114,2019-03-02.1974604,bt,1.53,14.959,10.601,0.005,208.826,0.990,g
2458545.3644530,2019-03-02.8628621,bp,1.52,15.146,10.605,0.004,207.904,0.867,g
2458545.3656712,2019-03-02.8640804,bp,1.62,15.144,10.609,0.004,207.167,0.863,g
2458545.3668867,2019-03-02.8652961,bp,1.60,15.138,10.602,0.004,208.586,0.838,g
2458545.6928842,2019-03-03.1913230,bt,1.45,14.749,10.620,0.007,205.279,1.231,g
2458545.6941009,2019-03-03.1925398,bt,1.47,14.893,10.585,0.005,211.814,1.060,g
2458545.6953165,2019-03-03.1937555,bt,1.45,14.841,10.613,0.005,206.437,1.068,g
2458546.3524009,2019-03-03.8508993,bp,1.64,15.163,10.653,0.005,199.098,0.962,g
2458546.3536070,2019-03-03.8521056,bp,1.59,99.990,99.990,99.990,99.990,99.990,g
2458546.3548135,2019-03-03.8533122,bp,1.59,99.990,99.990,99.990,99.990,99.990,g
2458546.6963592,2019-03-04.1948888,bt,1.55,14.896,10.594,0.005,210.068,1.042,g
2458546.6975656,2019-03-04.1960953,bt,2.05,14.776,10.622,0.007,204.789,1.252,g
2458546.6987824,2019-03-04.1973122,bt,1.67,14.767,10.618,0.006,205.523,1.118,g
2458548.3010113,2019-03-05.7996865,bp,1.55,15.187,10.611,0.005,206.953,0.892,g
2458548.3022181,2019-03-05.8008934,bp,1.57,15.187,10.610,0.004,207.018,0.872,g
2458548.3034247,2019-03-05.8021001,bp,1.51,15.186,10.610,0.004,206.991,0.879,g
2458548.6949184,2019-03-06.1936295,bt,1.48,14.753,10.624,0.006,204.313,1.095,g
2458548.6961355,2019-03-06.1948467,bt,1.51,14.790,10.613,0.006,206.448,1.074,g
2458548.6973510,2019-03-06.1960622,bt,1.48,14.809,10.616,0.006,205.725,1.102,g
2458549.3186480,2019-03-06.8174157,bp,1.59,15.164,10.625,0.004,204.145,0.871,g
2458549.3202525,2019-03-06.8190204,bp,1.53,15.164,10.612,0.004,206.611,0.850,g
2458549.3214942,2019-03-06.8202622,bp,1.60,15.157,10.604,0.004,208.130,0.888,g
2458549.6824667,2019-03-07.1812676,bt,1.53,14.949,10.602,0.005,208.617,0.980,g
2458549.6836821,2019-03-07.1824831,bt,1.52,14.961,10.589,0.005,211.208,0.988,g
2458549.6848966,2019-03-07.1836978,bt,1.48,14.955,10.590,0.005,210.832,0.992,g
2458550.6807489,2019-03-08.1796407,bt,1.44,13.107,10.782,0.043,176.696,6.921,g
2458550.6819563,2019-03-08.1808482,bt,1.63,99.990,99.990,99.990,99.990,99.990,g
2458550.6831741,2019-03-08.1820662,bt,1.57,99.990,99.990,99.990,99.990,99.990,g
2458554.2845203,2019-03-11.7837409,bp,1.55,14.643,10.647,0.014,199.936,2.554,g
2458554.2857333,2019-03-11.7849541,bp,1.52,14.902,10.615,0.006,206.047,1.119,g
2458554.2869444,2019-03-11.7861652,bp,1.57,99.990,99.990,99.990,99.990,99.990,g
2458555.2803106,2019-03-12.7796220,bp,1.58,15.188,10.615,0.004,206.024,0.840,g
2458555.2815309,2019-03-12.7808425,bp,1.55,15.188,10.615,0.004,206.016,0.854,g
2458555.2827373,2019-03-12.7820490,bp,1.56,15.195,10.629,0.005,203.511,0.924,g
2458558.5711452,2019-03-16.0707564,bl,1.44,15.051,10.633,0.006,202.675,1.037,g
2458558.5723675,2019-03-16.0719788,bl,1.5,15.047,10.632,0.005,202.732,0.950,g
2458558.5735901,2019-03-16.0732015,bl,1.49,15.046,10.625,0.006,204.221,1.016,g
2458559.2864803,2019-03-16.7861564,bp,1.50,15.188,10.635,0.005,202.271,0.888,g
2458559.2876973,2019-03-16.7873735,bp,1.50,15.177,10.625,0.005,204.306,0.884,g
2458559.2889035,2019-03-16.7885798,bp,1.51,15.174,10.620,0.004,205.099,0.880,g
2458559.6499278,2019-03-17.1496370,bt,1.55,14.968,10.644,0.005,200.605,0.961,g
2458559.6511454,2019-03-17.1508546,bt,1.51,14.968,10.627,0.005,203.897,0.998,g
2458559.6523623,2019-03-17.1520716,bt,1.56,14.951,10.608,0.006,207.462,1.059,g
2458560.3042630,2019-03-17.8040314,bp,1.55,15.153,10.624,0.005,204.231,0.957,g
2458560.3054683,2019-03-17.8052369,bp,1.56,15.153,10.631,0.005,203.182,0.912,g
2458560.3066782,2019-03-17.8064469,bp,1.50,15.144,10.622,0.005,204.724,0.906,g
2458561.2663033,2019-03-18.7661588,bp,1.68,15.167,10.653,0.005,199.046,0.934,g
2458561.2675117,2019-03-18.7673673,bp,1.71,15.149,10.630,0.005,203.210,0.933,g
2458561.2687279,2019-03-18.7685836,bp,1.65,15.151,10.628,0.005,203.580,0.979,g
2458561.5645182,2019-03-19.0644007,bl,1.48,15.044,10.634,0.006,202.384,1.035,g
2458561.5657363,2019-03-19.0656189,bl,1.48,15.030,10.639,0.006,201.718,1.012,g
2458561.5669542,2019-03-19.0668369,bl,1.51,15.048,10.637,0.006,201.966,1.018,g
2458562.2939729,2019-03-19.7939212,bp,1.56,15.136,10.629,0.004,203.357,0.879,g
2458562.2953482,2019-03-19.7952967,bp,1.58,15.136,10.620,0.005,205.229,0.932,g
2458562.2966182,2019-03-19.7965667,bp,1.58,15.132,10.644,0.005,200.676,0.930,g
2458562.6569169,2019-03-20.1568980,bt,1.50,14.927,10.629,0.006,203.512,1.077,g
2458562.6581315,2019-03-20.1581127,bt,1.45,14.925,10.634,0.006,202.442,1.065,g
2458562.6593544,2019-03-20.1593356,bt,1.55,14.910,10.643,0.005,200.791,1.019,g
2458563.3014233,2019-03-20.8014624,bp,1.55,15.160,10.706,0.006,189.565,0.910,g
2458563.3026321,2019-03-20.8026713,bp,1.56,15.139,10.686,0.005,193.021,0.891,g
2458563.3038431,2019-03-20.8038823,bp,1.56,15.129,10.635,0.005,202.461,0.962,g
2458564.3005477,2019-03-21.8006764,bp,1.57,15.139,10.644,0.004,200.765,0.861,g
2458564.3017538,2019-03-21.8018826,bp,1.55,15.133,10.640,0.005,201.503,0.898,g
2458564.3029597,2019-03-21.8030887,bp,1.53,15.133,10.638,0.004,201.736,0.886,g
2458565.6463695,2019-03-23.1466187,bt,1.46,14.754,10.642,0.007,200.951,1.298,g
2458565.6475929,2019-03-23.1478421,bt,1.42,14.628,10.616,0.008,205.795,1.497,g
2458565.6488195,2019-03-23.1490688,bt,1.51,14.438,10.632,0.009,202.764,1.625,g
2458566.2946423,2019-03-23.7949492,bp,1.51,14.660,10.670,0.018,195.992,3.220,g
2458566.2958464,2019-03-23.7961534,bp,1.48,14.368,10.642,0.012,200.857,2.233,g
2458566.2970678,2019-03-23.7973749,bp,1.53,14.396,10.794,0.019,174.721,2.976,g
2458566.5478191,2019-03-24.0481486,bH,1.48,15.117,10.639,0.005,201.619,0.872,g
2458566.5490853,2019-03-24.0494148,bH,1.46,15.107,10.622,0.005,204.844,0.921,g
2458566.5503814,2019-03-24.0507111,bH,1.45,15.113,10.631,0.004,202.991,0.861,g
2458567.5471420,2019-03-25.0475601,bl,1.42,15.084,10.649,0.006,199.738,0.978,g
2458567.5483577,2019-03-25.0487759,bl,1.48,15.063,10.612,0.005,206.602,0.992,g
2458567.5495709,2019-03-25.0499892,bl,1.46,15.080,10.648,0.005,199.986,0.929,g
2458569.5343309,2019-03-27.0349243,bl,1.43,14.949,10.601,0.007,208.647,1.346,g
2458569.5355501,2019-03-27.0361436,bl,1.46,14.903,10.634,0.007,202.523,1.284,g
2458569.5367688,2019-03-27.0373624,bl,1.45,14.856,10.657,0.007,198.239,1.194,g
2458572.5238439,2019-03-30.0246979,bl,1.62,14.909,10.621,0.006,205.030,1.208,g
2458572.5250640,2019-03-30.0259180,bl,1.62,14.918,10.625,0.006,204.129,1.155,g
2458572.5262787,2019-03-30.0271329,bl,1.6,14.983,10.630,0.006,203.204,1.072,g
2458574.6095144,2019-04-01.1105475,bt,1.62,14.943,10.602,0.005,208.518,0.994,g
2458574.6107428,2019-04-01.1117760,bt,1.68,14.935,10.611,0.005,206.875,0.941,g
2458574.6119658,2019-04-01.1129991,bt,1.82,14.931,10.610,0.005,206.934,0.960,g
2458575.2688306,2019-04-01.7699199,bp,1.70,15.161,10.623,0.005,204.705,0.898,g
2458575.2700419,2019-04-01.7711313,bp,1.57,15.151,10.609,0.005,207.136,0.902,g
2458575.2712600,2019-04-01.7723494,bp,1.66,15.147,10.610,0.004,206.971,0.873,g
2458575.5183150,2019-04-02.0194254,bl,1.47,15.071,10.619,0.006,205.192,0.998,g
2458575.5195347,2019-04-02.0206453,bl,1.47,15.076,10.641,0.006,201.141,0.985,g
2458575.5207519,2019-04-02.0218625,bl,1.49,15.069,10.620,0.006,205.115,1.037,g
2458576.6253201,2019-04-03.1265241,bt,1.54,14.096,10.645,0.012,200.431,2.294,g
2458576.6265417,2019-04-03.1277458,bt,1.56,13.876,10.685,0.015,193.186,2.617,g
2458577.2729854,2019-04-03.7742438,bp,1.52,14.567,10.643,0.008,200.867,1.480,g
2458577.2743086,2019-04-03.7755671,bp,1.46,99.990,99.990,99.990,99.990,99.990,g
2458577.2756110,2019-04-03.7768696,bp,1.51,14.514,10.617,0.008,205.632,1.421,g
2458577.5317862,2019-04-04.0330662,bH,1.72,15.033,10.640,0.005,201.394,0.936,g
2458577.5330542,2019-04-04.0343343,bH,1.75,15.035,10.634,0.005,202.582,0.938,g
2458577.5343385,2019-04-04.0356188,bH,1.69,15.025,10.619,0.005,205.358,0.953,g
2458577.6258401,2019-04-04.1271280,bt,1.47,14.889,10.598,0.005,209.374,1.060,g
2458577.6270559,2019-04-04.1283439,bt,1.53,14.889,10.614,0.005,206.249,1.053,g
2458579.4813985,2019-04-05.9828403,bl,2.21,15.021,10.631,0.007,203.050,1.293,g
2458579.4826323,2019-04-05.9840742,bl,2.21,15.026,10.632,0.007,203.026,1.305,g
2458579.4838489,2019-04-05.9852909,bl,2.19,15.031,10.644,0.007,200.620,1.236,g
2458580.5002615,2019-04-07.0017869,bH,1.63,15.107,10.630,0.005,203.255,0.854,g
2458580.5016057,2019-04-07.0031312,bH,1.64,15.097,10.619,0.005,205.242,0.897,g
2458580.5028709,2019-04-07.0043965,bH,1.65,15.087,10.614,0.005,206.274,0.809,g
2458582.5024108,2019-04-09.0040981,bH,1.53,15.119,10.625,0.004,204.297,0.865,g
2458582.5036893,2019-04-09.0053768,bH,1.52,15.108,10.612,0.004,206.721,0.891,g
2458582.5049526,2019-04-09.0066402,bH,1.50,15.110,10.615,0.004,205.998,0.872,g
2458583.4960742,2019-04-09.9978409,bl,1.55,15.069,10.618,0.006,205.460,1.019,g
2458583.4972964,2019-04-09.9990631,bl,1.55,15.070,10.622,0.006,204.721,1.000,g
2458583.4985166,2019-04-10.0002835,bl,1.5,15.076,10.630,0.006,203.192,0.991,g
2458584.4919101,2019-04-10.9937555,bl,1.61,15.072,10.621,0.006,205.029,1.044,g
2458584.4931287,2019-04-10.9949742,bl,1.62,15.074,10.631,0.006,203.075,1.071,g
2458584.4943580,2019-04-10.9962036,bl,1.61,15.069,10.625,0.006,204.232,1.023,g
2458586.4987507,2019-04-13.0007523,bH,1.44,15.107,10.617,0.005,205.790,0.936,g
2458586.5000422,2019-04-13.0020439,bH,1.44,15.095,10.620,0.005,205.132,0.921,g
2458586.5013090,2019-04-13.0033108,bH,1.49,15.105,10.627,0.005,203.788,0.930,g
2458587.2132808,2019-04-13.7153371,bp,1.62,15.099,10.637,0.005,201.929,0.954,g
2458588.2434030,2019-04-14.7455375,bp,1.67,13.846,10.687,0.024,192.974,4.264,g
2458589.4935647,2019-04-15.9957930,bH,1.45,15.093,10.655,0.005,198.617,0.958,g
2458589.4948462,2019-04-15.9970746,bH,1.46,15.122,10.662,0.005,197.398,0.944,g
2458589.4961180,2019-04-15.9983465,bH,1.45,15.112,10.650,0.005,199.542,0.937,g
2458590.4841890,2019-04-16.9864905,bl,1.49,15.061,10.649,0.005,199.704,0.896,g
2458590.4854089,2019-04-16.9877105,bl,1.51,15.050,10.635,0.006,202.362,1.072,g
2458590.4866336,2019-04-16.9889353,bl,1.51,15.037,10.633,0.006,202.709,1.046,g
2458590.5218941,2019-04-17.0241984,bH,1.46,15.017,10.664,0.006,196.909,1.061,g
2458590.5231669,2019-04-17.0254713,bH,1.43,15.005,10.639,0.006,201.444,1.053,g
2458590.5245129,2019-04-17.0268174,bH,1.50,15.030,10.666,0.006,196.625,1.100,g
2458591.4756343,2019-04-17.9780082,bH,1.62,15.069,10.642,0.005,201.082,0.958,g
2458591.4768996,2019-04-17.9792735,bH,1.63,15.088,10.608,0.005,207.299,0.956,g
2458591.4781756,2019-04-17.9805496,bH,1.68,15.096,10.672,0.005,195.490,0.906,g
2458593.4636038,2019-04-19.9661200,bl,1.6,13.687,10.569,0.022,215.080,4.324,g
2458594.4804426,2019-04-20.9830302,bH,1.61,15.111,10.668,0.005,196.254,0.853,g
2458594.4817118,2019-04-20.9842995,bH,1.58,15.107,10.668,0.005,196.197,0.809,g
2458594.4829764,2019-04-20.9855642,bH,1.57,15.102,10.657,0.005,198.209,0.901,g
2458594.5014275,2019-04-21.0040166,bl,1.52,15.034,10.667,0.006,196.424,1.051,g
2458594.5026429,2019-04-21.0052321,bl,1.49,15.017,10.665,0.006,196.812,1.069,g
2458594.5038679,2019-04-21.0064572,bl,1.49,15.028,10.677,0.006,194.631,1.067,g
2458597.4668594,2019-04-23.9696505,bl,1.63,15.020,10.686,0.006,193.029,1.068,g
2458597.4680800,2019-04-23.9708712,bl,1.65,15.012,10.675,0.006,195.019,1.117,g
2458597.4692953,2019-04-23.9720867,bl,1.66,15.015,10.666,0.006,196.652,1.068,g
2458599.4745163,2019-04-25.9774390,bl,1.66,15.012,10.624,0.006,204.325,1.141,g
2458599.4757356,2019-04-25.9786584,bl,1.66,15.010,10.619,0.006,205.144,1.148,g
2458599.4769544,2019-04-25.9798774,bl,1.64,15.009,10.629,0.007,203.496,1.275,g
2458678.9377102,2019-07-14.4414396,bl,1.53,14.975,10.620,0.005,205.152,1.025,g
2458678.9389289,2019-07-14.4426582,bl,1.52,14.967,10.650,0.005,199.609,1.001,g
2458678.9401441,2019-07-14.4438734,bl,1.46,14.964,10.636,0.006,202.026,1.091,g
2458693.6511178,2019-07-29.1540287,bp,1.66,14.868,10.644,0.005,200.801,1.037,g
2458693.6523350,2019-07-29.1552457,bp,1.65,14.886,10.651,0.005,199.213,1.045,g
2458693.6535520,2019-07-29.1564627,bp,1.56,14.885,10.658,0.005,198.086,1.050,g
2458694.9333743,2019-07-30.4362022,bH,1.39,15.098,10.633,0.005,202.807,0.905,g
2458695.9301573,2019-07-31.4329194,bH,1.43,15.123,10.669,0.005,196.106,0.907,g
2458695.9314242,2019-07-31.4341862,bH,1.45,15.116,10.650,0.005,199.533,0.859,g
2458695.9326883,2019-07-31.4354502,bH,1.41,15.113,10.652,0.005,199.128,0.915,g
2458696.9341308,2019-08-01.4368256,bH,1.50,15.090,10.652,0.005,199.151,0.927,g
2458697.9309220,2019-08-02.4335491,bH,1.51,15.114,10.658,0.005,198.130,0.902,g
2458697.9321692,2019-08-02.4347963,bH,1.44,15.111,10.661,0.005,197.563,0.890,g
2458697.9334426,2019-08-02.4360696,bH,1.48,15.103,10.652,0.005,199.128,0.950,g
2458698.9312042,2019-08-03.4337624,bH,1.49,15.100,10.650,0.005,199.668,0.876,g
2458698.9324545,2019-08-03.4350126,bH,1.54,15.118,10.660,0.005,197.566,0.885,g
2458698.9337212,2019-08-03.4362791,bH,1.49,15.108,10.659,0.005,197.971,0.865,g
2458699.9288341,2019-08-04.4313226,bl,1.53,15.075,10.648,0.005,199.850,0.897,g
2458699.9300550,2019-08-04.4325433,bl,1.45,15.069,10.635,0.005,202.251,0.965,g
2458699.9312695,2019-08-04.4337578,bl,1.46,15.077,10.646,0.005,200.426,0.950,g
2458700.9155582,2019-08-05.4179768,bl,1.52,15.052,10.642,0.005,201.016,0.936,g
2458700.9167810,2019-08-05.4191995,bl,1.46,15.052,10.643,0.005,200.913,0.903,g
2458700.9179922,2019-08-05.4204105,bl,1.49,15.052,10.641,0.005,201.184,0.904,g
2458701.9230395,2019-08-06.4253857,bl,1.51,15.058,10.632,0.005,202.970,0.907,g
2458701.9242524,2019-08-06.4265985,bl,1.48,15.057,10.629,0.005,203.382,0.904,g
2458701.9254714,2019-08-06.4278174,bl,1.48,15.057,10.622,0.005,204.821,0.924,g
2458702.6566428,2019-08-07.1589359,bp,1.58,15.153,10.653,0.004,198.948,0.811,g
2458702.6578576,2019-08-07.1601506,bp,1.58,15.147,10.636,0.004,202.160,0.838,g
2458702.6590774,2019-08-07.1613702,bp,1.63,15.135,10.622,0.004,204.886,0.798,g
2458703.9059186,2019-08-08.4081199,bl,1.48,15.059,10.637,0.005,201.870,0.934,g
2458703.9071335,2019-08-08.4093348,bl,1.47,15.062,10.634,0.005,202.536,0.940,g
2458703.9083556,2019-08-08.4105567,bl,1.53,15.070,10.650,0.005,199.558,0.910,g
2458704.6413993,2019-08-09.1435461,bp,1.58,15.127,10.631,0.004,203.033,0.855,g
2458704.6647230,2019-08-09.1668679,bp,1.52,15.159,10.642,0.004,200.884,0.802,g
2458704.6659328,2019-08-09.1680777,bp,1.52,15.157,10.637,0.004,201.835,0.831,g
2458704.6671485,2019-08-09.1692933,bp,1.57,15.190,10.710,0.006,188.926,0.985,g
2458704.9210781,2019-08-09.4232039,bl,1.49,15.074,10.650,0.005,199.469,0.921,g
2458704.9222962,2019-08-09.4244219,bl,1.49,15.078,10.664,0.005,197.089,0.874,g
2458705.6582090,2019-08-10.1602795,bp,1.57,15.160,10.648,0.004,199.911,0.785,g
2458705.6594201,2019-08-10.1614905,bp,1.54,15.176,10.673,0.004,195.478,0.809,g
2458705.6606300,2019-08-10.1627003,bp,1.57,15.170,10.662,0.004,197.458,0.810,g
2458705.9217661,2019-08-10.4238167,bH,1.48,15.123,10.649,0.005,199.685,0.814,g
2458705.9230329,2019-08-10.4250834,bH,1.46,15.133,10.669,0.005,196.103,0.868,g
2458705.9242957,2019-08-10.4263461,bH,1.42,15.124,10.650,0.005,199.580,0.868,g
2458707.8949561,2019-08-12.3968559,bl,1.5,15.053,10.632,0.005,202.796,0.938,g
2458707.8961701,2019-08-12.3980698,bl,1.53,15.047,10.617,0.005,205.612,0.935,g
2458707.8973842,2019-08-12.3992838,bl,1.53,15.062,10.639,0.005,201.548,0.885,g
2458708.6446050,2019-08-13.1464467,bp,1.56,15.131,10.626,0.004,203.982,0.837,g
2458708.6458139,2019-08-13.1476555,bp,1.55,15.136,10.621,0.004,204.891,0.839,g
2458708.6470342,2019-08-13.1488758,bp,1.54,15.144,10.639,0.004,201.547,0.828,g
2458709.8888348,2019-08-14.3905792,bl,1.51,14.973,10.650,0.006,199.421,1.081,g
2458709.8900518,2019-08-14.3917961,bl,1.48,14.992,10.639,0.006,201.634,1.065,g
2458709.8912688,2019-08-14.3930130,bl,1.55,14.999,10.637,0.006,202.063,1.032,g
2458710.8919761,2019-08-15.3936412,bH,1.66,14.388,10.623,0.009,204.618,1.710,g
2458711.8871723,2019-08-16.3887580,bH,1.45,14.862,10.641,0.008,201.297,1.465,g
2458711.8884392,2019-08-16.3900248,bH,1.44,14.904,10.640,0.007,201.358,1.330,g
2458711.8897040,2019-08-16.3912895,bH,1.43,14.944,10.633,0.006,202.691,1.138,g
2458713.6429612,2019-08-18.1444052,bp,1.55,15.034,10.647,0.005,200.001,0.950,g
2458713.6442155,2019-08-18.1456595,bp,1.56,15.033,10.635,0.005,202.483,0.905,g
2458713.9260351,2019-08-18.4274561,bH,1.58,15.046,10.592,0.006,210.431,1.021,g
2458713.9273031,2019-08-18.4287240,bH,1.49,15.072,10.669,0.006,196.148,0.967,g
2458713.9285836,2019-08-18.4300044,bH,1.46,15.051,10.653,0.006,199.093,1.037,g
2458714.1136904,2019-08-18.6150961,bD,1.50,15.215,10.646,0.004,200.279,0.806,g
2458714.1149565,2019-08-18.6163622,bD,1.50,15.221,10.652,0.004,199.295,0.816,g
2458714.1162345,2019-08-18.6176400,bD,1.53,15.217,10.647,0.004,200.037,0.832,g
2458715.1132018,2019-08-19.6145257,bD,1.49,15.242,10.707,0.004,189.331,0.820,g
2458715.1144763,2019-08-19.6158001,bD,1.44,15.239,10.699,0.004,190.757,0.801,g
2458715.1157512,2019-08-19.6170748,bD,1.47,15.251,10.711,0.004,188.671,0.774,g
2458716.6595388,2019-08-21.1607348,bp,1.54,15.149,10.634,0.004,202.493,0.794,g
2458716.6607526,2019-08-21.1619485,bp,1.52,15.149,10.637,0.004,201.933,0.830,g
2458716.6619592,2019-08-21.1631550,bp,1.60,15.149,10.635,0.004,202.268,0.819,g
2458717.9044233,2019-08-22.4055153,bH,1.38,15.109,10.628,0.005,203.582,0.907,g
2458717.9056917,2019-08-22.4067836,bH,1.40,15.125,10.649,0.006,199.821,0.959,g
2458717.9069768,2019-08-22.4080687,bH,1.42,15.113,10.640,0.005,201.475,0.943,g
2458722.8935576,2019-08-27.3942249,bl,1.51,15.078,10.627,0.005,203.760,0.919,g
2458722.8959949,2019-08-27.3966619,bl,1.5,15.077,10.624,0.005,204.430,0.933,g
2458723.9021302,2019-08-28.4027101,bl,1.47,14.950,10.640,0.005,201.249,0.975,g
2458723.9033473,2019-08-28.4039271,bl,1.49,15.015,10.638,0.005,201.727,0.921,g
2458724.9068499,2019-08-29.4073424,bH,1.42,15.127,10.612,0.004,206.715,0.887,g
2458724.9081147,2019-08-29.4086071,bH,1.45,15.130,10.620,0.004,205.228,0.880,g
2458724.9093853,2019-08-29.4098776,bH,1.41,15.131,10.618,0.004,205.540,0.850,g
2458725.9116548,2019-08-30.4120596,bl,1.52,15.086,10.627,0.005,203.836,0.943,g
2458725.9128728,2019-08-30.4132774,bl,1.49,15.084,10.619,0.005,205.374,0.898,g
2458725.9140944,2019-08-30.4144989,bl,1.48,15.061,10.575,0.004,213.722,0.924,g
2458726.8889306,2019-08-31.3892496,bl,1.45,15.079,10.622,0.005,204.653,0.914,g
2458726.8901412,2019-08-31.3904601,bl,1.5,15.074,10.617,0.005,205.636,0.882,g
2458726.8913691,2019-08-31.3916879,bl,1.49,15.072,10.614,0.005,206.361,0.926,g
2458727.8919087,2019-09-01.3921393,bl,1.52,15.074,10.613,0.005,206.569,0.906,g
2458727.8931221,2019-09-01.3933526,bl,1.47,15.078,10.615,0.005,206.040,0.884,g
2458727.8943421,2019-09-01.3945725,bl,1.51,15.072,10.605,0.005,207.921,0.938,g
2458728.8749903,2019-09-02.3751342,bl,1.51,15.030,10.622,0.005,204.636,0.945,g
2458728.8762138,2019-09-02.3763575,bl,1.53,15.056,10.632,0.005,202.755,0.921,g
2458728.8774265,2019-09-02.3775701,bl,1.44,15.054,10.626,0.005,203.957,0.897,g
2458729.5889496,2019-09-03.0890302,bp,1.61,15.122,10.623,0.004,204.520,0.835,g
2458729.5901484,2019-09-03.0902289,bp,1.60,15.118,10.613,0.004,206.462,0.804,g
2458729.5913565,2019-09-03.0914368,bp,1.58,15.120,10.614,0.004,206.395,0.800,g
2458729.9559560,2019-09-03.4560040,bt,1.48,14.874,10.618,0.005,205.397,1.002,g
2458729.9571642,2019-09-03.4572121,bt,1.45,14.886,10.638,0.005,201.784,1.043,g
2458729.9583944,2019-09-03.4584422,bt,1.48,14.877,10.610,0.005,207.057,1.018,g
2458730.5828222,2019-09-04.0828145,bp,1.52,15.131,10.625,0.004,204.117,0.828,g
2458730.5840265,2019-09-04.0840188,bp,1.50,15.124,10.612,0.004,206.715,0.868,g
2458730.5852462,2019-09-04.0852383,bp,1.50,15.116,10.598,0.004,209.340,0.856,g
2458730.9072322,2019-09-04.4071956,bH,1.44,15.122,10.640,0.005,201.273,0.842,g
2458733.0657640,2019-09-06.5655349,bD,1.50,15.240,10.638,0.004,201.760,0.794,g
2458733.0670480,2019-09-06.5668188,bD,1.53,15.243,10.641,0.004,201.269,0.799,g
2458733.0683392,2019-09-06.5681098,bD,1.50,15.245,10.643,0.004,200.917,0.797,g
2458733.5769903,2019-09-07.0767155,bp,1.56,15.129,10.629,0.004,203.421,0.832,g
2458733.5782091,2019-09-07.0779341,bp,1.55,15.124,10.621,0.004,204.920,0.809,g
2458733.5794121,2019-09-07.0791370,bp,1.54,15.125,10.617,0.004,205.783,0.842,g
2458734.5814695,2019-09-08.0811047,bp,1.62,15.062,10.623,0.005,204.495,0.871,g
2458734.5826847,2019-09-08.0823197,bp,1.61,15.066,10.632,0.005,202.802,0.903,g
2458734.5838959,2019-09-08.0835308,bp,1.59,15.053,10.609,0.005,207.267,0.865,g
2458739.0619084,2019-09-12.5611410,bD,1.48,14.659,10.677,0.008,194.690,1.357,g
2458739.0632090,2019-09-12.5624414,bD,1.51,14.264,10.672,0.009,195.667,1.611,g
2458739.0644954,2019-09-12.5637277,bD,1.55,14.385,10.681,0.009,194.030,1.683,g
2458740.0463048,2019-09-13.5454488,bD,1.58,15.211,10.654,0.004,198.856,0.848,g
2458740.0475934,2019-09-13.5467372,bD,1.46,15.212,10.656,0.004,198.473,0.851,g
2458740.0488867,2019-09-13.5480304,bD,1.52,15.224,10.660,0.004,197.816,0.810,g
2458741.0792956,2019-09-14.5783466,bD,1.53,15.232,10.667,0.004,196.592,0.816,g
2458741.0805833,2019-09-14.5796342,bD,1.47,15.245,10.687,0.004,192.837,0.771,g
2458741.0818711,2019-09-14.5809218,bD,1.50,15.257,10.703,0.004,189.887,0.801,g
2458741.8718943,2019-09-15.3708740,bl,1.58,15.075,10.638,0.005,201.801,0.943,g
2458742.8315729,2019-09-16.3304663,bl,1.57,15.046,10.637,0.005,201.993,0.973,g
2458742.8327989,2019-09-16.3316922,bl,1.51,15.048,10.637,0.005,201.933,0.913,g
2458742.8340169,2019-09-16.3329101,bl,1.57,15.060,10.641,0.005,201.113,0.943,g
2458744.0775815,2019-09-17.5763630,bD,1.45,15.285,10.703,0.004,189.958,0.748,g
2458744.0788601,2019-09-17.5776414,bD,1.46,15.293,10.717,0.004,187.673,0.740,g
2458744.0801498,2019-09-17.5789310,bD,1.47,15.260,10.658,0.004,198.162,0.831,g
2458747.5222469,2019-09-21.0207201,bp,1.62,14.785,10.679,0.007,194.269,1.167,g
2458747.5234584,2019-09-21.0219314,bp,1.65,14.822,10.667,0.007,196.536,1.197,g
2458747.5246762,2019-09-21.0231491,bp,1.57,14.792,10.658,0.006,198.223,1.160,g
2458748.7852691,2019-09-22.2836297,bl,1.48,15.048,10.658,0.005,198.138,0.941,g
2458748.7864872,2019-09-22.2848477,bl,1.5,15.052,10.657,0.005,198.410,0.948,g
2458748.7877010,2019-09-22.2860614,bl,1.45,15.057,10.655,0.005,198.691,0.891,g
2458749.8283768,2019-09-23.3266447,bH,1.45,15.127,10.656,0.005,198.425,0.895,g
2458749.8296411,2019-09-23.3279088,bH,1.41,15.110,10.623,0.004,204.541,0.889,g
2458749.8309185,2019-09-23.3291861,bH,1.44,15.117,10.638,0.005,201.846,0.884,g
2458750.6226335,2019-09-24.1208309,bp,1.53,15.167,10.626,0.004,203.952,0.801,g
2458750.9274585,2019-09-24.4256290,bt,1.53,14.714,10.654,0.006,198.838,1.202,g
2458750.9286684,2019-09-24.4268388,bt,1.49,14.738,10.644,0.006,200.614,1.138,g
2458750.9298876,2019-09-24.4280578,bt,1.49,14.737,10.618,0.006,205.453,1.184,g
2458753.8485330,2019-09-27.3464465,bl,1.51,15.065,10.591,0.005,210.623,0.927,g
2458753.8497516,2019-09-27.3476650,bl,1.5,15.083,10.625,0.005,204.263,0.876,g
2458753.8509683,2019-09-27.3488815,bl,1.52,15.084,10.622,0.005,204.723,0.887,g
2458755.7544992,2019-09-29.2522466,bH,1.47,15.064,10.627,0.005,203.833,0.869,g
2458755.7557656,2019-09-29.2535129,bH,1.41,15.061,10.623,0.005,204.486,0.901,g
2458755.7570491,2019-09-29.2547964,bH,1.43,15.070,10.634,0.005,202.595,0.894,g
2458757.0857919,2019-09-30.5834242,bD,1.54,15.280,10.636,0.004,202.080,0.724,g
2458757.0870814,2019-09-30.5847136,bD,1.55,15.277,10.635,0.004,202.158,0.720,g
2458757.0883632,2019-09-30.5859952,bD,1.53,15.283,10.642,0.004,201.013,0.728,g
2458758.5706925,2019-10-02.0681974,bp,1.62,15.135,10.614,0.004,206.283,0.794,g
2458758.5719012,2019-10-02.0694060,bp,1.62,99.990,99.990,99.990,99.990,99.990,g
2458758.5731206,2019-10-02.0706253,bp,1.60,15.136,10.611,0.004,206.954,0.786,g
2458763.8831889,2019-10-07.3802475,bH,1.44,15.147,10.666,0.004,196.786,0.850,g
2458764.7533359,2019-10-08.2503231,bH,1.42,15.111,10.689,0.006,192.609,0.947,g
2458764.7546177,2019-10-08.2516048,bH,1.40,15.108,10.672,0.005,195.525,0.864,g
2458764.7558760,2019-10-08.2528629,bH,1.41,15.099,10.651,0.005,199.422,0.876,g
2458765.7486546,2019-10-09.2455605,bl,1.5,15.059,10.663,0.005,197.157,0.943,g
2458765.7498762,2019-10-09.2467820,bl,1.47,15.048,10.659,0.005,197.919,0.945,g
2458765.7510967,2019-10-09.2480025,bl,1.5,15.048,10.666,0.005,196.581,0.927,g
2458766.8375746,2019-10-10.3343925,bH,1.39,15.105,10.659,0.005,198.020,0.841,g
2458766.8388463,2019-10-10.3356641,bH,1.44,15.014,10.629,0.005,203.363,1.003,g
2458766.8401163,2019-10-10.3369339,bH,1.39,14.977,10.654,0.005,198.812,0.969,g
2458768.5133235,2019-10-12.0100075,bp,1.50,15.064,10.661,0.005,197.673,0.888,g
2458768.5145424,2019-10-12.0112263,bp,1.51,15.123,10.672,0.005,195.588,0.807,g
2458768.5157561,2019-10-12.0124400,bp,1.49,15.124,10.654,0.005,198.862,0.849,g
2458768.8605328,2019-10-12.3571892,bH,2.01,99.990,99.990,99.990,99.990,99.990,g
2458768.8618006,2019-10-12.3584570,bH,1.56,99.990,99.990,99.990,99.990,99.990,g
2458768.9704546,2019-10-12.4671025,bD,1.51,14.970,10.686,0.006,192.973,1.129,g
2458768.9717437,2019-10-12.4683915,bD,1.60,14.921,10.700,0.006,190.541,1.086,g
2458768.9730379,2019-10-12.4696855,bD,1.55,14.875,10.688,0.007,192.772,1.131,g
2458769.5177493,2019-10-13.0143540,bp,1.60,15.143,10.697,0.005,191.014,0.821,g
2458769.5189795,2019-10-13.0155841,bp,1.58,15.125,10.688,0.005,192.631,0.842,g
2458769.5201892,2019-10-13.0167938,bp,1.59,15.122,10.694,0.005,191.598,0.865,g
2458769.9712251,2019-10-13.4677943,bD,1.63,15.201,10.720,0.005,187.069,0.848,g
2458769.9725130,2019-10-13.4690821,bD,1.55,15.209,10.717,0.005,187.591,0.875,g
2458771.0292503,2019-10-14.5257372,bD,1.65,15.288,10.707,0.004,189.339,0.776,g
2458771.0305413,2019-10-14.5270281,bD,1.61,15.258,10.696,0.004,191.341,0.766,g
2458771.0318254,2019-10-14.5283120,bD,1.55,15.283,10.737,0.004,184.279,0.761,g
2458771.8602390,2019-10-15.3566619,bl,1.56,15.061,10.673,0.005,195.276,0.947,g
2458771.8614553,2019-10-15.3578781,bl,1.51,15.074,10.693,0.005,191.845,0.920,g
2458771.8626729,2019-10-15.3590956,bl,1.48,15.070,10.693,0.006,191.685,0.966,g
2458775.8501629,2019-10-19.3462864,bH,1.42,15.121,10.654,0.006,198.811,0.972,g
2458775.8514411,2019-10-19.3475645,bH,1.46,15.123,10.667,0.005,196.448,0.934,g
2458775.8527081,2019-10-19.3488314,bH,1.43,15.124,10.657,0.005,198.293,0.827,g
2458779.8946439,2019-10-23.3904787,bt,1.53,15.128,10.635,0.004,202.264,0.850,g
2458779.8958605,2019-10-23.3916952,bt,1.50,15.112,10.604,0.004,208.118,0.824,g
2458779.8970751,2019-10-23.3929097,bt,1.50,15.123,10.625,0.004,204.198,0.833,g
2458780.9171915,2019-10-24.4129557,bt,1.51,15.133,10.697,0.006,191.068,0.951,g
2458780.9184088,2019-10-24.4141730,bt,1.48,15.095,10.620,0.006,205.157,1.000,g
2458782.0168626,2019-10-25.5125522,bD,1.52,15.288,10.660,0.004,197.630,0.745,g
2458782.0181471,2019-10-25.5138367,bD,1.48,15.282,10.645,0.004,200.451,0.765,g
2458782.0194287,2019-10-25.5151182,bD,1.56,15.282,10.653,0.004,198.982,0.740,g
2458783.0399343,2019-10-26.5355557,bD,1.45,15.134,10.669,0.005,196.045,0.826,g
2458783.0412212,2019-10-26.5368425,bD,1.47,15.151,10.666,0.004,196.578,0.778,g
2458783.0425076,2019-10-26.5381288,bD,1.51,15.157,10.661,0.004,197.532,0.782,g
2458783.8209847,2019-10-27.3165547,bt,1.52,15.090,10.652,0.005,199.123,0.937,g
2458783.8221937,2019-10-27.3177636,bt,1.49,15.093,10.648,0.006,199.911,0.986,g
2458783.8234104,2019-10-27.3189803,bt,1.53,15.096,10.656,0.005,198.579,0.948,g
2458783.8614125,2019-10-27.3569799,bt,1.63,15.106,10.646,0.005,200.311,0.921,g
2458784.7343088,2019-10-28.2298196,bl,1.48,14.020,10.679,0.012,194.418,2.227,g
2458784.7355172,2019-10-28.2310279,bl,1.52,14.219,10.690,0.009,192.330,1.721,g
2458784.7367421,2019-10-28.2322527,bl,1.49,14.369,10.657,0.008,198.233,1.481,g
2458785.7841450,2019-10-29.2795888,bl,1.53,15.092,10.639,0.005,201.592,0.887,g
2458785.7853602,2019-10-29.2808040,bl,1.58,15.084,10.623,0.005,204.490,0.947,g
2458785.7865794,2019-10-29.2820231,bl,1.52,15.090,10.639,0.005,201.623,0.919,g
2458788.9017060,2019-11-01.3969585,bt,1.53,15.113,10.622,0.004,204.582,0.895,g
2458788.9029166,2019-11-01.3981690,bt,1.48,15.119,10.641,0.005,201.123,0.893,g
2458788.9041331,2019-11-01.3993854,bt,1.47,15.110,10.624,0.005,204.414,0.958,g
2458789.6772380,2019-11-02.1724447,bl,1.45,14.912,10.673,0.007,195.181,1.294,g
2458789.6784563,2019-11-02.1736629,bl,1.47,14.726,10.554,0.009,217.955,1.788,g
2458789.6796770,2019-11-02.1748835,bl,1.5,14.834,10.582,0.009,212.408,1.807,g
2458790.0457697,2019-11-02.5409547,bD,1.42,15.285,10.652,0.004,199.142,0.747,g
2458790.0470601,2019-11-02.5422451,bD,1.47,15.305,10.695,0.004,191.416,0.693,g
2458790.0483478,2019-11-02.5435327,bD,1.44,15.312,10.710,0.004,188.772,0.681,g
2458790.5251247,2019-11-03.0202821,bp,1.56,15.150,10.612,0.004,206.640,0.801,g
2458790.5263476,2019-11-03.0215049,bp,1.55,15.156,10.622,0.004,204.695,0.819,g
2458790.5275661,2019-11-03.0227233,bp,1.58,15.154,10.614,0.004,206.160,0.864,g
2458791.5213425,2019-11-04.0164431,bp,1.49,15.163,10.642,0.004,200.998,0.809,g
2458791.5225687,2019-11-04.0176692,bp,1.54,15.152,10.624,0.004,204.382,0.824,g
2458791.8762818,2019-11-04.3713625,bt,1.52,15.119,10.629,0.004,203.264,0.867,g
2458791.8774944,2019-11-04.3725749,bt,1.51,15.117,10.628,0.004,203.672,0.871,g
2458791.8787107,2019-11-04.3737912,bt,1.54,15.128,10.649,0.005,199.617,0.873,g
2458792.7271131,2019-11-05.2221466,bl,1.49,15.068,10.624,0.005,204.408,0.915,g
2458792.7283301,2019-11-05.2233635,bl,1.49,15.071,10.631,0.005,203.059,0.926,g
2458792.7295481,2019-11-05.2245815,bl,1.47,15.068,10.626,0.005,204.009,0.935,g
2458793.6924050,2019-11-06.1873861,bH,1.41,15.085,10.624,0.005,204.301,0.874,g
2458795.0326950,2019-11-07.5276053,bD,1.49,15.277,10.632,0.004,202.918,0.730,g
2458795.0339768,2019-11-07.5288870,bD,1.50,15.277,10.635,0.004,202.231,0.750,g
2458795.0352665,2019-11-07.5301767,bD,1.46,15.290,10.661,0.004,197.594,0.748,g
2458795.7239648,2019-11-08.2188396,bH,1.39,15.093,10.627,0.005,203.911,0.901,g
2458795.7252264,2019-11-08.2201011,bH,1.46,15.098,10.622,0.005,204.759,0.889,g
2458795.7265028,2019-11-08.2213774,bH,1.40,15.104,10.633,0.005,202.623,0.919,g
2458796.4729240,2019-11-08.9677609,bp,1.54,15.134,10.624,0.004,204.278,0.840,g
2458796.4741762,2019-11-08.9690131,bp,1.57,15.139,10.633,0.004,202.828,0.830,g
2458796.4753839,2019-11-08.9702207,bp,1.57,15.134,10.621,0.004,205.009,0.834,g
2458796.9153956,2019-11-09.4102105,bD,1.44,15.229,10.637,0.004,201.980,0.779,g
2458796.9166778,2019-11-09.4114926,bD,1.48,15.250,10.651,0.004,199.367,0.784,g
2458796.9179677,2019-11-09.4127825,bD,1.49,15.252,10.651,0.004,199.353,0.812,g
2458797.4768255,2019-11-09.9716128,bp,1.61,14.453,10.637,0.008,201.938,1.555,g
2458797.4780351,2019-11-09.9728223,bp,1.70,14.133,10.607,0.011,207.701,2.244,g
2458797.4792428,2019-11-09.9740300,bp,1.58,14.171,10.666,0.011,196.658,2.014,g
2458797.9254996,2019-11-10.4202652,bD,1.52,15.232,10.644,0.004,200.745,0.805,g
2458797.9267902,2019-11-10.4215558,bD,1.47,15.227,10.648,0.004,200.006,0.820,g
2458797.9280776,2019-11-10.4228431,bD,1.49,15.233,10.649,0.004,199.745,0.800,g
2458798.7677213,2019-11-11.2624468,bH,1.52,15.049,10.616,0.005,205.873,0.995,g
2458798.7690007,2019-11-11.2637262,bH,1.50,15.050,10.632,0.005,202.996,0.949,g
2458798.7702841,2019-11-11.2650095,bH,1.43,15.068,10.639,0.005,201.559,0.954,g
2458799.6539176,2019-11-12.1486020,bl,1.61,14.896,10.651,0.006,199.382,1.179,g
2458799.6551391,2019-11-12.1498235,bl,1.65,14.964,10.653,0.006,199.025,1.070,g
2458799.8285234,2019-11-12.3231998,bH,1.62,15.018,10.614,0.005,206.393,1.000,g
2458799.8297975,2019-11-12.3244739,bH,1.60,15.026,10.646,0.006,200.302,1.000,g
2458799.8310743,2019-11-12.3257506,bH,1.59,15.011,10.635,0.006,202.231,1.018,g
2458800.0360034,2019-11-12.5306704,bD,1.50,15.250,10.723,0.004,186.537,0.742,g
2458800.0372940,2019-11-12.5319609,bD,1.56,15.226,10.686,0.004,192.955,0.781,g
2458800.0385946,2019-11-12.5332615,bD,1.57,15.217,10.636,0.004,202.157,0.818,g
2458801.0122959,2019-11-13.5069193,bD,1.53,15.226,10.641,0.004,201.043,0.827,g
2458801.0135891,2019-11-13.5082125,bD,1.58,15.259,10.716,0.004,187.681,0.768,g
2458801.0148766,2019-11-13.5095000,bD,1.55,15.250,10.711,0.004,188.559,0.789,g
2458804.7448932,2019-11-17.2393624,bH,1.38,15.037,10.646,0.006,200.402,1.032,g
2458804.7461603,2019-11-17.2406294,bH,1.32,15.031,10.617,0.006,205.567,1.013,g
2458804.7474336,2019-11-17.2419026,bH,1.42,15.047,10.611,0.005,206.805,0.992,g
2458805.0914001,2019-11-17.5858560,bD,1.49,15.261,10.646,0.004,200.290,0.770,g
2458805.0926985,2019-11-17.5871543,bD,1.46,15.260,10.654,0.004,198.776,0.748,g
2458805.0939984,2019-11-17.5884541,bD,1.43,15.256,10.642,0.004,201.024,0.766,g
2458805.5126549,2019-11-18.0070947,bp,1.53,15.085,10.601,0.004,208.717,0.848,g
2458805.5138693,2019-11-18.0083091,bp,1.56,15.084,10.605,0.005,208.008,0.873,g
2458805.5150768,2019-11-18.0095166,bp,1.55,15.092,10.612,0.005,206.627,0.883,g
2458807.5754167,2019-11-20.0697821,bp,1.54,15.133,10.614,0.005,206.369,0.931,g
2458807.5766313,2019-11-20.0709966,bp,1.53,15.146,10.636,0.004,202.176,0.885,g
2458808.0731182,2019-11-20.5674665,bD,1.48,15.264,10.628,0.004,203.678,0.734,g
2458808.0744061,2019-11-20.5687544,bD,1.48,15.272,10.639,0.004,201.461,0.744,g
2458808.0756952,2019-11-20.5700435,bD,1.51,15.269,10.631,0.004,203.102,0.748,g
2458808.9027162,2019-11-21.3970369,bt,1.58,15.096,10.592,0.004,210.447,0.808,g
2458808.9039322,2019-11-21.3982529,bt,1.56,15.101,10.596,0.004,209.679,0.908,g
2458808.9051533,2019-11-21.3994739,bt,1.57,15.115,10.617,0.004,205.808,0.847,g
2458810.4758678,2019-11-22.9701390,bp,1.53,15.049,10.611,0.005,206.803,0.828,g
2458810.4771748,2019-11-22.9714460,bp,1.51,15.062,10.621,0.005,204.926,0.837,g
2458810.4783946,2019-11-22.9726658,bp,1.52,15.102,10.605,0.004,207.849,0.870,g
2458810.6354983,2019-11-23.1297648,bl,1.42,15.023,10.605,0.005,208.029,0.937,g
2458810.6367177,2019-11-23.1309841,bl,1.48,15.034,10.618,0.005,205.457,0.933,g
2458810.6379371,2019-11-23.1322035,bl,1.54,15.038,10.627,0.005,203.805,0.945,g
2458811.8189649,2019-11-24.3131968,bt,1.56,15.108,10.614,0.004,206.283,0.847,g
2458811.8201772,2019-11-24.3144091,bt,1.57,15.108,10.620,0.004,205.265,0.858,g
2458811.8213965,2019-11-24.3156283,bt,1.60,15.109,10.617,0.004,205.730,0.913,g
2458812.7386439,2019-11-25.2328505,bl,1.45,15.038,10.619,0.005,205.318,0.918,g
2458812.7398754,2019-11-25.2340819,bl,1.49,15.040,10.619,0.005,205.227,0.934,g
2458812.7410919,2019-11-25.2352984,bl,1.47,15.037,10.616,0.005,205.844,0.930,g
2458813.6109055,2019-11-26.1050893,bl,1.53,14.595,10.621,0.009,204.908,1.722,g
2458813.6121239,2019-11-26.1063077,bl,1.48,14.674,10.619,0.008,205.237,1.462,g
2458813.6133416,2019-11-26.1075253,bl,1.53,14.735,10.614,0.006,206.221,1.131,g
2458813.8573259,2019-11-26.3515034,bt,1.57,14.788,10.617,0.006,205.695,1.090,g
2458813.8585489,2019-11-26.3527264,bt,1.62,14.760,10.616,0.006,205.813,1.087,g
2458813.8597671,2019-11-26.3539445,bt,1.60,14.596,10.631,0.007,203.090,1.219,g
2458814.4949149,2019-11-26.9890767,bp,1.49,15.151,10.611,0.004,206.972,0.784,g
2458814.4961309,2019-11-26.9902926,bp,1.48,15.152,10.611,0.004,206.917,0.830,g
2458814.4973350,2019-11-26.9914967,bp,1.49,15.160,10.627,0.004,203.824,0.815,g
2458814.9883681,2019-11-27.4825181,bD,1.76,99.990,99.990,99.990,99.990,99.990,g
2458815.6568669,2019-11-28.1510017,bl,1.47,15.040,10.625,0.005,204.185,0.907,g
2458815.6580882,2019-11-28.1522229,bl,1.46,15.039,10.620,0.005,205.116,0.940,g
2458815.6593179,2019-11-28.1534526,bl,1.51,15.040,10.626,0.005,204.145,0.878,g
2458816.6468789,2019-11-29.1409923,bH,1.43,15.082,10.614,0.005,206.212,0.832,g
2458816.6481461,2019-11-29.1422595,bH,1.40,15.095,10.642,0.005,201.030,0.914,g
2458816.6494125,2019-11-29.1435259,bH,1.42,15.084,10.621,0.005,204.852,0.872,g
2458817.0237022,2019-11-29.5178078,bD,1.64,15.263,10.622,0.004,204.694,0.761,g
2458817.0249789,2019-11-29.5190845,bD,1.64,15.272,10.637,0.004,201.964,0.718,g
2458817.0262553,2019-11-29.5203609,bD,1.61,15.278,10.644,0.004,200.588,0.727,g
2458817.5648213,2019-11-30.0589163,bp,1.51,15.134,10.610,0.004,206.935,0.891,g
2458817.5660300,2019-11-30.0601250,bp,1.51,15.138,10.612,0.004,206.732,0.858,g
2458817.5672354,2019-11-30.0613304,bp,1.48,15.124,10.593,0.004,210.298,0.852,g
2458817.6664699,2019-11-30.1605629,bl,1.48,15.051,10.620,0.005,205.113,0.894,g
2458817.6676982,2019-11-30.1617912,bl,1.49,15.054,10.620,0.005,205.142,0.927,g
2458818.0767350,2019-11-30.5708203,bD,1.48,13.718,10.704,0.020,189.816,3.370,g
2458818.0780129,2019-11-30.5720981,bD,1.50,13.283,10.690,0.048,192.297,8.488,g
2458818.0792875,2019-11-30.5733728,bD,1.46,99.990,99.990,99.990,99.990,99.990,g
2458819.3791626,2019-12-01.8732251,bp,1.51,15.021,10.613,0.005,206.465,0.898,g
2458819.4062942,2019-12-01.9003562,bp,1.52,15.095,10.601,0.004,208.692,0.892,g
2458819.4075115,2019-12-01.9015735,bp,1.51,15.128,10.628,0.004,203.625,0.823,g
2458819.4087410,2019-12-01.9028030,bp,1.51,15.129,10.633,0.005,202.626,0.929,g
2458819.6031674,2019-12-02.0972262,bl,1.49,15.004,10.643,0.005,200.822,0.952,g
2458819.6043828,2019-12-02.0984416,bl,1.51,14.999,10.640,0.006,201.535,1.040,g
2458819.6056030,2019-12-02.0996618,bl,1.51,15.016,10.659,0.005,197.905,0.983,g
2458820.6125283,2019-12-03.1065716,bl,1.49,15.019,10.610,0.005,207.046,0.977,g
2458820.6137566,2019-12-03.1077999,bl,1.54,14.962,10.501,0.005,228.773,1.000,g
2458820.6149855,2019-12-03.1090288,bl,1.5,15.021,10.622,0.005,204.767,0.984,g
2458820.8258378,2019-12-03.3198781,bt,1.55,15.113,10.602,0.004,208.586,0.869,g
2458820.8270804,2019-12-03.3211206,bt,1.54,15.111,10.597,0.004,209.511,0.791,g
2458820.8282999,2019-12-03.3223401,bt,1.56,15.085,10.550,0.004,218.867,0.845,g
2458821.9171327,2019-12-04.4111584,bt,1.44,14.603,10.646,0.008,200.123,1.340,g
2458821.9183605,2019-12-04.4123862,bt,1.54,14.530,10.625,0.007,204.282,1.375,g
2458821.9195731,2019-12-04.4135987,bt,1.50,14.506,10.634,0.007,202.586,1.368,g
2458822.6051949,2019-12-05.0992124,bH,1.50,15.041,10.646,0.005,200.334,0.909,g
2458822.6064634,2019-12-05.1004809,bH,1.50,15.045,10.626,0.005,204.022,0.939,g
2458822.6077484,2019-12-05.1017658,bH,1.52,15.038,10.625,0.005,204.047,0.913,g
2458822.9141937,2019-12-05.4082078,bt,1.73,99.990,99.990,99.990,99.990,99.990,g
2458822.9154108,2019-12-05.4094248,bt,1.62,99.990,99.990,99.990,99.990,99.990,g
2458823.3488573,2019-12-05.8428668,bp,1.54,15.108,10.628,0.005,203.535,0.892,g
2458823.3500667,2019-12-05.8440762,bp,1.51,15.115,10.636,0.005,202.220,0.866,g
2458823.3512938,2019-12-05.8453033,bp,1.51,15.100,10.613,0.004,206.497,0.856,g
2458823.6367508,2019-12-06.1307573,bl,1.49,15.056,10.631,0.005,203.049,0.936,g
2458823.6379671,2019-12-06.1319737,bl,1.47,15.048,10.621,0.005,204.864,0.927,g
2458823.6391984,2019-12-06.1332050,bl,1.49,15.055,10.637,0.005,201.979,0.895,g
2458824.5656130,2019-12-07.0596113,bl,2.25,14.912,10.642,0.008,200.975,1.414,g
2458824.5668316,2019-12-07.0608299,bl,1.73,14.973,10.665,0.006,196.762,1.152,g
2458824.5680476,2019-12-07.0620459,bl,1.62,14.958,10.636,0.006,202.082,1.093,g
2458824.8413094,2019-12-07.3353053,bt,1.53,15.129,10.628,0.004,203.540,0.872,g
2458824.8425252,2019-12-07.3365212,bt,1.51,15.128,10.637,0.004,201.986,0.838,g
2458824.8437458,2019-12-07.3377418,bt,1.55,15.107,10.617,0.004,205.728,0.841,g
2458825.4945774,2019-12-07.9885686,bp,1.53,15.118,10.643,0.005,200.933,0.848,g
2458825.4957983,2019-12-07.9897895,bp,1.51,15.113,10.630,0.004,203.360,0.883,g
2458825.4970048,2019-12-07.9909960,bp,1.51,15.115,10.631,0.004,202.926,0.884,g
2458825.5699821,2019-12-08.0639729,bl,1.49,14.985,10.645,0.006,200.490,1.020,g
2458825.5711974,2019-12-08.0651881,bl,1.51,14.971,10.643,0.006,200.913,1.049,g
2458825.5724269,2019-12-08.0664177,bl,1.52,14.975,10.647,0.006,199.988,1.040,g
2458825.9233744,2019-12-08.4173628,bD,1.54,15.302,10.687,0.004,192.806,0.710,g
2458826.6567521,2019-12-09.1507365,bH,1.48,15.050,10.625,0.006,204.091,1.072,g
2458826.6580256,2019-12-09.1520100,bH,1.51,15.065,10.661,0.006,197.534,1.146,g
2458826.6593026,2019-12-09.1532870,bH,1.41,15.058,10.617,0.006,205.635,1.148,g
2458826.8247315,2019-12-09.3187152,bD,1.53,15.227,10.645,0.004,200.317,0.819,g
2458826.8260217,2019-12-09.3200053,bD,1.58,15.216,10.647,0.004,200.074,0.841,g
2458826.8272977,2019-12-09.3212813,bD,1.60,15.232,10.661,0.004,197.508,0.790,g
2458827.7589267,2019-12-10.2529067,bl,1.51,15.048,10.666,0.006,196.717,1.006,g
2458827.8509951,2019-12-10.3449748,bD,1.51,15.221,10.660,0.004,197.719,0.821,g
2458827.8522752,2019-12-10.3462549,bD,1.46,15.236,10.669,0.004,196.227,0.798,g
2458827.8535489,2019-12-10.3475286,bD,1.48,15.219,10.656,0.004,198.486,0.814,g
2458831.7013461,2019-12-14.1953260,bH,1.44,15.069,10.639,0.006,201.509,1.065,g
2458831.7026199,2019-12-14.1965998,bH,1.47,15.063,10.635,0.006,202.392,1.128,g
2458831.7038928,2019-12-14.1978727,bH,1.43,15.091,10.673,0.006,195.312,1.035,g
2458833.7702855,2019-12-16.2642754,bt,1.53,15.109,10.622,0.004,204.809,0.841,g
2458833.9969236,2019-12-16.4909149,bD,1.50,15.265,10.642,0.004,200.998,0.761,g
2458833.9982107,2019-12-16.4922021,bD,1.57,15.265,10.651,0.004,199.292,0.762,g
2458833.9994843,2019-12-16.4934757,bD,1.53,15.263,10.657,0.004,198.235,0.741,g
2458834.8457608,2019-12-17.3397586,bH,1.49,14.972,10.590,0.007,210.857,1.318,g
2458835.6807880,2019-12-18.1747931,bH,1.39,15.095,10.632,0.006,202.762,1.072,g
2458835.6820634,2019-12-18.1760685,bH,1.42,15.081,10.606,0.006,207.868,1.176,g
2458835.6833367,2019-12-18.1773418,bH,1.42,15.106,10.649,0.007,199.767,1.179,g
2458835.9193727,2019-12-18.4133802,bt,1.45,15.063,10.623,0.005,204.461,0.918,g
2458835.9218076,2019-12-18.4158151,bt,1.45,15.055,10.613,0.005,206.488,0.891,g
2458837.5908013,2019-12-20.0848275,bl,1.53,14.930,10.601,0.008,208.700,1.618,g
2458837.5920215,2019-12-20.0860477,bl,1.5,14.701,10.661,0.008,197.669,1.549,g
2458837.5932400,2019-12-20.0872663,bl,1.56,14.853,10.624,0.006,204.400,1.204,g
2458837.8705931,2019-12-20.3646229,bt,1.63,15.068,10.621,0.005,204.899,0.835,g
2458837.8718104,2019-12-20.3658402,bt,1.64,15.072,10.627,0.005,203.737,0.894,g
2458837.8730279,2019-12-20.3670577,bt,1.70,15.073,10.630,0.005,203.349,0.907,g
2458838.8637884,2019-12-21.3578320,bt,1.52,15.078,10.592,0.004,210.537,0.834,g
2458838.8649977,2019-12-21.3590412,bt,1.50,15.088,10.607,0.004,207.732,0.872,g
2458838.8662199,2019-12-21.3602634,bt,1.51,15.086,10.606,0.005,207.651,0.897,g
2458839.7315790,2019-12-22.2256358,bt,1.50,15.122,10.617,0.004,205.680,0.847,g
2458839.7327979,2019-12-22.2268546,bt,1.49,15.104,10.584,0.004,212.040,0.860,g
2458839.7340184,2019-12-22.2280752,bt,1.48,15.124,10.623,0.004,204.616,0.874,g
2458840.3010787,2019-12-22.7951449,bp,1.50,15.110,10.627,0.004,203.944,0.860,g
2458840.3022947,2019-12-22.7963609,bp,1.50,15.107,10.621,0.004,204.825,0.896,g
2458840.3035093,2019-12-22.7975755,bp,1.47,15.108,10.617,0.004,205.713,0.835,g
2458842.7188466,2019-12-25.2129582,bH,1.40,15.069,10.563,0.005,216.148,1.008,g
2458842.7201184,2019-12-25.2142301,bH,1.38,15.099,10.618,0.005,205.567,0.945,g
2458842.7213957,2019-12-25.2155073,bH,1.40,15.086,10.602,0.005,208.624,0.949,g
2458843.7630565,2019-12-26.2571907,bt,1.78,15.081,10.627,0.005,203.955,0.900,g
2458843.7642844,2019-12-26.2584186,bt,1.74,15.081,10.627,0.005,203.876,0.943,g
2458843.7655017,2019-12-26.2596359,bt,1.64,15.105,10.631,0.005,202.933,0.871,g
2458844.5131343,2019-12-27.0072857,bp,1.48,15.120,10.621,0.004,204.953,0.877,g
2458844.5143409,2019-12-27.0084923,bp,1.54,15.124,10.634,0.004,202.521,0.865,g
2458845.5364500,2019-12-28.0306264,bp,1.76,15.081,10.630,0.005,203.251,0.925,g
2458845.5376766,2019-12-28.0318530,bp,2.01,15.059,10.622,0.005,204.840,0.929,g
2458845.5388926,2019-12-28.0330690,bp,1.74,15.078,10.630,0.005,203.214,0.898,g
2458845.9670776,2019-12-28.4612648,bD,1.52,15.290,10.653,0.004,199.027,0.724,g
2458845.9683508,2019-12-28.4625381,bD,1.52,15.287,10.650,0.004,199.502,0.709,g
2458845.9696241,2019-12-28.4638114,bD,1.54,15.285,10.645,0.004,200.512,0.730,g
2458846.5952689,2019-12-29.0894727,bl,1.54,14.501,10.648,0.008,199.949,1.513,g
2458846.5964835,2019-12-29.0906873,bl,1.55,14.502,10.636,0.010,202.026,1.813,g
2458846.5977035,2019-12-29.0919074,bl,1.59,14.487,10.643,0.008,200.747,1.519,g
2458846.9179890,2019-12-29.4122015,bD,1.51,15.272,10.653,0.004,199.062,0.734,g
2458846.9192592,2019-12-29.4134718,bD,1.53,15.269,10.645,0.004,200.482,0.753,g
2458846.9205237,2019-12-29.4147363,bD,1.52,15.270,10.651,0.004,199.387,0.719,g
2458847.6877531,2019-12-30.1819871,bl,1.53,15.064,10.628,0.006,203.588,1.066,g
2458847.6889745,2019-12-30.1832085,bl,1.52,15.061,10.620,0.006,205.168,1.041,g
2458847.6901908,2019-12-30.1844249,bl,1.55,15.067,10.635,0.005,202.324,0.973,g
2458848.8528709,2019-12-31.3471392,bt,1.64,15.084,10.621,0.005,204.837,0.874,g
2458848.8540871,2019-12-31.3483554,bt,1.58,15.082,10.625,0.005,204.269,0.902,g
2458848.8552996,2019-12-31.3495679,bt,1.60,15.067,10.596,0.005,209.827,0.875,g
2458849.8261816,2020-01-01.3204801,bt,1.46,15.093,10.608,0.004,207.397,0.863,g
2458849.8274117,2020-01-01.3217102,bt,1.45,15.097,10.621,0.005,204.900,0.860,g
2458849.8286288,2020-01-01.3229274,bt,1.51,15.102,10.628,0.005,203.471,0.924,g
2458850.5633283,2020-01-02.0576506,bl,1.71,15.029,10.637,0.006,201.851,1.082,g
2458850.5645403,2020-01-02.0588627,bl,1.7,15.021,10.620,0.006,205.207,1.145,g
2458850.5657608,2020-01-02.0600832,bl,1.69,15.021,10.626,0.006,203.964,1.097,g
2458850.7997772,2020-01-02.2941073,bt,1.68,13.474,10.607,0.018,207.707,3.325,g
2458850.8010066,2020-01-02.2953367,bt,1.59,13.676,10.628,0.015,203.651,2.845,g
2458850.8022249,2020-01-02.2965551,bt,1.63,13.664,10.682,0.025,193.736,4.464,g
2458851.3218329,2020-01-02.8161805,bp,1.53,15.108,10.619,0.004,205.293,0.874,g
2458851.3230502,2020-01-02.8173979,bp,1.51,15.111,10.632,0.005,202.831,0.803,g
2458851.3242605,2020-01-02.8186082,bp,1.52,15.110,10.622,0.004,204.766,0.830,g
2458852.8464030,2020-01-04.3408043,bt,1.52,15.087,10.624,0.005,204.477,0.906,g
2458852.8476207,2020-01-04.3420220,bt,1.52,15.084,10.625,0.005,204.219,0.865,g
2458852.8488343,2020-01-04.3432357,bt,1.53,15.094,10.639,0.005,201.453,0.872,g
2458853.7182196,2020-01-05.2126530,bt,1.58,15.106,10.620,0.004,205.153,0.869,g
2458853.7194427,2020-01-05.2138761,bt,1.64,15.108,10.618,0.004,205.506,0.864,g
2458853.7206556,2020-01-05.2150891,bt,1.61,15.104,10.628,0.005,203.670,0.858,g
2458854.5674129,2020-01-06.0618787,bl,1.81,14.900,10.637,0.006,201.873,1.188,g
2458854.5686219,2020-01-06.0630878,bl,1.7,14.902,10.646,0.007,200.160,1.236,g
2458854.5698579,2020-01-06.0643238,bl,1.73,14.913,10.648,0.006,199.744,1.149,g
2458854.7437211,2020-01-06.2381938,bD,1.59,15.210,10.653,0.004,198.915,0.807,g
2458854.7450064,2020-01-06.2394792,bD,1.67,15.205,10.651,0.004,199.299,0.788,g
2458854.7462766,2020-01-06.2407495,bD,1.64,15.220,10.649,0.004,199.654,0.783,g
2458857.3497188,2020-01-08.8442982,bp,1.63,15.063,10.651,0.005,199.222,0.928,g
2458857.6341755,2020-01-09.1287670,bH,1.41,14.883,10.645,0.007,200.349,1.346,g
2458857.6354436,2020-01-09.1300353,bH,1.38,14.802,10.638,0.009,201.862,1.602,g
2458857.6367190,2020-01-09.1313107,bH,1.36,14.921,10.619,0.008,205.293,1.605,g
2458859.5670063,2020-01-11.0616840,bl,1.67,14.956,10.650,0.006,199.475,1.179,g
2458859.5682255,2020-01-11.0629033,bl,1.71,14.970,10.651,0.006,199.286,1.079,g
2458859.5694443,2020-01-11.0641221,bl,1.64,15.000,10.663,0.006,197.165,1.115,g
2458862.5019055,2020-01-13.9967239,bp,1.60,14.998,10.642,0.006,200.976,1.033,g
2458862.5031192,2020-01-13.9979377,bp,1.63,14.975,10.642,0.006,201.025,1.095,g
2458862.5043399,2020-01-13.9991585,bp,1.59,14.959,10.634,0.006,202.558,1.115,g
2458863.4326088,2020-01-14.9274742,bp,1.53,15.103,10.653,0.005,198.920,0.952,g
2458863.5019712,2020-01-14.9968403,bp,1.53,15.017,10.634,0.006,202.555,1.061,g
2458863.5031985,2020-01-14.9980676,bp,1.59,15.022,10.639,0.006,201.584,1.028,g
2458863.5044203,2020-01-14.9992895,bp,1.61,15.026,10.664,0.006,196.995,1.021,g
2458864.4972060,2020-01-15.9921267,bp,1.58,15.018,10.639,0.006,201.670,1.031,g
2458864.4984568,2020-01-15.9933776,bp,1.53,15.006,10.631,0.005,203.120,0.997,g
2458864.4996646,2020-01-15.9945854,bp,1.60,15.023,10.672,0.006,195.411,1.012,g
2458864.5554448,2020-01-16.0503685,bH,1.54,15.032,10.627,0.011,203.830,2.113,g
2458864.5567128,2020-01-16.0516366,bH,1.50,15.049,10.664,0.012,197.053,2.077,g
2458864.5579864,2020-01-16.0529103,bH,1.47,15.051,10.655,0.011,198.555,1.947,g
2458864.7445998,2020-01-16.2395335,bl,1.69,14.943,10.638,0.007,201.892,1.228,g
2458864.7458227,2020-01-16.2407566,bl,1.67,14.942,10.644,0.007,200.615,1.261,g
2458864.7470456,2020-01-16.2419796,bl,1.64,14.943,10.649,0.007,199.855,1.247,g
2458864.9235247,2020-01-16.4184679,bD,1.59,15.142,10.654,0.004,198.912,0.835,g
2458864.9247993,2020-01-16.4197426,bD,1.52,15.141,10.646,0.004,200.308,0.860,g
2458864.9260867,2020-01-16.4210301,bD,1.57,15.044,10.653,0.006,199.078,1.022,g
2458865.4793846,2020-01-16.9743576,bp,1.60,15.069,10.640,0.006,201.450,0.989,g
2458865.4806016,2020-01-16.9755747,bp,1.54,15.071,10.647,0.005,200.090,0.972,g
2458866.9212643,2020-01-18.4163163,bD,1.58,15.274,10.661,0.004,197.534,0.708,g
2458866.9225466,2020-01-18.4175987,bD,1.58,15.277,10.668,0.004,196.247,0.740,g
2458866.9238297,2020-01-18.4188818,bD,1.53,15.276,10.664,0.004,197.075,0.716,g
2458867.9034626,2020-01-19.3985700,bD,1.50,15.295,10.712,0.004,188.471,0.706,g
2458867.9047268,2020-01-19.3998343,bD,1.50,15.293,10.710,0.004,188.734,0.683,g
2458867.9059953,2020-01-19.4011028,bD,1.48,15.297,10.719,0.004,187.234,0.717,g
2458868.9000398,2020-01-20.3952047,bD,1.56,15.262,10.657,0.004,198.121,0.776,g
2458868.9013242,2020-01-20.3964891,bD,1.57,15.265,10.664,0.004,196.887,0.742,g
2458868.9025847,2020-01-20.3977496,bD,1.53,15.265,10.663,0.004,197.217,0.745,g
2458869.8928486,2020-01-21.3880719,bD,1.53,15.278,10.651,0.004,199.237,0.736,g
2458869.8941278,2020-01-21.3893511,bD,1.57,15.280,10.659,0.004,197.905,0.727,g
2458869.8954054,2020-01-21.3906289,bD,1.57,15.284,10.666,0.004,196.637,0.727,g
2458870.9031350,2020-01-22.3984191,bD,1.51,15.265,10.643,0.004,200.747,0.731,g
2458870.9044112,2020-01-22.3996954,bD,1.49,15.266,10.646,0.004,200.264,0.721,g
2458870.9056889,2020-01-22.4009731,bD,1.52,15.266,10.647,0.004,200.092,0.728,g
2458871.5675450,2020-01-23.0628696,bl,2.14,14.951,10.653,0.006,199.136,1.198,g
2458871.5687637,2020-01-23.0640884,bl,2.13,14.954,10.656,0.006,198.302,1.185,g
2458871.5699923,2020-01-23.0653171,bl,2.09,14.950,10.643,0.007,200.836,1.226,g
2458871.8933575,2020-01-23.3887022,bD,1.50,15.284,10.657,0.004,198.304,0.743,g
2458871.8946312,2020-01-23.3899761,bD,1.48,15.279,10.654,0.004,198.721,0.720,g
2458871.8959076,2020-01-23.3912526,bD,1.50,15.283,10.660,0.004,197.716,0.724,g
2458872.8899157,2020-01-24.3853228,bD,1.49,15.291,10.663,0.004,197.146,0.703,g
2458872.8911889,2020-01-24.3865960,bD,1.47,15.293,10.666,0.004,196.690,0.716,g
2458872.8924740,2020-01-24.3878812,bD,1.50,15.295,10.672,0.004,195.504,0.705,g
2458873.4328606,2020-01-24.9283021,bp,1.54,15.015,10.656,0.005,198.469,0.977,g
2458873.4340809,2020-01-24.9295225,bp,1.51,15.008,10.645,0.005,200.565,0.988,g
2458873.4352969,2020-01-24.9307386,bp,1.53,14.999,10.632,0.005,202.907,1.006,g
2458873.8865326,2020-01-25.3820031,bD,1.44,15.300,10.682,0.004,193.716,0.725,g
2458873.8878125,2020-01-25.3832831,bD,1.48,15.287,10.655,0.004,198.595,0.715,g
2458873.8890986,2020-01-25.3845693,bD,1.49,15.288,10.658,0.004,198.008,0.722,g
2458874.4166001,2020-01-25.9121049,bp,1.54,15.086,10.646,0.005,200.220,0.946,g
2458874.4178242,2020-01-25.9133291,bp,1.54,15.074,10.625,0.005,204.185,0.918,g
2458874.4191211,2020-01-25.9146261,bp,1.54,15.082,10.643,0.005,200.881,0.957,g
2458874.8827348,2020-01-26.3782699,bD,1.52,15.283,10.660,0.004,197.687,0.714,g
2458874.8840134,2020-01-26.3795486,bD,1.48,15.278,10.657,0.004,198.248,0.744,g
2458874.8852887,2020-01-26.3808240,bD,1.47,15.280,10.660,0.004,197.763,0.714,g
2458875.4041270,2020-01-26.8996964,bp,1.50,15.108,10.655,0.005,198.700,0.918,g
2458875.4053483,2020-01-26.9009178,bp,1.49,15.106,10.652,0.005,199.208,0.922,g
2458875.4065522,2020-01-26.9021217,bp,1.48,15.111,10.659,0.005,197.991,0.882,g
2458875.8792379,2020-01-27.3748387,bD,1.49,15.280,10.666,0.004,196.646,0.695,g
2458875.8805195,2020-01-27.3761205,bD,1.49,15.280,10.663,0.004,197.106,0.714,g
2458875.8818004,2020-01-27.3774014,bD,1.46,15.277,10.659,0.004,197.997,0.724,g
2458876.4120960,2020-01-27.9077325,bp,1.55,15.122,10.682,0.005,193.681,0.896,g
2458876.4133163,2020-01-27.9089529,bp,1.52,15.116,10.667,0.005,196.496,0.894,g
2458876.8717858,2020-01-28.3674532,bD,1.51,15.292,10.690,0.004,192.455,0.716,g
2458876.8730541,2020-01-28.3687216,bD,1.53,15.286,10.686,0.004,192.949,0.714,g
2458876.8743408,2020-01-28.3700084,bD,1.50,15.286,10.690,0.004,192.366,0.734,g
2458877.3961967,2020-01-28.8918998,bp,1.53,15.146,10.688,0.005,192.788,0.838,g
2458877.3974148,2020-01-28.8931180,bp,1.52,15.146,10.686,0.005,192.913,0.849,g
2458877.3986317,2020-01-28.8943349,bp,1.44,15.151,10.694,0.005,191.716,0.851,g
2458877.8763389,2020-01-29.3720747,bD,1.53,15.315,10.744,0.004,182.955,0.693,g
2458877.8776165,2020-01-29.3733525,bD,1.50,15.317,10.748,0.004,182.387,0.692,g
2458877.8788917,2020-01-29.3746278,bD,1.49,15.317,10.750,0.004,181.985,0.697,g
2458878.4250110,2020-01-29.9207848,bp,1.56,15.133,10.740,0.006,183.584,0.945,g
2458878.8727122,2020-01-30.3685171,bD,1.48,15.178,10.716,0.005,187.774,0.787,g
2458878.8739867,2020-01-30.3697917,bD,1.49,15.207,10.716,0.004,187.784,0.724,g
2458879.4169750,2020-01-30.9128179,bp,1.54,15.088,10.658,0.005,198.117,0.935,g
2458879.4181978,2020-01-30.9140408,bp,1.51,15.079,10.645,0.005,200.341,0.897,g
2458879.4194112,2020-01-30.9152543,bp,1.47,15.083,10.649,0.005,199.689,0.938,g
2458879.6536698,2020-01-31.1495294,bl,1.53,14.962,10.631,0.006,202.961,1.102,g
2458879.6548901,2020-01-31.1507498,bl,1.5,14.971,10.648,0.006,199.942,1.073,g
2458879.6561223,2020-01-31.1519821,bl,1.5,14.966,10.644,0.006,200.513,1.083,g
2458879.8184614,2020-01-31.3143326,bD,1.48,15.033,10.673,0.005,195.470,0.870,g
2458879.8197436,2020-01-31.3156149,bD,1.47,15.026,10.674,0.005,195.079,0.885,g
2458879.8210202,2020-01-31.3168916,bD,1.47,15.021,10.672,0.005,195.554,0.908,g
2458880.4065354,2020-01-31.9024484,bp,1.55,14.742,10.652,0.009,199.022,1.628,g
2458880.4077510,2020-01-31.9036641,bp,1.50,14.850,10.640,0.005,201.462,1.002,g
2458880.4089664,2020-01-31.9048796,bp,1.55,14.825,10.640,0.008,201.380,1.388,g
2458880.6979555,2020-02-01.1938893,bl,1.54,14.910,10.658,0.006,198.110,1.188,g
2458880.6991759,2020-02-01.1951099,bl,1.56,14.908,10.659,0.006,197.771,1.200,g
2458880.7004290,2020-02-01.1963631,bl,1.53,14.908,10.656,0.006,198.354,1.122,g
2458880.8764155,2020-02-01.3723621,bD,1.51,14.814,10.688,0.009,192.666,1.536,g
2458880.8776905,2020-02-01.3736372,bD,1.48,14.777,10.658,0.006,198.101,1.135,g
2458880.8789571,2020-02-01.3749039,bD,1.55,15.265,10.681,0.004,193.860,0.745,g
2458881.7811819,2020-02-02.2771939,bt,1.56,14.660,10.602,0.008,208.518,1.575,g
2458881.7824152,2020-02-02.2784273,bt,1.54,14.487,10.718,0.012,187.466,2.029,g
2458881.7836383,2020-02-02.2796505,bt,1.46,14.745,10.669,0.007,196.037,1.277,g
2458882.7787251,2020-02-03.2748100,bt,1.54,15.073,10.657,0.005,198.284,0.908,g
2458882.7799398,2020-02-03.2760248,bt,1.48,15.061,10.656,0.005,198.463,0.922,g
2458882.7811618,2020-02-03.2772469,bt,1.49,15.078,10.668,0.005,196.337,0.904,g
2458883.5463840,2020-02-04.0425256,bl,1.67,15.021,10.654,0.006,198.663,1.078,g
2458883.5476089,2020-02-04.0437507,bl,1.73,15.017,10.654,0.006,198.711,1.101,g
2458883.5488259,2020-02-04.0449678,bl,1.68,15.022,10.656,0.006,198.543,1.071,g
2458883.7149180,2020-02-04.2110722,bD,1.53,15.287,10.779,0.004,177.179,0.726,g
2458883.7161938,2020-02-04.2123481,bD,1.59,15.277,10.727,0.005,185.870,0.806,g
2458883.7174689,2020-02-04.2136233,bD,1.54,15.287,10.744,0.004,182.926,0.749,g
2458885.5860246,2020-02-06.0823197,bl,1.54,15.002,10.673,0.006,195.219,1.079,g
2458885.5872543,2020-02-06.0835496,bl,1.48,14.991,10.691,0.006,192.029,1.013,g
2458885.5884808,2020-02-06.0847761,bl,1.55,15.012,10.690,0.006,192.301,1.078,g
2458886.5815981,2020-02-07.0779694,bl,1.55,15.002,10.697,0.006,191.116,1.018,g
2458886.5828255,2020-02-07.0791969,bl,1.57,15.003,10.681,0.006,193.935,1.026,g
2458886.5840450,2020-02-07.0804166,bl,1.53,14.996,10.677,0.006,194.553,1.043,g
2458888.3954038,2020-02-08.8919162,bp,1.52,14.983,10.688,0.006,192.701,1.154,g
2458888.3966232,2020-02-08.8931358,bp,1.48,15.010,10.702,0.006,190.246,1.085,g
2458888.3978379,2020-02-08.8943506,bp,1.59,15.033,10.688,0.006,192.676,1.015,g
2458888.8309864,2020-02-09.3275331,bD,1.59,15.235,10.710,0.004,188.812,0.790,g
2458888.8322599,2020-02-09.3288067,bD,1.57,15.241,10.713,0.004,188.242,0.763,g
2458888.8335371,2020-02-09.3300840,bD,1.51,15.229,10.713,0.004,188.283,0.773,g
2458889.4117170,2020-02-09.9083097,bp,1.53,15.018,10.726,0.006,186.059,1.049,g
2458889.4129510,2020-02-09.9095439,bp,1.52,15.020,10.728,0.006,185.792,1.060,g
2458889.4141671,2020-02-09.9107600,bp,1.53,15.034,10.738,0.006,183.963,1.019,g
2458890.4023553,2020-02-10.8990270,bp,1.60,15.045,10.692,0.006,191.961,1.031,g
2458890.4035737,2020-02-10.9002455,bp,1.55,15.049,10.701,0.006,190.384,0.980,g
2458890.4047944,2020-02-10.9014663,bp,1.61,15.064,10.700,0.006,190.557,0.960,g
2458891.4046624,2020-02-11.9014148,bp,1.52,15.074,10.690,0.005,192.382,0.928,g
2458891.4058796,2020-02-11.9026320,bp,1.56,15.048,10.674,0.005,195.253,0.960,g
2458891.4070960,2020-02-11.9038486,bp,1.53,15.039,10.665,0.006,196.732,0.997,g
2458891.6739847,2020-02-12.1707589,bH,1.46,14.838,10.679,0.014,194.335,2.454,g
2458891.6752747,2020-02-12.1720490,bH,1.51,14.846,10.662,0.013,197.383,2.382,g
2458891.6765488,2020-02-12.1733232,bH,1.47,14.765,10.655,0.013,198.614,2.399,g
2458892.4442538,2020-02-12.9410907,bp,1.50,14.917,10.663,0.006,197.229,1.132,g
2458892.4454651,2020-02-12.9423021,bp,1.51,14.901,10.670,0.006,195.883,1.132,g
2458892.6728673,2020-02-13.1697228,bl,1.55,14.485,10.612,0.013,206.687,2.436,g
2458892.6740958,2020-02-13.1709514,bl,1.58,14.836,10.712,0.009,188.454,1.504,g
2458893.3955408,2020-02-13.8924557,bp,1.46,15.074,10.645,0.005,200.398,0.934,g
2458893.3967602,2020-02-13.8936751,bp,1.49,15.090,10.660,0.005,197.697,0.954,g
2458893.3979727,2020-02-13.8948878,bp,1.49,15.079,10.658,0.005,198.178,0.890,g
2458893.6512498,2020-02-14.1481857,bl,1.49,14.981,10.649,0.006,199.709,1.039,g
2458893.6524656,2020-02-14.1494016,bl,1.5,14.981,10.642,0.006,200.983,1.109,g
2458893.6536827,2020-02-14.1506188,bl,1.49,14.978,10.646,0.006,200.257,1.108,g
2458894.3911732,2020-02-14.8881703,bp,1.54,15.093,10.651,0.005,199.274,0.900,g
2458894.3923923,2020-02-14.8893895,bp,1.52,15.086,10.649,0.005,199.718,0.892,g
2458894.3936023,2020-02-14.8905996,bp,1.50,15.083,10.645,0.005,200.424,0.892,g
2458896.4097847,2020-02-16.9069507,bp,1.65,14.732,10.665,0.008,196.653,1.480,g
2458896.4111821,2020-02-16.9083482,bp,1.68,14.950,10.639,0.007,201.635,1.339,g
2458897.3889639,2020-02-17.8862128,bp,1.56,15.075,10.639,0.005,201.559,0.916,g
2458897.3901752,2020-02-17.8874241,bp,1.57,15.080,10.657,0.005,198.264,0.918,g
2458897.3913889,2020-02-17.8886379,bp,1.65,15.078,10.658,0.005,198.047,0.936,g
2458901.2864234,2020-02-21.7840073,bp,1.54,15.123,10.627,0.004,203.806,0.863,g
2458901.2876893,2020-02-21.7852734,bp,1.56,15.128,10.633,0.004,202.666,0.867,g
2458901.2889052,2020-02-21.7864893,bp,1.56,15.130,10.637,0.004,201.966,0.868,g
2458903.5278579,2020-02-24.0256380,bH,1.69,15.068,10.612,0.005,206.648,0.945,g
2458903.5291268,2020-02-24.0269070,bH,1.69,15.086,10.649,0.006,199.719,1.053,g
2458903.5304066,2020-02-24.0281869,bH,1.66,15.083,10.648,0.006,199.813,1.049,g
2458904.7151314,2020-02-25.2130164,bt,1.55,15.062,10.637,0.005,201.814,0.856,g
2458904.7163473,2020-02-25.2142324,bt,1.58,15.067,10.644,0.005,200.757,0.854,g
2458904.7175584,2020-02-25.2154437,bt,1.59,15.076,10.668,0.005,196.240,0.886,g
2458909.2583882,2020-02-29.7566789,bp,1.72,15.119,10.682,0.006,193.604,0.970,g
2458909.2595962,2020-02-29.7578870,bp,1.73,15.121,10.678,0.006,194.392,0.963,g
2458909.2608107,2020-02-29.7591016,bp,1.66,15.134,10.698,0.006,190.840,0.943,g
2458910.5138429,2020-03-02.0122468,bH,2.37,15.043,10.655,0.006,198.561,1.008,g
2458910.5151138,2020-03-02.0135178,bH,2.36,15.040,10.643,0.006,200.935,1.159,g
2458910.5163886,2020-03-02.0147927,bH,2.31,15.039,10.640,0.006,201.461,1.010,g
2458914.3447478,2020-03-05.8434990,bp,2.20,14.807,10.679,0.008,194.217,1.434,g
2458914.3459701,2020-03-05.8447215,bp,2.13,14.866,10.682,0.008,193.789,1.343,g
2458914.3471872,2020-03-05.8459386,bp,2.15,14.824,10.681,0.008,193.965,1.354,g
2458915.5624127,2020-03-07.0612747,bH,1.48,14.853,10.578,0.012,213.297,2.316,g
2458915.5636811,2020-03-07.0625432,bH,1.55,14.998,10.659,0.011,197.911,1.971,g
2458915.5649519,2020-03-07.0638142,bH,1.45,14.928,10.638,0.011,201.753,2.000,g
2458918.7337745,2020-03-10.2329256,bD,1.55,15.267,10.662,0.004,197.303,0.749,g
2458918.7350626,2020-03-10.2342139,bD,1.55,15.271,10.682,0.004,193.897,0.752,g
2458918.7363479,2020-03-10.2354993,bD,1.56,15.269,10.658,0.004,197.946,0.757,g
2458919.6666518,2020-03-11.1658880,bt,1.57,14.918,10.619,0.006,205.327,1.067,g
2458919.6678697,2020-03-11.1671061,bt,1.54,14.846,10.662,0.006,197.352,1.021,g
2458919.6690902,2020-03-11.1683267,bt,1.45,14.537,10.690,0.011,192.207,1.926,g
2458920.5985898,2020-03-12.0979111,bH,1.47,14.955,10.631,0.007,202.923,1.387,g
2458920.5998658,2020-03-12.0991872,bH,1.47,15.012,10.682,0.007,193.680,1.323,g
2458920.6011398,2020-03-12.1004613,bH,1.46,14.952,10.629,0.007,203.509,1.247,g
2458921.5421435,2020-03-13.0415508,bH,1.39,15.069,10.601,0.011,208.694,2.091,g
2458921.5434411,2020-03-13.0428485,bH,1.38,15.090,10.637,0.011,201.877,2.076,g
2458921.5447092,2020-03-13.0441167,bH,1.39,15.072,10.606,0.011,207.804,2.024,g
2458923.6312085,2020-03-15.1308060,bt,1.50,15.071,10.633,0.005,202.706,0.910,g
2458923.6324310,2020-03-15.1320286,bt,1.52,15.050,10.636,0.005,202.148,0.906,g
2458923.6336720,2020-03-15.1332697,bt,1.49,15.059,10.673,0.005,195.334,0.957,g
2458924.5862479,2020-03-16.0859322,bH,1.45,15.047,10.662,0.007,197.452,1.208,g
2458924.5875392,2020-03-16.0872237,bH,1.49,15.032,10.633,0.007,202.797,1.329,g
2458925.5591018,2020-03-17.0588744,bl,1.51,15.004,10.652,0.006,199.089,1.015,g
2458925.5603249,2020-03-17.0600976,bl,1.47,15.010,10.662,0.005,197.297,0.957,g
2458925.5615383,2020-03-17.0613110,bl,1.47,15.005,10.651,0.005,199.372,0.983,g
2458930.7236690,2020-03-22.2239067,bD,1.87,15.239,10.667,0.004,196.589,0.840,g
2458930.7249635,2020-03-22.2252014,bD,1.83,15.245,10.665,0.004,196.805,0.800,g
2458930.7262626,2020-03-22.2265006,bD,1.81,15.261,10.673,0.004,195.290,0.741,g
2458932.6359803,2020-03-24.1363885,bt,1.63,14.944,10.638,0.005,201.775,1.015,g
2458932.6371976,2020-03-24.1376058,bt,1.55,14.911,10.647,0.005,200.173,1.044,g
2458932.6384134,2020-03-24.1388218,bt,1.49,14.989,10.624,0.005,204.388,0.960,g
2459046.6777669,2020-07-16.1813837,bp,1.61,15.002,10.639,0.005,201.578,0.948,g
2459046.6789942,2020-07-16.1826109,bp,1.63,15.001,10.644,0.005,200.551,0.883,g
2459046.6802254,2020-07-16.1838421,bp,1.70,14.985,10.602,0.005,208.481,0.989,g
2459050.6745631,2020-07-20.1779708,bp,1.73,15.016,10.646,0.005,200.221,0.890,g
2459050.6758248,2020-07-20.1792325,bp,1.69,15.012,10.631,0.005,203.069,0.917,g
2459050.6770560,2020-07-20.1804635,bp,1.74,15.009,10.629,0.005,203.510,0.840,g
2459054.6590994,2020-07-24.1622796,bp,1.65,14.984,10.641,0.005,201.096,0.915,g
2459054.6604082,2020-07-24.1635883,bp,1.63,14.972,10.609,0.005,207.263,0.937,g
2459054.6617728,2020-07-24.1649528,bp,1.60,14.984,10.623,0.005,204.473,0.937,g
2459059.6611779,2020-07-29.1640471,bp,1.59,15.024,10.613,0.005,206.395,0.934,g
2459059.6623847,2020-07-29.1652538,bp,1.59,15.023,10.600,0.005,208.799,0.954,g
2459059.6635984,2020-07-29.1664675,bp,1.57,15.032,10.609,0.005,207.224,0.967,g
2459071.1150306,2020-08-09.6170936,bD,1.47,15.175,10.629,0.004,203.601,0.874,g
2459071.1162736,2020-08-09.6183365,bD,1.52,15.182,10.635,0.005,202.436,0.926,g
2459071.1175118,2020-08-09.6195746,bD,1.48,15.180,10.633,0.005,202.733,0.883,g
2459073.1165760,2020-08-11.6184863,bD,1.60,15.196,10.628,0.004,203.555,0.838,g
2459073.1178224,2020-08-11.6197325,bD,1.62,15.197,10.615,0.004,206.130,0.798,g
2459073.1190642,2020-08-11.6209743,bD,1.64,15.205,10.628,0.004,203.603,0.854,g
2459074.9754740,2020-08-13.4772395,bt,1.56,14.857,10.638,0.006,201.600,1.135,g
2459074.9767047,2020-08-13.4784702,bt,1.32,14.810,10.604,0.008,208.140,1.376,g
2459078.1218611,2020-08-16.6233759,bD,1.50,15.243,10.632,0.004,203.004,0.800,g
2459078.1231053,2020-08-16.6246200,bD,1.54,15.251,10.645,0.004,200.541,0.791,g
2459078.1243439,2020-08-16.6258584,bD,1.55,15.241,10.629,0.004,203.518,0.813,g
2459079.9753312,2020-08-18.4766950,bt,1.49,14.855,10.622,0.006,204.733,1.191,g
2459079.9765558,2020-08-18.4779196,bt,1.49,14.829,10.616,0.006,205.936,1.250,g
2459079.9777707,2020-08-18.4791344,bt,1.52,14.807,10.630,0.008,203.278,1.361,g
2459083.6211351,2020-08-22.1221960,bp,1.53,15.060,10.616,0.005,205.922,0.868,g
2459083.6223548,2020-08-22.1234156,bp,1.50,15.039,10.574,0.005,213.959,0.898,g
2459083.6235666,2020-08-22.1246272,bp,1.50,15.052,10.592,0.005,210.353,0.907,g
2459085.1371547,2020-08-23.6380874,bD,1.50,15.234,10.705,0.004,189.819,0.821,g
2459085.1383975,2020-08-23.6393301,bD,1.55,15.207,10.721,0.004,186.894,0.816,g
2459086.5958408,2020-08-25.0966490,bp,1.55,15.041,10.614,0.005,206.268,0.927,g
2459086.5970623,2020-08-25.0978704,bp,1.57,15.047,10.617,0.005,205.589,0.896,g
2459086.5982841,2020-08-25.0990921,bp,1.55,15.048,10.614,0.005,206.162,0.883,g
2459089.0836841,2020-08-27.5842780,bD,1.51,15.220,10.629,0.004,203.456,0.814,g
2459089.0849310,2020-08-27.5855248,bD,1.50,15.224,10.632,0.004,202.738,0.798,g
2459089.0861705,2020-08-27.5867642,bD,1.52,15.241,10.670,0.004,195.814,0.769,g
2459091.0828201,2020-08-29.5832399,bD,1.46,15.235,10.648,0.004,199.954,0.790,g
2459091.0840738,2020-08-29.5844935,bD,1.51,15.230,10.636,0.004,201.984,0.810,g
2459091.0853122,2020-08-29.5857317,bD,1.53,15.219,10.614,0.004,206.305,0.813,g
2459094.0535939,2020-09-01.5537525,bD,1.51,15.150,10.673,0.005,195.395,0.844,g
2459094.0548289,2020-09-01.5549874,bD,1.56,15.142,10.655,0.005,198.551,0.904,g
2459094.0560706,2020-09-01.5562289,bD,1.53,15.125,10.644,0.005,200.672,0.912,g
2459095.0692494,2020-09-02.5693180,bD,1.52,15.193,10.662,0.004,197.375,0.826,g
2459095.0704900,2020-09-02.5705585,bD,1.57,15.197,10.658,0.004,197.972,0.860,g
2459095.0717330,2020-09-02.5718014,bD,1.55,15.191,10.654,0.004,198.794,0.862,g
2459097.0517689,2020-09-04.5516613,bD,1.55,15.165,10.652,0.004,199.306,0.841,g
2459097.0530192,2020-09-04.5529115,bD,1.54,15.147,10.647,0.004,200.251,0.881,g
2459097.0542632,2020-09-04.5541554,bD,1.44,15.158,10.647,0.005,200.026,0.884,g
2459099.0821404,2020-09-06.5818514,bD,1.63,15.204,10.667,0.004,196.533,0.804,g
2459099.0833786,2020-09-06.5830894,bD,1.66,15.223,10.666,0.004,196.670,0.779,g
2459099.0846211,2020-09-06.5843319,bD,1.70,15.229,10.668,0.004,196.277,0.781,g
2459103.0398390,2020-09-10.5391948,bD,1.51,15.204,10.651,0.005,199.436,0.877,g
2459103.0410901,2020-09-10.5404457,bD,1.48,15.203,10.640,0.004,201.318,0.827,g
2459103.0423430,2020-09-10.5416986,bD,1.48,15.206,10.639,0.004,201.689,0.836,g
2459106.0628487,2020-09-13.5619324,bD,1.46,15.247,10.628,0.004,203.625,0.806,g
2459106.0640860,2020-09-13.5631695,bD,1.52,15.260,10.650,0.004,199.485,0.765,g
2459106.0653281,2020-09-13.5644115,bD,1.51,15.260,10.650,0.004,199.702,0.805,g
2459108.0428333,2020-09-15.5417388,bD,1.55,15.238,10.637,0.004,201.894,0.812,g
2459108.0440858,2020-09-15.5429912,bD,1.57,15.234,10.629,0.004,203.462,0.782,g
2459108.0453358,2020-09-15.5442411,bD,1.54,15.233,10.623,0.004,204.582,0.783,g
2459112.0093051,2020-09-19.5078548,bD,1.64,99.990,99.990,99.990,99.990,99.990,g
2459112.0105436,2020-09-19.5090932,bD,1.60,13.839,11.314,0.038,108.223,3.762,g
2459112.0117812,2020-09-19.5103306,bD,1.61,14.170,10.906,0.036,157.676,5.233,g
2459112.5239976,2020-09-20.0225013,bp,1.58,99.990,99.990,99.990,99.990,99.990,g
2459112.5254256,2020-09-20.0239292,bp,1.59,14.904,10.608,0.005,207.525,1.030,g
2459112.5266543,2020-09-20.0251578,bp,1.54,14.930,10.597,0.005,209.541,1.020,g
2459116.5101856,2020-09-24.0083352,bp,1.56,14.997,10.603,0.005,208.363,0.879,g
2459116.5113992,2020-09-24.0095487,bp,1.57,15.009,10.616,0.005,206.025,0.948,g
2459116.5126211,2020-09-24.0107705,bp,1.56,15.006,10.604,0.005,208.057,0.924,g
2459120.0849880,2020-09-27.5828241,bD,1.55,15.254,10.636,0.004,202.078,0.782,g
2459120.0862304,2020-09-27.5840663,bD,1.54,15.178,10.642,0.006,201.071,1.091,g
2459120.0874751,2020-09-27.5853109,bD,1.58,14.927,10.659,0.006,197.863,1.114,g
2459121.5538139,2020-09-29.0515226,bp,1.50,15.067,10.637,0.005,202.043,0.896,g
2459121.5550257,2020-09-29.0527343,bp,1.53,15.059,10.614,0.005,206.249,0.937,g
2459121.5562439,2020-09-29.0539524,bp,1.53,15.067,10.631,0.005,203.047,0.902,g
2459123.9824338,2020-10-01.4799340,bD,1.45,15.166,10.675,0.005,195.017,0.930,g
2459123.9836777,2020-10-01.4811778,bD,1.53,15.139,10.638,0.005,201.745,0.904,g
2459123.9849265,2020-10-01.4824265,bD,1.45,15.143,10.641,0.004,201.190,0.866,g
2459125.8769376,2020-10-03.3742770,bt,1.56,14.952,10.636,0.006,202.231,1.138,g
2459125.8781525,2020-10-03.3754918,bt,1.54,14.927,10.621,0.005,204.936,1.039,g
2459127.0609747,2020-10-04.5582146,bD,1.60,15.236,10.656,0.004,198.361,0.750,g
2459127.0622211,2020-10-04.5594610,bD,1.62,15.201,10.634,0.004,202.532,0.798,g
2459127.0634606,2020-10-04.5607004,bD,1.69,15.176,10.628,0.004,203.642,0.871,g
2459128.8394838,2020-10-06.3365760,bt,1.46,14.799,10.660,0.008,197.871,1.431,g
2459128.8406996,2020-10-06.3377916,bt,1.57,14.832,10.678,0.007,194.430,1.212,g
2459128.8419285,2020-10-06.3390205,bt,1.61,14.774,10.609,0.007,207.246,1.365,g
2459130.0871325,2020-10-07.5841219,bD,1.64,15.242,10.625,0.004,204.251,0.768,g
2459130.0883746,2020-10-07.5853640,bD,1.61,15.240,10.625,0.004,204.259,0.793,g
2459130.0896167,2020-10-07.5866059,bD,1.67,15.239,10.628,0.004,203.664,0.781,g
2459131.8345435,2020-10-09.3313910,bt,1.50,14.937,10.637,0.006,201.986,1.115,g
2459131.8357794,2020-10-09.3326267,bt,1.49,14.898,10.575,0.005,213.705,1.089,g
2459131.8369964,2020-10-09.3338437,bt,1.56,14.944,10.632,0.005,202.719,1.039,g
2459132.8513892,2020-10-10.3481549,bt,1.48,15.001,10.617,0.005,205.703,1.017,g
2459132.8526089,2020-10-10.3493745,bt,1.46,15.027,10.652,0.005,199.038,0.970,g
2459132.8538258,2020-10-10.3505914,bt,1.48,14.991,10.580,0.005,212.911,0.994,g
2459133.8400984,2020-10-11.3367855,bt,1.47,14.997,10.627,0.006,203.771,1.023,g
2459133.8413442,2020-10-11.3380311,bt,1.46,14.973,10.577,0.005,213.526,1.020,g
2459133.8425615,2020-10-11.3392483,bt,1.50,14.979,10.584,0.006,212.143,1.087,g
2459135.9737319,2020-10-13.4702515,bt,1.43,14.519,10.608,0.008,207.410,1.540,g
2459135.9749633,2020-10-13.4714827,bt,1.46,14.646,10.620,0.006,205.153,1.222,g
2459135.9761887,2020-10-13.4727081,bt,1.50,14.514,10.625,0.008,204.133,1.580,g
2459137.8453443,2020-10-15.3417199,bt,2.38,14.874,10.592,0.005,210.628,1.027,g
2459137.8465663,2020-10-15.3429418,bt,2.40,14.771,10.602,0.006,208.650,1.037,g
2459137.8477921,2020-10-15.3441675,bt,2.36,14.761,10.591,0.008,210.671,1.416,g
2459140.9497659,2020-10-18.4459093,bD,1.51,15.066,10.647,0.005,200.091,0.942,g
2459140.9510109,2020-10-18.4471543,bD,1.53,15.041,10.645,0.005,200.520,0.924,g
2459140.9522550,2020-10-18.4483982,bD,1.52,15.020,10.649,0.005,199.699,0.953,g
2459143.9409183,2020-10-21.4368463,bD,1.58,14.738,10.653,0.007,199.045,1.214,g
2459143.9421592,2020-10-21.4380871,bD,1.67,13.906,10.645,0.016,200.323,2.898,g
2459143.9434033,2020-10-21.4393311,bD,1.67,13.350,10.634,0.021,202.624,3.907,g
2459143.9901930,2020-10-21.4861175,bD,1.64,13.368,10.684,0.021,193.313,3.790,g
2459143.9914454,2020-10-21.4873698,bD,1.59,99.990,99.990,99.990,99.990,99.990,g
2459143.9926861,2020-10-21.4886104,bD,1.63,99.990,99.990,99.990,99.990,99.990,g
2459144.9519650,2020-10-22.4478221,bD,1.53,15.243,10.638,0.004,201.673,0.806,g
2459144.9532134,2020-10-22.4490704,bD,1.54,15.247,10.647,0.004,200.164,0.809,g
2459144.9544558,2020-10-22.4503128,bD,1.54,15.250,10.653,0.004,199.149,0.786,g
2459144.9935065,2020-10-22.4893607,bD,1.52,15.258,10.628,0.004,203.747,0.750,g
2459144.9947531,2020-10-22.4906072,bD,1.55,15.261,10.633,0.004,202.755,0.792,g
2459144.9959964,2020-10-22.4918504,bD,1.51,15.260,10.630,0.004,203.408,0.776,g
2459145.9854719,2020-10-23.4812577,bD,1.53,15.264,10.657,0.004,198.373,0.762,g
2459145.9867099,2020-10-23.4824956,bD,1.49,15.263,10.652,0.004,199.236,0.754,g
2459145.9879517,2020-10-23.4837373,bD,1.54,15.263,10.649,0.004,199.846,0.749,g
2459148.6505090,2020-10-26.1461159,bH,1.53,14.952,10.641,0.006,201.337,1.146,g
2459148.6517865,2020-10-26.1473933,bH,1.54,14.952,10.641,0.006,201.186,1.201,g
2459148.6530745,2020-10-26.1486813,bH,1.56,14.948,10.616,0.006,205.866,1.165,g
2459153.8989367,2020-10-31.3942139,bD,1.70,15.165,10.677,0.005,194.535,0.892,g
2459153.9001775,2020-10-31.3954546,bD,1.77,15.133,10.668,0.005,196.279,0.877,g
2459153.9014142,2020-10-31.3966912,bD,1.69,15.175,10.739,0.005,183.729,0.849,g
2459154.5264618,2020-11-01.0217016,bp,1.58,15.045,10.684,0.005,193.372,0.929,g
2459154.5276708,2020-11-01.0229105,bp,1.55,15.051,10.649,0.005,199.695,0.903,g
2459154.5288857,2020-11-01.0241253,bp,1.62,15.044,10.659,0.005,197.890,0.878,g
2459154.9702653,2020-11-01.4654790,bD,1.51,15.203,10.668,0.005,196.234,0.877,g
2459154.9715025,2020-11-01.4667162,bD,1.58,15.200,10.650,0.004,199.544,0.804,g
2459154.9727420,2020-11-01.4679556,bD,1.49,15.194,10.662,0.004,197.190,0.808,g
2459155.6084674,2020-11-02.1036440,bp,1.61,15.050,10.638,0.006,201.754,1.002,g
2459155.6096872,2020-11-02.1048637,bp,1.62,15.055,10.653,0.005,198.989,0.968,g
2459155.6109046,2020-11-02.1060811,bp,1.73,15.060,10.647,0.006,200.068,1.011,g
2459156.9829684,2020-11-03.4780666,bD,1.47,15.239,10.651,0.004,199.389,0.799,g
2459156.9842175,2020-11-03.4793157,bD,1.46,15.239,10.653,0.004,198.987,0.810,g
2459156.9854616,2020-11-03.4805598,bD,1.53,15.233,10.655,0.004,198.615,0.777,g
2459158.0015402,2020-11-04.4965819,bD,1.59,99.990,99.990,99.990,99.990,99.990,g
2459158.0027859,2020-11-04.4978276,bD,1.56,15.275,10.706,0.004,189.474,0.757,g
2459158.0040270,2020-11-04.4990686,bD,1.55,15.255,10.650,0.004,199.698,0.780,g
2459161.9913128,2020-11-08.4861457,bD,1.50,15.273,10.646,0.004,200.421,0.788,g
2459161.9925563,2020-11-08.4873892,bD,1.53,15.271,10.644,0.004,200.653,0.787,g
2459161.9937944,2020-11-08.4886272,bD,1.52,15.269,10.641,0.004,201.342,0.768,g
2459163.7434062,2020-11-10.2381540,bl,1.49,99.990,99.990,99.990,99.990,99.990,g
2459163.7446362,2020-11-10.2393840,bl,1.47,99.990,99.990,99.990,99.990,99.990,g
2459163.7458617,2020-11-10.2406093,bl,1.47,15.056,10.629,0.005,203.364,0.948,g
2459166.6765111,2020-11-13.1711257,bl,1.49,15.041,10.646,0.005,200.345,0.959,g
2459166.6777314,2020-11-13.1723460,bl,1.49,15.039,10.639,0.005,201.624,0.930,g
2459166.6789652,2020-11-13.1735797,bl,1.47,15.042,10.642,0.005,201.089,0.936,g
2459166.7219067,2020-11-13.2165193,bl,1.48,15.051,10.631,0.005,203.008,0.932,g
2459166.7231322,2020-11-13.2177448,bl,1.46,15.059,10.643,0.005,200.721,0.911,g
2459166.7243599,2020-11-13.2189724,bl,1.48,15.059,10.641,0.005,201.183,0.907,g
2459167.6864568,2020-11-14.1810283,bH,1.38,15.124,10.690,0.006,192.213,0.955,g
2459167.6877476,2020-11-14.1823190,bH,1.40,15.115,10.676,0.006,194.809,0.982,g
2459167.6890494,2020-11-14.1836207,bH,1.42,15.120,10.688,0.006,192.641,0.986,g
2459167.7104128,2020-11-14.2049832,bl,1.47,15.067,10.674,0.005,195.196,0.875,g
2459167.7116441,2020-11-14.2062145,bl,1.48,15.078,10.693,0.005,191.815,0.882,g
2459167.7128638,2020-11-14.2074341,bl,1.47,15.081,10.693,0.005,191.788,0.901,g
2459168.9644692,2020-11-15.4589882,bt,1.60,15.061,10.646,0.005,200.368,0.957,g
2459168.9656982,2020-11-15.4602172,bt,1.63,15.080,10.683,0.005,193.564,0.924,g
2459168.9669216,2020-11-15.4614405,bt,1.66,15.076,10.681,0.005,193.883,0.899,g
2459170.6684309,2020-11-17.1628835,bl,1.49,15.011,10.650,0.005,199.584,0.951,g
2459170.6696515,2020-11-17.1641041,bl,1.5,15.009,10.642,0.005,201.023,0.965,g
2459170.6708708,2020-11-17.1653233,bl,1.49,15.016,10.648,0.006,199.949,0.999,g
2459170.6987934,2020-11-17.1932449,bl,1.47,15.027,10.645,0.005,200.533,0.981,g
2459170.7000161,2020-11-17.1944675,bl,1.49,15.037,10.655,0.005,198.569,0.976,g
2459170.7012322,2020-11-17.1956836,bl,1.5,15.032,10.651,0.005,199.246,0.978,g
2459170.7100003,2020-11-17.2044513,bl,1.49,15.033,10.648,0.005,200.030,0.963,g
2459170.7112187,2020-11-17.2056697,bl,1.49,15.039,10.655,0.005,198.760,0.927,g
2459170.7124365,2020-11-17.2068875,bl,1.51,15.034,10.643,0.005,200.778,0.971,g
2459171.7660024,2020-11-18.2604146,bt,1.51,15.058,10.624,0.005,204.421,0.897,g
2459171.7672222,2020-11-18.2616343,bt,1.48,15.085,10.668,0.005,196.314,0.901,g
2459171.7684478,2020-11-18.2628598,bt,1.47,15.071,10.636,0.005,202.208,0.922,g
2459172.8845234,2020-11-19.3788961,bD,1.64,15.275,10.727,0.004,185.867,0.725,g
2459172.8857700,2020-11-19.3801426,bD,1.64,15.279,10.726,0.004,185.978,0.752,g
2459172.8870177,2020-11-19.3813903,bD,1.70,15.279,10.726,0.004,186.027,0.764,g
2459173.4996453,2020-11-19.9939971,bp,1.60,15.141,10.709,0.005,188.893,0.814,g
2459173.5008672,2020-11-19.9952189,bp,1.64,15.131,10.692,0.005,191.818,0.794,g
2459173.5020819,2020-11-19.9964335,bp,1.51,15.146,10.720,0.005,187.037,0.795,g
2459175.3255907,2020-11-21.8198839,bp,1.67,99.990,99.990,99.990,99.990,99.990,g
2459175.3268164,2020-11-21.8211094,bp,1.51,99.990,99.990,99.990,99.990,99.990,g
2459175.3280450,2020-11-21.8223380,bp,1.42,99.990,99.990,99.990,99.990,99.990,g
2459175.4781884,2020-11-21.9724767,bp,1.55,14.657,10.639,0.008,201.561,1.458,g
2459175.4794228,2020-11-21.9737111,bp,1.51,14.523,10.705,0.008,189.683,1.384,g
2459175.4806450,2020-11-21.9749332,bp,1.53,14.891,10.667,0.008,196.556,1.461,g
2459175.7371727,2020-11-22.2314532,bl,1.48,15.057,10.640,0.005,201.462,0.885,g
2459175.7383934,2020-11-22.2326738,bl,1.46,15.063,10.647,0.005,200.020,0.960,g
2459175.7396210,2020-11-22.2339014,bl,1.45,15.059,10.636,0.005,202.184,0.926,g
2459176.5810393,2020-11-23.0752949,bH,1.39,14.982,10.661,0.006,197.425,1.134,g
2459176.5823202,2020-11-23.0765758,bH,1.41,14.985,10.663,0.006,197.166,1.169,g
2459176.5836079,2020-11-23.0778634,bH,1.40,14.995,10.664,0.006,197.013,1.164,g
2459176.7460843,2020-11-23.2403350,bl,1.58,15.055,10.640,0.006,201.290,1.006,g
2459176.7473052,2020-11-23.2415559,bl,1.59,15.055,10.644,0.006,200.665,1.014,g
2459176.7485310,2020-11-23.2427816,bl,1.57,15.047,10.636,0.006,202.252,1.029,g
2459177.7312291,2020-11-24.2254524,bt,1.60,14.986,10.633,0.005,202.605,0.944,g
2459177.7324518,2020-11-24.2266751,bt,1.57,14.983,10.634,0.005,202.658,0.929,g
2459177.7336701,2020-11-24.2278933,bt,1.57,14.993,10.628,0.005,203.612,0.972,g
2459178.5819457,2020-11-25.0761464,bH,1.50,14.988,10.658,0.006,198.086,1.095,g
2459178.5832333,2020-11-25.0774341,bH,1.46,14.991,10.651,0.007,199.345,1.208,g
2459178.5845310,2020-11-25.0787317,bH,1.44,14.978,10.640,0.006,201.387,1.157,g
2459179.3504825,2020-11-25.8446638,bp,1.48,15.040,10.658,0.005,198.164,0.842,g
2459179.3517065,2020-11-25.8458878,bp,1.50,15.043,10.679,0.005,194.199,0.930,g
2459179.3529202,2020-11-25.8471015,bp,1.47,15.029,10.632,0.005,202.905,0.944,g
2459179.3546448,2020-11-25.8488260,bp,1.51,15.023,10.611,0.005,206.746,1.003,g
2459179.3558606,2020-11-25.8500418,bp,1.49,15.041,10.665,0.005,196.678,0.862,g
2459179.3570788,2020-11-25.8512600,bp,1.49,15.048,10.684,0.005,193.218,0.931,g
2459179.4027030,2020-11-25.8968830,bp,1.54,15.076,10.657,0.005,198.186,0.886,g
2459179.4039341,2020-11-25.8981140,bp,1.55,15.082,10.655,0.005,198.677,0.883,g
2459179.4051585,2020-11-25.8993384,bp,1.57,15.070,10.631,0.005,203.018,0.918,g
2459179.6682093,2020-11-26.1623827,bl,1.59,15.026,10.635,0.006,202.321,1.069,g
2459179.6694311,2020-11-26.1636046,bl,1.6,15.034,10.639,0.006,201.600,1.006,g
2459179.6706589,2020-11-26.1648323,bl,1.6,15.031,10.645,0.006,200.602,1.014,g
2459180.3288023,2020-11-26.8229602,bp,1.64,14.952,10.634,0.005,202.622,0.959,g
2459180.3300346,2020-11-26.8241925,bp,1.63,14.968,10.647,0.005,200.224,0.996,g
2459180.3312588,2020-11-26.8254166,bp,1.60,14.959,10.639,0.006,201.626,1.039,g
2459180.4874621,2020-11-26.9816163,bp,1.51,15.106,10.675,0.005,195.106,0.923,g
2459180.4886959,2020-11-26.9828500,bp,1.59,15.093,10.637,0.005,201.866,0.904,g
2459180.4899227,2020-11-26.9840767,bp,1.61,15.091,10.648,0.005,199.932,0.877,g
2459181.0490933,2020-11-27.5432348,bD,1.66,15.234,10.649,0.004,199.839,0.808,g
2459181.0503278,2020-11-27.5444693,bD,1.65,15.242,10.652,0.004,199.079,0.784,g
2459181.0515709,2020-11-27.5457123,bD,1.75,15.207,10.659,0.004,197.997,0.793,g
2459181.4612068,2020-11-27.9553393,bp,1.58,15.054,10.628,0.005,203.787,0.931,g
2459181.4624355,2020-11-27.9565680,bp,1.53,15.062,10.634,0.005,202.475,0.906,g
2459181.4636591,2020-11-27.9577915,bp,1.52,15.070,10.662,0.005,197.356,0.947,g
2459182.3167004,2020-11-28.8108152,bp,2.48,14.823,10.683,0.006,193.614,1.075,g
2459182.3179282,2020-11-28.8120430,bp,2.03,14.812,10.653,0.007,198.984,1.167,g
2459182.5652899,2020-11-29.0593998,bH,1.37,14.844,10.661,0.008,197.379,1.404,g
2459182.5665781,2020-11-29.0606879,bH,2.03,14.804,10.654,0.008,198.787,1.386,g
2459182.5678771,2020-11-29.0619869,bH,2.25,14.800,10.660,0.008,197.673,1.447,g
2459183.0036779,2020-11-29.4977792,bD,1.54,15.264,10.706,0.004,189.657,0.804,g
2459183.0049196,2020-11-29.4990209,bD,1.52,15.252,10.689,0.004,192.472,0.763,g
2459183.0061590,2020-11-29.5002602,bD,1.47,15.252,10.686,0.004,193.047,0.749,g
2459183.0315247,2020-11-29.5256255,bD,1.57,15.230,10.666,0.004,196.647,0.805,g
2459183.0327729,2020-11-29.5268736,bD,1.58,15.270,10.694,0.004,191.705,0.760,g
2459183.0340122,2020-11-29.5281129,bD,1.61,15.228,10.692,0.004,191.924,0.803,g
2459184.5191495,2020-12-01.0132237,bp,1.62,15.015,10.648,0.006,199.927,1.004,g
2459184.5203575,2020-12-01.0144317,bp,1.63,15.043,10.659,0.005,198.036,0.970,g
2459184.5215746,2020-12-01.0156487,bp,1.59,15.044,10.670,0.006,195.885,1.024,g
2459184.5594972,2020-12-01.0535708,bl,1.68,14.772,10.674,0.007,195.224,1.289,g
2459184.5607175,2020-12-01.0547911,bl,1.56,14.800,10.655,0.007,198.615,1.213,g
2459184.5619403,2020-12-01.0560139,bl,2.0,14.840,10.669,0.007,195.960,1.168,g
2459185.5781807,2020-12-02.0722382,bl,1.54,14.935,10.638,0.006,201.814,1.110,g
2459185.5794130,2020-12-02.0734705,bl,1.58,14.928,10.653,0.006,198.996,1.174,g
2459185.5806454,2020-12-02.0747028,bl,1.57,14.928,10.645,0.006,200.398,1.065,g
2459185.9374478,2020-12-02.4314999,bt,2.04,14.924,10.643,0.006,200.917,1.057,g
2459185.9386731,2020-12-02.4327253,bt,2.04,14.878,10.622,0.006,204.820,1.178,g
2459185.9399080,2020-12-02.4339601,bt,2.01,14.924,10.650,0.005,199.652,1.042,g
2459186.4722206,2020-12-02.9662652,bp,1.61,15.063,10.625,0.005,204.135,0.906,g
2459186.4734355,2020-12-02.9674801,bp,1.55,15.071,10.632,0.005,202.960,0.970,g
2459186.4746399,2020-12-02.9686845,bp,1.57,15.086,10.649,0.005,199.722,0.922,g
2459186.5488159,2020-12-03.0428596,bl,1.53,14.921,10.635,0.005,202.421,1.021,g
2459186.5500424,2020-12-03.0440860,bl,1.53,14.926,10.635,0.006,202.374,1.094,g
2459186.5512901,2020-12-03.0453337,bl,1.49,14.935,10.637,0.005,201.949,1.040,g
2459187.3081715,2020-12-03.8022053,bp,1.66,14.991,10.638,0.005,201.737,0.961,g
2459187.3096404,2020-12-03.8036743,bp,1.59,14.997,10.633,0.005,202.736,0.909,g
2459187.3108636,2020-12-03.8048974,bp,1.54,15.000,10.627,0.005,203.896,0.950,g
2459188.3085198,2020-12-04.8025421,bp,1.67,15.000,10.639,0.005,201.668,0.957,g
2459188.3098974,2020-12-04.8039197,bp,1.69,15.012,10.652,0.005,199.194,0.927,g
2459188.3112235,2020-12-04.8052458,bp,1.71,15.007,10.636,0.005,202.086,0.916,g
2459188.6724349,2020-12-05.1664533,bH,1.49,15.070,10.611,0.005,206.899,0.935,g
2459188.6737244,2020-12-05.1677428,bH,1.48,15.090,10.641,0.005,201.169,0.905,g
2459188.6750165,2020-12-05.1690349,bH,1.48,15.092,10.641,0.005,201.117,0.912,g
2459190.0211294,2020-12-06.5151356,bD,1.55,15.259,10.661,0.004,197.608,0.771,g
2459190.0223745,2020-12-06.5163807,bD,1.58,15.264,10.661,0.004,197.487,0.790,g
2459190.0236163,2020-12-06.5176225,bD,1.56,15.257,10.652,0.004,199.113,0.727,g
2459191.0343720,2020-12-07.5283710,bD,1.67,15.259,10.675,0.004,194.852,0.805,g
2459191.0356109,2020-12-07.5296099,bD,1.66,15.256,10.670,0.004,195.803,0.733,g
2459191.0368547,2020-12-07.5308536,bD,1.69,15.249,10.665,0.004,196.834,0.784,g
2459191.5824909,2020-12-08.0764866,bp,1.57,99.990,99.990,99.990,99.990,99.990,g
2459191.5837116,2020-12-08.0777074,bp,1.58,99.990,99.990,99.990,99.990,99.990,g
2459191.5849264,2020-12-08.0789222,bp,1.61,99.990,99.990,99.990,99.990,99.990,g
2459191.6604091,2020-12-08.1544044,bt,1.51,15.012,10.667,0.006,196.543,1.085,g
2459191.6616274,2020-12-08.1556227,bt,1.53,15.032,10.679,0.005,194.253,0.904,g
2459191.6628493,2020-12-08.1568446,bt,1.53,15.043,10.691,0.005,192.141,0.959,g
2459191.6757280,2020-12-08.1697233,bt,1.56,15.016,10.654,0.005,198.639,0.920,g
2459191.6769489,2020-12-08.1709441,bt,1.54,14.973,10.646,0.006,200.294,1.184,g
2459191.6781735,2020-12-08.1721688,bt,1.51,14.878,10.655,0.007,198.635,1.263,g
2459192.3023069,2020-12-08.7962991,bp,1.51,15.034,10.672,0.005,195.569,0.851,g
2459192.3035206,2020-12-08.7975128,bp,1.55,15.029,10.660,0.005,197.853,0.854,g
2459192.3047295,2020-12-08.7987217,bp,1.57,15.045,10.688,0.005,192.702,0.860,g
2459192.6641235,2020-12-09.1581142,bt,1.48,15.030,10.655,0.005,198.617,0.907,g
2459192.6653430,2020-12-09.1593337,bt,1.56,15.023,10.635,0.005,202.166,0.974,g
2459192.6665596,2020-12-09.1605503,bt,1.54,15.039,10.672,0.005,195.639,0.909,g
2459192.6976460,2020-12-09.1916366,bt,1.48,15.065,10.659,0.005,197.942,0.952,g
2459192.6988682,2020-12-09.1928587,bt,1.47,15.060,10.646,0.005,200.250,0.874,g
2459192.7001435,2020-12-09.1941341,bt,1.47,15.070,10.662,0.006,197.258,0.973,g
2459193.8292245,2020-12-10.3232120,bD,1.53,15.241,10.656,0.004,198.460,0.766,g
2459193.8304676,2020-12-10.3244550,bD,1.48,15.240,10.653,0.004,198.976,0.771,g
2459193.8317142,2020-12-10.3257016,bD,1.54,15.250,10.672,0.004,195.470,0.782,g
2459194.4243357,2020-12-10.9183223,bp,1.60,13.873,10.675,0.019,194.909,3.440,g
2459194.4255591,2020-12-10.9195456,bp,1.62,13.445,10.731,0.038,185.079,6.503,g
2459194.4267900,2020-12-10.9207766,bp,1.64,13.595,10.715,0.020,188.066,3.575,g
2459195.5897540,2020-12-12.0837407,bp,1.69,14.810,10.610,0.010,207.070,1.884,g
2459195.7837974,2020-12-12.2777843,bD,1.97,15.193,10.632,0.004,202.835,0.799,g
2459195.7850389,2020-12-12.2790258,bD,2.12,15.184,10.665,0.004,196.811,0.829,g
2459195.7862817,2020-12-12.2802686,bD,1.74,15.214,10.649,0.004,199.801,0.810,g
2459196.5318625,2020-12-13.0258508,bH,1.75,14.848,10.676,0.007,194.827,1.176,g
2459196.5331585,2020-12-13.0271468,bH,1.77,14.928,10.653,0.006,198.955,1.074,g
2459196.5344678,2020-12-13.0284561,bH,1.79,14.936,10.639,0.006,201.430,1.078,g
2459196.7782001,2020-12-13.2721890,bH,1.38,15.118,10.655,0.005,198.580,0.862,g
2459196.7794902,2020-12-13.2734790,bH,1.40,15.113,10.645,0.005,200.467,0.833,g
2459196.7807760,2020-12-13.2747649,bH,1.40,15.114,10.647,0.005,199.992,0.836,g
2459196.9438898,2020-12-13.4378792,bt,1.60,15.006,10.673,0.005,195.343,0.924,g
2459196.9451269,2020-12-13.4391164,bt,1.58,14.993,10.628,0.005,203.693,0.987,g
2459196.9463475,2020-12-13.4403370,bt,1.59,15.008,10.660,0.005,197.637,0.990,g
2459198.3296656,2020-12-14.8236610,bp,1.54,99.990,99.990,99.990,99.990,99.990,g
2459198.3308943,2020-12-14.8248897,bp,1.53,15.057,10.619,0.005,205.211,0.922,g
2459198.3321175,2020-12-14.8261129,bp,1.52,99.990,99.990,99.990,99.990,99.990,g
2459198.6238538,2020-12-15.1178508,bH,1.62,15.089,10.666,0.005,196.656,0.778,g
2459198.6251398,2020-12-15.1191368,bH,1.59,15.090,10.656,0.005,198.359,0.852,g
2459198.6264305,2020-12-15.1204274,bH,1.59,15.076,10.632,0.005,202.926,0.800,g
2459199.3484758,2020-12-15.8424775,bp,1.54,15.085,10.657,0.005,198.413,0.865,g
2459199.3497701,2020-12-15.8437717,bp,1.54,15.084,10.651,0.005,199.270,0.849,g
2459199.3510037,2020-12-15.8450053,bp,1.57,15.089,10.656,0.005,198.319,0.876,g
2459199.6064091,2020-12-16.1004126,bH,1.43,15.085,10.632,0.005,202.808,0.876,g
2459199.6077143,2020-12-16.1017178,bH,1.43,15.093,10.647,0.005,200.173,0.840,g
2459199.6089980,2020-12-16.1030015,bH,1.41,15.069,10.588,0.005,211.096,0.869,g
2459199.9096777,2020-12-16.4036836,bt,1.58,15.038,10.640,0.005,201.342,0.921,g
2459199.9108931,2020-12-16.4048990,bt,1.60,15.016,10.601,0.005,208.690,0.955,g
2459199.9121234,2020-12-16.4061293,bt,1.57,15.022,10.618,0.005,205.433,0.858,g
2459200.4638561,2020-12-16.9578666,bp,1.51,15.095,10.635,0.005,202.370,0.883,g
2459200.4650955,2020-12-16.9591059,bp,1.47,15.094,10.638,0.005,201.643,0.870,g
2459200.4663221,2020-12-16.9603326,bp,1.49,15.076,10.604,0.005,208.216,0.911,g
2459201.9127040,2020-12-18.4067290,bt,1.64,14.227,10.624,0.013,204.338,2.433,g
2459201.9139271,2020-12-18.4079522,bt,1.61,14.399,10.625,0.009,204.225,1.636,g
2459201.9151536,2020-12-18.4091786,bt,1.65,14.035,10.633,0.014,202.588,2.665,g
2459205.7566380,2020-12-22.2507177,bD,1.49,15.219,10.653,0.004,198.855,0.837,g
2459205.7578793,2020-12-22.2519591,bD,1.50,15.224,10.665,0.004,196.825,0.840,g
2459205.7591199,2020-12-22.2531997,bD,1.47,15.217,10.652,0.004,199.264,0.798,g
2459206.7819018,2020-12-23.2760000,bt,1.59,15.064,10.617,0.005,205.717,0.944,g
2459206.7831305,2020-12-23.2772287,bt,1.53,15.069,10.627,0.005,203.739,0.880,g
2459206.7843594,2020-12-23.2784577,bt,1.59,15.071,10.651,0.005,199.298,0.894,g
2459206.8155119,2020-12-23.3096108,bt,1.62,15.087,10.668,0.005,196.224,0.897,g
2459206.8167291,2020-12-23.3108280,bt,1.67,15.054,10.627,0.005,203.693,0.861,g
2459206.8179616,2020-12-23.3120605,bt,1.63,15.057,10.640,0.005,201.380,0.869,g
2459207.7701334,2020-12-24.2642511,bH,1.51,15.082,10.676,0.005,194.860,0.844,g
2459207.7714226,2020-12-24.2655403,bH,1.46,15.075,10.652,0.005,199.217,0.874,g
2459207.7727311,2020-12-24.2668489,bH,1.48,15.065,10.641,0.005,201.141,0.823,g
2459208.8604897,2020-12-25.3546306,bt,1.48,15.056,10.668,0.005,196.306,0.918,g
2459208.8617178,2020-12-25.3558588,bt,1.52,15.055,10.640,0.005,201.324,0.895,g
2459208.8629456,2020-12-25.3570866,bt,1.50,15.047,10.637,0.005,201.947,0.950,g
2459209.7690508,2020-12-26.2632126,bl,1.46,14.986,10.641,0.006,201.215,1.053,g
2459209.7702819,2020-12-26.2644436,bl,1.48,14.968,10.646,0.006,200.263,1.092,g
2459209.7715205,2020-12-26.2656823,bl,1.45,14.973,10.648,0.006,199.837,1.079,g
2459210.8682774,2020-12-27.3624660,bt,1.56,14.998,10.647,0.005,200.121,0.966,g
2459210.8695082,2020-12-27.3636969,bt,1.59,15.016,10.686,0.006,193.148,1.001,g
2459210.8707292,2020-12-27.3649179,bt,1.59,14.998,10.647,0.005,200.152,0.985,g
2459210.9617803,2020-12-27.4559712,bD,1.55,15.265,10.718,0.004,187.545,0.759,g
2459210.9630220,2020-12-27.4572130,bD,1.45,15.242,10.671,0.004,195.736,0.742,g
2459210.9642721,2020-12-27.4584631,bD,1.51,15.243,10.685,0.004,193.197,0.775,g
2459211.5413276,2020-12-28.0355336,bp,1.67,14.991,10.666,0.006,196.701,1.065,g
2459211.5425670,2020-12-28.0367730,bp,1.69,14.986,10.660,0.006,197.636,1.052,g
2459211.5437827,2020-12-28.0379888,bp,1.60,14.985,10.659,0.006,197.863,1.074,g
2459212.8001528,2020-12-29.2943932,bH,1.50,14.857,10.656,0.006,198.444,1.096,g
2459212.8014765,2020-12-29.2957169,bH,1.45,14.879,10.643,0.007,200.804,1.346,g
2459212.8027730,2020-12-29.2970134,bH,1.39,14.852,10.662,0.008,197.238,1.347,g
2459213.5448897,2020-12-30.0391515,bl,2.4,14.795,10.690,0.008,192.453,1.482,g
2459213.5461335,2020-12-30.0403953,bl,2.35,14.857,10.679,0.008,194.350,1.444,g
2459213.5473681,2020-12-30.0416299,bl,2.31,14.857,10.671,0.008,195.790,1.408,g
2459214.7434499,2020-12-31.2377480,bl,1.5,14.968,10.671,0.006,195.667,1.164,g
2459214.7446777,2020-12-31.2389758,bl,1.53,14.962,10.668,0.006,196.285,1.076,g
2459214.7459172,2020-12-31.2402153,bl,1.55,14.983,10.659,0.006,198.057,1.065,g
2459215.7457150,2021-01-01.2400451,bl,1.49,14.981,10.658,0.006,198.001,1.114,g
2459215.7469299,2021-01-01.2412600,bl,1.55,14.982,10.665,0.006,196.889,1.121,g
2459215.7481600,2021-01-01.2424901,bl,1.5,14.959,10.649,0.006,199.789,1.106,g
2459216.7757115,2021-01-02.2700761,bH,1.49,15.009,10.664,0.005,196.901,0.966,g
2459216.7769989,2021-01-02.2713636,bH,1.47,15.019,10.664,0.005,196.987,0.977,g
2459216.7782821,2021-01-02.2726468,bH,1.50,15.008,10.658,0.005,198.043,0.920,g
2459217.8912533,2021-01-03.3856571,bt,1.76,14.936,10.640,0.005,201.311,1.039,g
2459217.8924707,2021-01-03.3868746,bt,2.03,14.924,10.657,0.005,198.189,1.020,g
2459217.8937031,2021-01-03.3881070,bt,2.06,14.886,10.633,0.006,202.701,1.097,g
2459217.9473493,2021-01-03.4417550,bD,1.69,15.247,10.661,0.004,197.456,0.766,g
2459217.9486017,2021-01-03.4430074,bD,1.65,15.252,10.666,0.004,196.597,0.807,g
2459217.9498432,2021-01-03.4442490,bD,1.73,15.256,10.666,0.004,196.588,0.771,g
2459218.9480252,2021-01-04.4424677,bD,1.54,15.281,10.681,0.004,193.932,0.722,g
2459218.9492750,2021-01-04.4437176,bD,1.50,15.271,10.669,0.004,196.123,0.727,g
2459218.9505251,2021-01-04.4449677,bD,1.53,15.283,10.702,0.004,190.283,0.702,g
2459219.7261537,2021-01-05.2206258,bl,1.44,15.005,10.648,0.006,199.788,1.006,g
2459219.7273731,2021-01-05.2218452,bl,1.48,15.012,10.651,0.006,199.497,1.047,g
2459219.7285900,2021-01-05.2230622,bl,1.47,15.017,10.660,0.006,197.815,1.003,g
2459219.8014276,2021-01-05.2959026,bt,1.52,15.071,10.651,0.005,199.335,0.933,g
2459219.8026670,2021-01-05.2971421,bt,1.51,15.072,10.648,0.005,199.872,0.901,g
2459219.8038949,2021-01-05.2983700,bt,1.50,15.060,10.627,0.005,203.730,0.869,g
2459220.8594509,2021-01-06.3539678,bt,1.62,15.035,10.689,0.005,192.559,0.912,g
2459220.8606799,2021-01-06.3551967,bt,1.55,15.018,10.652,0.005,199.197,0.967,g
2459220.8619039,2021-01-06.3564209,bt,1.51,15.014,10.646,0.005,200.155,0.948,g
2459221.6880948,2021-01-07.1826455,bl,1.54,15.010,10.640,0.006,201.460,1.039,g
2459221.6893357,2021-01-07.1838864,bl,1.55,15.013,10.645,0.006,200.466,1.028,g
2459221.6905678,2021-01-07.1851186,bl,1.52,15.011,10.642,0.006,201.056,1.058,g
2459223.7880917,2021-01-09.2827326,bD,1.52,15.262,10.649,0.004,199.739,0.725,g
2459223.7893418,2021-01-09.2839828,bD,1.48,15.260,10.647,0.004,200.088,0.724,g
2459223.7905843,2021-01-09.2852253,bD,1.47,15.247,10.670,0.004,195.833,0.741,g
2459223.7957052,2021-01-09.2903464,bD,1.51,15.069,10.665,0.006,196.765,1.060,g
2459223.7969604,2021-01-09.2916017,bD,1.53,15.046,10.658,0.005,198.114,0.879,g
2459223.7982104,2021-01-09.2928517,bD,1.50,15.145,10.651,0.005,199.447,0.909,g
2459225.9240054,2021-01-11.4187446,bD,1.55,15.272,10.651,0.004,199.326,0.738,g
2459225.9252575,2021-01-11.4199967,bD,1.52,15.274,10.650,0.004,199.543,0.756,g
2459225.9265120,2021-01-11.4212512,bD,1.56,15.268,10.645,0.004,200.463,0.764,g
2459227.7146466,2021-01-13.2094730,bl,1.49,15.004,10.628,0.006,203.604,1.049,g
2459227.7158846,2021-01-13.2107111,bl,1.47,15.001,10.621,0.006,204.818,1.078,g
2459227.7171242,2021-01-13.2119507,bl,1.54,15.004,10.633,0.006,202.667,1.031,g
2459227.7995692,2021-01-13.2943999,bt,1.54,15.029,10.590,0.005,210.849,0.961,g
2459227.8008073,2021-01-13.2956381,bt,1.57,15.034,10.599,0.005,208.963,0.989,g
2459227.8020299,2021-01-13.2968607,bt,1.54,15.030,10.593,0.005,210.275,0.867,g
2459228.6398594,2021-01-14.1347325,bH,1.45,15.081,10.610,0.005,206.943,0.830,g
2459228.6411496,2021-01-14.1360228,bH,1.49,15.083,10.620,0.005,205.250,0.860,g
2459228.6424664,2021-01-14.1373397,bH,1.49,15.098,10.646,0.005,200.248,0.844,g
2459230.8946629,2021-01-16.3896548,bD,1.54,15.297,10.689,0.004,192.622,0.699,g
2459230.8959112,2021-01-16.3909033,bD,1.55,15.282,10.652,0.004,199.049,0.734,g
2459230.8971496,2021-01-16.3921417,bD,1.56,15.293,10.678,0.004,194.446,0.715,g
2459231.9029345,2021-01-17.3979817,bD,1.49,15.261,10.659,0.004,197.948,0.722,g
2459231.9041810,2021-01-17.3992284,bD,1.46,15.259,10.652,0.004,199.192,0.756,g
2459231.9054228,2021-01-17.4004702,bD,1.49,15.261,10.660,0.004,197.713,0.752,g
2459232.4440725,2021-01-17.9391500,bp,1.55,15.078,10.656,0.005,198.513,0.902,g
2459232.4453037,2021-01-17.9403813,bp,1.49,15.072,10.640,0.005,201.480,0.889,g
2459232.4465313,2021-01-17.9416090,bp,1.49,15.046,10.596,0.005,209.785,0.918,g
2459232.6438161,2021-01-18.1389048,bl,1.47,14.984,10.636,0.006,202.084,1.060,g
2459232.6450364,2021-01-18.1401252,bl,1.5,14.984,10.636,0.006,202.177,1.037,g
2459232.6462639,2021-01-18.1413528,bl,1.49,14.979,10.632,0.005,202.902,1.017,g
2459232.6858195,2021-01-18.1809107,bH,1.43,15.028,10.638,0.005,201.727,0.876,g
2459232.6871090,2021-01-18.1822002,bH,1.46,15.023,10.631,0.005,202.911,0.862,g
2459232.6884112,2021-01-18.1835025,bH,1.47,15.032,10.642,0.005,201.001,0.915,g
2459232.8269954,2021-01-18.3220945,bt,1.76,15.003,10.640,0.005,201.320,0.950,g
2459232.8282210,2021-01-18.3233203,bt,1.71,14.986,10.613,0.005,206.578,0.972,g
2459232.8294763,2021-01-18.3245756,bt,1.74,15.000,10.633,0.005,202.675,0.979,g
2459233.7427717,2021-01-19.2379233,bl,1.63,14.925,10.634,0.007,202.464,1.246,g
2459233.7440015,2021-01-19.2391532,bl,1.61,14.927,10.646,0.006,200.196,1.208,g
2459233.7452219,2021-01-19.2403737,bl,1.62,14.918,10.640,0.006,201.330,1.182,g
2459236.8446578,2021-01-22.3399946,bt,2.28,14.894,10.647,0.007,200.121,1.260,g
2459236.8458821,2021-01-22.3412190,bt,2.27,14.885,10.626,0.007,204.059,1.304,g
2459236.8471211,2021-01-22.3424581,bt,2.25,14.900,10.643,0.006,200.782,1.225,g
2459239.7112951,2021-01-25.2068133,bH,1.97,14.672,10.641,0.008,201.084,1.596,g
2459239.7125866,2021-01-25.2081048,bH,1.55,14.801,10.644,0.007,200.471,1.250,g
2459240.7132392,2021-01-26.2088229,bl,1.55,14.881,10.657,0.006,198.315,1.199,g
2459240.7144690,2021-01-26.2100528,bl,1.48,14.880,10.648,0.006,199.973,1.178,g
2459240.7156945,2021-01-26.2112784,bl,1.56,14.880,10.638,0.006,201.730,1.196,g
2459242.7458160,2021-01-28.2415361,bt,1.70,14.859,10.673,0.007,195.392,1.252,g
2459242.7470388,2021-01-28.2427590,bt,1.77,14.819,10.652,0.007,199.109,1.220,g
2459242.7482664,2021-01-28.2439867,bt,1.80,14.849,10.619,0.006,205.279,1.254,g
2459244.8282315,2021-01-30.3240959,bD,1.50,15.251,10.655,0.004,198.657,0.733,g
2459244.8294779,2021-01-30.3253424,bD,1.53,15.277,10.714,0.004,188.199,0.753,g
2459244.8307253,2021-01-30.3265899,bD,1.50,15.271,10.690,0.004,192.475,0.730,g
2459245.7097047,2021-01-31.2056316,bl,1.47,14.918,10.636,0.006,202.108,1.155,g
2459245.7109369,2021-01-31.2068640,bl,1.52,14.942,10.640,0.006,201.418,1.096,g
2459245.7121761,2021-01-31.2081032,bl,1.47,14.915,10.639,0.006,201.385,1.123,g
2459246.6553095,2021-02-01.1513042,bl,1.49,14.970,10.626,0.006,204.005,1.061,g
2459246.6565429,2021-02-01.1525378,bl,1.52,14.960,10.633,0.006,202.663,1.044,g
2459246.6577596,2021-02-01.1537546,bl,1.52,14.964,10.636,0.006,201.996,1.049,g
2459247.7954245,2021-02-02.2915023,bt,1.55,14.488,10.631,0.010,203.155,1.812,g
2459247.7966471,2021-02-02.2927250,bt,1.50,14.884,10.604,0.006,208.020,1.177,g
2459247.7978668,2021-02-02.2939448,bt,1.48,14.970,10.639,0.005,201.483,0.989,g
2459248.6963450,2021-02-03.1924892,bl,1.55,14.946,10.627,0.006,203.830,1.125,g
2459248.6975628,2021-02-03.1937071,bl,1.53,14.958,10.648,0.006,199.946,1.100,g
2459248.6987905,2021-02-03.1949350,bl,1.53,14.937,10.623,0.006,204.632,1.124,g
2459249.7631947,2021-02-04.2594186,bt,1.54,15.063,10.599,0.005,209.140,0.953,g
2459249.7644201,2021-02-04.2606441,bt,1.55,15.089,10.636,0.005,202.064,0.950,g
2459249.7656424,2021-02-04.2618665,bt,1.57,15.088,10.619,0.005,205.270,0.919,g
2459250.6849327,2021-02-05.1812263,bl,1.44,14.933,10.608,0.006,207.506,1.153,g
2459250.6861568,2021-02-05.1824505,bl,1.47,14.932,10.618,0.006,205.480,1.163,g
2459250.6873712,2021-02-05.1836650,bl,1.45,14.940,10.633,0.006,202.773,1.105,g
2459251.7563071,2021-02-06.2526827,bt,1.57,15.098,10.616,0.005,205.891,0.940,g
2459251.7575359,2021-02-06.2539116,bt,1.58,15.081,10.588,0.004,211.145,0.901,g
2459251.7587673,2021-02-06.2551431,bt,1.57,15.086,10.592,0.005,210.374,0.940,g
2459252.6750919,2021-02-07.1715386,bl,1.63,14.956,10.627,0.006,203.727,1.207,g
2459252.6763214,2021-02-07.1727682,bl,1.65,14.961,10.637,0.006,202.049,1.195,g
2459252.6775494,2021-02-07.1739963,bl,1.63,14.961,10.638,0.006,201.638,1.204,g
2459252.8461450,2021-02-07.3426050,bD,1.50,15.254,10.652,0.004,199.180,0.755,g
2459252.8473967,2021-02-07.3438567,bD,1.48,15.254,10.646,0.004,200.244,0.796,g
2459252.8486492,2021-02-07.3451093,bD,1.48,15.250,10.648,0.004,199.916,0.732,g
2459253.4294256,2021-02-07.9259312,bp,1.50,15.035,10.640,0.005,201.457,0.983,g
2459253.4306605,2021-02-07.9271662,bp,1.50,15.027,10.628,0.005,203.700,0.967,g
2459253.4318878,2021-02-07.9283936,bp,1.50,15.031,10.637,0.006,201.997,0.996,g
2459253.6471480,2021-02-08.1436706,bH,1.37,15.067,10.639,0.005,201.520,0.848,g
2459253.6484446,2021-02-08.1449673,bH,1.37,15.065,10.633,0.005,202.699,0.879,g
2459253.6497424,2021-02-08.1462653,bH,1.41,15.068,10.639,0.005,201.500,0.840,g
2459255.8219088,2021-02-10.3186042,bD,1.79,15.261,10.684,0.004,193.269,0.732,g
2459255.8231537,2021-02-10.3198492,bD,1.74,15.267,10.682,0.004,193.619,0.714,g
2459255.8243961,2021-02-10.3210917,bD,1.76,15.255,10.675,0.004,195.016,0.733,g
2459257.7250486,2021-02-12.2218983,bt,1.55,15.100,10.633,0.005,202.805,0.833,g
2459257.7262750,2021-02-12.2231248,bt,1.57,15.112,10.653,0.005,199.007,0.893,g
2459257.7275049,2021-02-12.2243548,bt,1.56,15.122,10.671,0.005,195.684,0.903,g
2459260.5545267,2021-02-15.0516104,bH,1.45,15.066,10.650,0.005,199.602,0.817,g
2459260.5558202,2021-02-15.0529040,bH,1.46,15.066,10.644,0.005,200.627,0.857,g
2459260.5571048,2021-02-15.0541887,bH,1.47,15.058,10.633,0.005,202.571,0.882,g
2459261.6513135,2021-02-16.1484894,bH,1.49,15.012,10.632,0.005,202.979,0.907,g
2459261.6526006,2021-02-16.1497766,bH,1.46,15.000,10.612,0.005,206.582,0.928,g
2459261.6539008,2021-02-16.1510769,bH,1.56,15.007,10.643,0.005,200.756,0.931,g
2459262.6538052,2021-02-17.1510660,bH,1.46,15.020,10.635,0.005,202.343,0.901,g
2459262.6550994,2021-02-17.1523602,bH,1.49,15.002,10.602,0.005,208.541,0.960,g
2459262.6563980,2021-02-17.1536590,bH,1.44,15.016,10.635,0.005,202.456,0.926,g
2459266.5425683,2021-02-21.0401634,bH,1.56,15.066,10.650,0.005,199.643,0.901,g
2459266.5438491,2021-02-21.0414444,bH,1.55,15.055,10.631,0.005,202.979,0.906,g
2459266.5451180,2021-02-21.0427133,bH,1.49,15.070,10.662,0.005,197.508,0.876,g
2459267.3618723,2021-02-21.8595390,bp,1.57,15.059,10.677,0.006,194.675,1.017,g
2459267.3630860,2021-02-21.8607528,bp,1.50,15.030,10.636,0.005,202.077,0.942,g
2459267.3643147,2021-02-21.8619816,bp,1.54,15.036,10.653,0.005,199.021,0.926,g
2459267.5932723,2021-02-22.0909591,bH,1.42,15.041,10.642,0.005,200.934,0.917,g
2459267.5945480,2021-02-22.0922350,bH,1.43,15.054,10.650,0.005,199.511,0.887,g
2459267.5958318,2021-02-22.0935189,bH,1.45,15.053,10.643,0.005,200.771,0.884,g
2459268.6365630,2021-02-23.1343414,bH,1.47,14.934,10.652,0.006,199.099,1.094,g
2459268.6378611,2021-02-23.1356396,bH,1.49,14.924,10.661,0.006,197.630,1.157,g
2459268.6391606,2021-02-23.1369392,bH,1.44,14.926,10.648,0.006,199.843,1.048,g
2459269.6382917,2021-02-24.1361584,bl,1.53,14.899,10.645,0.006,200.502,1.103,g
2459269.6395182,2021-02-24.1373850,bl,1.54,14.927,10.657,0.006,198.314,1.123,g
2459269.6407527,2021-02-24.1386196,bl,1.46,14.903,10.655,0.006,198.601,1.137,g
2459270.7160593,2021-02-25.2140214,bt,1.56,15.066,10.674,0.006,195.228,1.010,g
2459270.7172802,2021-02-25.2152424,bt,1.54,15.046,10.625,0.005,204.295,0.966,g
2459270.7184821,2021-02-25.2164445,bt,1.52,15.027,10.622,0.006,204.882,1.030,g
2459271.6442075,2021-02-26.1422522,bl,1.59,14.570,10.685,0.009,193.249,1.616,g
2459271.6454362,2021-02-26.1434810,bl,1.5,14.572,10.669,0.009,195.921,1.535,g
2459271.6466745,2021-02-26.1447194,bl,1.47,14.553,10.629,0.009,203.568,1.630,g
2459274.6335185,2021-03-01.1318308,bH,1.48,14.969,10.659,0.005,197.904,0.995,g
2459274.6348293,2021-03-01.1331418,bH,1.54,14.964,10.642,0.006,201.087,1.204,g
2459274.6361416,2021-03-01.1344543,bH,1.48,14.938,10.619,0.006,205.178,1.072,g
2459275.6155913,2021-03-02.1139922,bl,1.5,14.933,10.650,0.006,199.606,1.081,g
2459275.6168246,2021-03-02.1152256,bl,1.51,14.914,10.635,0.006,202.213,1.157,g
2459275.6180507,2021-03-02.1164518,bl,1.51,14.925,10.642,0.006,201.043,1.061,g
2459275.7013100,2021-03-02.1997186,bt,1.58,15.058,10.662,0.005,197.322,0.934,g
2459275.7025413,2021-03-02.2009500,bt,1.58,15.039,10.629,0.005,203.360,0.904,g
2459275.7037527,2021-03-02.2021615,bt,1.50,15.055,10.645,0.005,200.525,0.937,g
2459276.6919254,2021-03-03.1904235,bt,1.51,15.090,10.613,0.006,206.590,1.004,g
2459276.6931423,2021-03-03.1916406,bt,1.54,15.094,10.626,0.005,204.025,0.908,g
2459276.6943523,2021-03-03.1928506,bt,1.54,15.099,10.637,0.005,201.963,0.881,g
2459277.6956001,2021-03-04.1941892,bt,1.54,15.046,10.617,0.005,205.591,0.879,g
2459277.6968417,2021-03-04.1954309,bt,1.53,15.060,10.651,0.005,199.296,0.900,g
2459277.6980505,2021-03-04.1966397,bt,1.57,15.056,10.609,0.005,207.181,0.902,g
2459278.6828595,2021-03-05.1815381,bt,1.73,15.037,10.599,0.005,208.976,0.876,g
2459278.6840773,2021-03-05.1827561,bt,1.71,15.048,10.612,0.005,206.711,0.896,g
2459278.6852937,2021-03-05.1839726,bt,1.71,15.046,10.601,0.005,208.713,0.897,g
2459279.6045440,2021-03-06.1033065,bl,1.48,14.930,10.627,0.006,203.876,1.121,g
2459279.6057565,2021-03-06.1045191,bl,1.46,14.934,10.627,0.006,203.846,1.147,g
2459279.6069783,2021-03-06.1057410,bl,1.46,14.934,10.634,0.006,202.640,1.097,g
2459280.6006525,2021-03-07.0995056,bH,1.45,15.009,10.625,0.005,204.185,0.960,g
2459280.6019497,2021-03-07.1008030,bH,1.42,14.997,10.605,0.005,207.941,0.970,g
2459280.6032328,2021-03-07.1020862,bH,1.46,15.001,10.621,0.005,204.973,0.925,g
2459281.3506453,2021-03-07.8495668,bp,1.53,15.006,10.622,0.005,204.647,0.993,g
2459281.3518718,2021-03-07.8507934,bp,1.50,99.990,99.990,99.990,99.990,99.990,g
2459281.3530878,2021-03-07.8520095,bp,1.55,15.010,10.634,0.005,202.438,0.996,g
2459282.5871249,2021-03-09.0861592,bH,1.42,15.031,10.644,0.005,200.721,0.928,g
2459282.5884056,2021-03-09.0874401,bH,1.38,15.021,10.627,0.005,203.753,0.916,g
2459282.5896966,2021-03-09.0887311,bH,1.43,15.008,10.606,0.005,207.888,0.913,g
2459283.5932577,2021-03-10.0923838,bl,1.53,14.938,10.624,0.006,204.479,1.161,g
2459283.5944861,2021-03-10.0936124,bl,1.45,14.944,10.635,0.006,202.278,1.158,g
2459283.5957137,2021-03-10.0948401,bl,1.51,14.907,10.564,0.006,215.880,1.193,g
2459284.5847407,2021-03-11.0839574,bl,1.52,14.934,10.615,0.006,206.071,1.187,g
2459284.5871774,2021-03-11.0863943,bl,1.55,14.935,10.626,0.006,203.849,1.195,g
2459286.5791022,2021-03-13.0785009,bH,1.37,15.020,10.641,0.005,201.208,0.947,g
2459286.5804015,2021-03-13.0798004,bH,1.41,15.010,10.625,0.005,204.271,0.983,g
2459286.5816995,2021-03-13.0810985,bH,1.42,15.025,10.646,0.005,200.344,0.913,g
2459287.5851014,2021-03-14.0845918,bl,1.48,14.900,10.636,0.006,202.160,1.087,g
2459287.5863252,2021-03-14.0858158,bl,1.52,14.893,10.630,0.006,203.262,1.087,g
2459287.5875659,2021-03-14.0870566,bl,1.51,14.877,10.599,0.006,208.974,1.136,g
2459290.5223792,2021-03-17.0221369,bl,1.44,14.992,10.649,0.006,199.707,1.055,g
2459290.5235999,2021-03-17.0233577,bl,1.47,14.987,10.647,0.006,199.974,1.078,g
2459290.5248357,2021-03-17.0245935,bl,1.49,14.993,10.653,0.006,198.987,1.071,g
2459291.5711497,2021-03-18.0710024,bH,1.45,14.989,10.637,0.005,201.909,0.922,g
2459291.5724355,2021-03-18.0722883,bH,1.49,14.979,10.619,0.005,205.287,0.939,g
2459291.5737257,2021-03-18.0735787,bH,1.51,14.976,10.619,0.005,205.384,0.942,g
2459292.6476596,2021-03-19.1476097,bt,1.5,15.083,10.644,0.005,200.663,0.907,g
2459292.6488755,2021-03-19.1488257,bt,1.51,15.066,10.629,0.005,203.447,0.916,g
2459292.6500841,2021-03-19.1500344,bt,1.47,15.077,10.651,0.005,199.370,0.888,g
2459293.5756829,2021-03-20.0757167,bH,1.42,14.952,10.624,0.005,204.335,1.001,g
2459293.5769823,2021-03-20.0770162,bH,1.42,14.954,10.633,0.005,202.537,0.986,g
2459293.5782585,2021-03-20.0782925,bH,1.37,14.961,10.649,0.006,199.828,1.040,g
2459294.5675133,2021-03-21.0676362,bH,1.57,14.958,10.653,0.005,199.018,0.912,g
2459294.5688185,2021-03-21.0689416,bH,1.49,14.956,10.654,0.005,198.825,1.018,g
2459294.5701110,2021-03-21.0702342,bH,1.51,14.928,10.605,0.005,207.892,1.012,g
2459295.3012321,2021-03-21.8014208,bp,1.54,15.010,10.625,0.005,204.045,0.991,g
2459295.3024599,2021-03-21.8026488,bp,1.52,15.003,10.610,0.005,207.094,0.943,g
2459295.3036781,2021-03-21.8038671,bp,1.55,15.025,10.640,0.005,201.302,0.993,g
2459295.4948949,2021-03-21.9951010,bl,1.56,14.978,10.642,0.006,201.065,1.076,g
2459295.4961085,2021-03-21.9963146,bl,1.6,14.970,10.623,0.006,204.442,1.181,g
2459295.4973315,2021-03-21.9975378,bl,1.56,14.971,10.634,0.006,202.661,1.159,g
2459297.5393032,2021-03-24.0396916,bH,1.45,15.003,10.623,0.005,204.697,0.898,g
2459297.5405958,2021-03-24.0409843,bH,1.42,15.007,10.624,0.005,204.258,0.943,g
2459297.5418978,2021-03-24.0422864,bH,1.45,14.994,10.624,0.006,204.464,1.042,g
2459298.3243868,2021-03-24.8248448,bp,1.59,14.926,10.655,0.006,198.545,1.127,g
2459298.3256146,2021-03-24.8260727,bp,1.61,14.929,10.631,0.006,203.021,1.107,g
2459298.3268470,2021-03-24.8273052,bp,1.61,14.939,10.618,0.006,205.431,1.121,g
2459299.5495614,2021-03-26.0501275,bl,1.51,14.914,10.626,0.006,204.053,1.127,g
2459299.5507957,2021-03-26.0513620,bl,1.46,14.905,10.624,0.006,204.385,1.141,g
2459299.5520433,2021-03-26.0526097,bl,1.45,14.898,10.620,0.006,205.035,1.150,g
2459300.5403218,2021-03-27.0409749,bH,1.38,14.980,10.637,0.005,201.954,0.986,g
2459300.5416282,2021-03-27.0422814,bH,1.43,14.975,10.638,0.005,201.828,0.972,g
2459300.5429255,2021-03-27.0435789,bH,1.4,14.967,10.647,0.005,200.186,0.955,g
2459301.5382320,2021-03-28.0389723,bl,1.56,14.928,10.657,0.006,198.250,1.099,g
2459301.5394536,2021-03-28.0401940,bl,1.52,14.897,10.647,0.006,200.039,1.194,g
2459301.5406789,2021-03-28.0414194,bl,1.51,14.888,10.631,0.006,202.960,1.181,g
2459301.6045642,2021-03-28.1053103,bt,1.65,14.969,10.631,0.006,203.029,1.070,g
2459301.6057975,2021-03-28.1065437,bt,1.68,14.969,10.625,0.006,204.312,1.093,g
2459301.6069880,2021-03-28.1077342,bt,1.67,14.975,10.636,0.005,202.131,0.996,g
2459303.6129089,2021-03-30.1138289,bt,2.28,14.706,10.597,0.008,209.422,1.452,g
2459303.6141307,2021-03-30.1150509,bt,2.27,14.738,10.616,0.008,205.957,1.531,g
2459303.6153538,2021-03-30.1162740,bt,2.25,14.674,10.620,0.009,205.200,1.635,g
2459304.5364150,2021-03-31.0374144,bH,1.5,14.925,10.590,0.005,210.787,1.051,g
2459304.5376977,2021-03-31.0386972,bH,1.47,14.958,10.621,0.006,204.930,1.051,g
2459304.5389788,2021-03-31.0399784,bH,1.41,14.954,10.670,0.006,195.900,1.089,g
2459305.5282621,2021-04-01.0293462,bl,1.48,14.934,10.614,0.006,206.256,1.127,g
2459305.5294991,2021-04-01.0305833,bl,1.54,14.922,10.621,0.006,204.935,1.081,g
2459305.5307346,2021-04-01.0318189,bl,1.51,14.918,10.620,0.006,205.158,1.101,g
2459306.6322303,2021-04-02.1334080,bt,1.7,13.949,10.693,0.022,191.880,3.881,g
2459307.5270833,2021-04-03.0283364,bH,1.47,14.540,10.587,0.012,211.498,2.252,g
2459307.5283590,2021-04-03.0296121,bH,1.53,13.969,10.678,0.022,194.415,4.024,g
2459307.5296413,2021-04-03.0308946,bH,1.42,99.990,99.990,99.990,99.990,99.990,g
2459309.2678701,2021-04-04.7692684,bp,1.49,15.020,10.623,0.005,204.634,0.963,g
2459309.2691085,2021-04-04.7705068,bp,1.46,15.009,10.609,0.005,207.156,0.985,g
2459309.2703467,2021-04-04.7717452,bp,1.5,15.012,10.614,0.005,206.249,1.006,g
2459309.5222374,2021-04-05.0236567,bH,1.52,14.982,10.599,0.005,209.251,0.927,g
2459309.5235434,2021-04-05.0249628,bH,1.52,15.000,10.640,0.005,201.390,0.947,g
2459309.5248250,2021-04-05.0262446,bH,1.55,14.973,10.592,0.005,210.637,0.944,g
2459312.5127578,2021-04-08.0144214,bH,1.41,15.010,10.681,0.005,194.004,0.909,g
2459312.5140341,2021-04-08.0156977,bH,1.42,15.008,10.672,0.005,195.418,0.949,g
2459312.5153168,2021-04-08.0169805,bH,1.38,14.978,10.665,0.005,196.825,0.946,g
2459313.5051234,2021-04-09.0068666,bH,1.46,15.096,10.789,0.005,175.532,0.843,g
2459313.5064013,2021-04-09.0081445,bH,1.46,15.104,10.814,0.005,171.536,0.812,g
2459313.5076804,2021-04-09.0094238,bH,1.44,15.101,10.810,0.005,172.267,0.818,g
2459314.2675395,2021-04-09.7693434,bp,1.56,15.040,10.729,0.005,185.583,0.934,g
2459314.2687740,2021-04-09.7705780,bp,1.59,15.042,10.739,0.005,183.963,0.865,g
2459314.2700074,2021-04-09.7718115,bp,1.57,15.053,10.765,0.005,179.555,0.895,g
2459315.2715893,2021-04-10.7734724,bp,1.62,14.983,10.701,0.006,190.465,1.024,g
2459315.2728849,2021-04-10.7747682,bp,1.59,14.990,10.721,0.005,187.061,0.976,g
2459316.2586590,2021-04-11.7606192,bp,1.5,14.871,10.641,0.006,201.150,1.239,g
2459316.2598798,2021-04-11.7618400,bp,1.48,14.656,10.643,0.016,200.749,2.994,g
2459316.2611217,2021-04-11.7630821,bp,1.49,14.845,10.632,0.007,202.798,1.425,g
2459316.5011366,2021-04-12.0031156,bH,1.43,15.019,10.646,0.005,200.196,0.879,g
2459316.5024125,2021-04-12.0043916,bH,1.45,15.022,10.652,0.005,199.162,0.854,g
2459316.5036952,2021-04-12.0056744,bH,1.43,15.006,10.624,0.005,204.420,0.949,g
2459318.2684987,2021-04-13.7706135,bp,1.65,14.899,10.643,0.006,200.882,1.112,g
2459318.2697216,2021-04-13.7718364,bp,1.7,14.893,10.630,0.006,203.268,1.177,g
2459318.2709414,2021-04-13.7730563,bp,1.66,14.891,10.635,0.006,202.178,1.120,g
2459320.4769580,2021-04-15.9792383,bH,1.48,15.017,10.611,0.005,206.887,0.936,g
2459320.4782377,2021-04-15.9805182,bH,1.47,15.019,10.621,0.005,204.941,0.866,g
2459320.4795247,2021-04-15.9818053,bH,1.47,15.012,10.608,0.005,207.487,0.941,g
2459321.5135173,2021-04-17.0158740,bl,1.52,13.859,10.816,0.023,171.246,3.612,g
2459321.5147531,2021-04-17.0171099,bl,1.46,13.398,10.555,0.020,217.717,4.013,g
2459321.5159687,2021-04-17.0183255,bl,1.57,13.341,10.732,0.041,184.884,6.960,g
2459322.4674862,2021-04-17.9699121,bH,1.76,14.967,10.652,0.006,199.190,1.033,g
2459322.4687756,2021-04-17.9712016,bH,1.78,14.988,10.643,0.006,200.855,1.029,g
2459322.4700613,2021-04-17.9724874,bH,1.75,14.986,10.623,0.005,204.506,0.907,g
2459322.4886089,2021-04-17.9910363,bH,1.6,14.983,10.625,0.005,204.092,0.955,g
2459322.4898788,2021-04-17.9923064,bH,1.57,14.990,10.631,0.005,203.039,0.945,g
2459322.4911546,2021-04-17.9935823,bH,1.49,14.989,10.627,0.005,203.856,0.942,g
2459323.2263668,2021-04-18.7288472,bp,2.02,14.887,10.644,0.006,200.737,1.201,g
2459323.2275842,2021-04-18.7300647,bp,1.59,14.894,10.611,0.006,206.768,1.115,g
2459323.2288051,2021-04-18.7312857,bp,1.65,14.892,10.607,0.006,207.671,1.148,g
2459323.4705707,2021-04-18.9730685,bH,1.77,14.979,10.632,0.005,202.790,1.007,g
2459323.4913827,2021-04-18.9938820,bH,1.48,14.981,10.622,0.005,204.749,1.003,g
2459323.4926560,2021-04-18.9951554,bH,1.45,14.978,10.621,0.006,204.973,1.045,g
2459323.4939177,2021-04-18.9964172,bH,1.42,14.980,10.626,0.005,203.920,1.011,g
2459325.4699467,2021-04-20.9725849,bH,1.51,14.969,10.629,0.005,203.323,0.978,g
2459325.4712205,2021-04-20.9738588,bH,1.45,14.980,10.630,0.005,203.219,0.983,g
2459325.4769931,2021-04-20.9796318,bl,1.63,14.903,10.624,0.006,204.445,1.241,g
2459325.4782008,2021-04-20.9808396,bl,1.59,14.899,10.623,0.006,204.399,1.210,g
2459325.4794201,2021-04-20.9820590,bl,1.56,14.909,10.633,0.006,202.784,1.188,g
2459326.4605297,2021-04-21.9632360,bH,2.11,14.786,10.698,0.007,190.875,1.240,g
2459326.4617878,2021-04-21.9644941,bH,2.05,14.867,10.641,0.006,201.223,1.181,g
2459326.4630552,2021-04-21.9657617,bH,2.03,14.906,10.657,0.006,198.262,1.214,g
2459328.4629794,2021-04-23.9658201,bH,2.17,14.907,10.670,0.005,195.794,1.017,g
2459328.4642513,2021-04-23.9670921,bH,2.15,14.895,10.671,0.006,195.631,1.096,g
2459328.4655314,2021-04-23.9683723,bH,2.01,14.941,10.654,0.005,198.924,0.985,g
2459330.4601843,2021-04-25.9631549,bl,2.04,14.827,10.657,0.007,198.240,1.289,g
2459331.2073885,2021-04-26.7104065,bp,2.05,14.814,10.621,0.006,204.921,1.134,g
2459331.2093544,2021-04-26.7123726,bp,2.05,14.814,10.631,0.006,202.996,1.123,g
2459332.4575914,2021-04-27.9606875,bl,2.2,14.801,10.658,0.008,198.111,1.437,g
2459332.4588215,2021-04-27.9619177,bl,2.15,14.805,10.647,0.008,200.052,1.451,g
2459406.9414559,2021-07-11.4453191,bl,1.54,14.089,10.707,0.018,189.490,3.122,g
2459406.9426957,2021-07-11.4465588,bl,1.53,14.400,10.691,0.014,192.159,2.573,g
2459406.9439351,2021-07-11.4477981,bl,2.01,14.637,10.714,0.008,188.115,1.438,g
2459408.9353989,2021-07-13.4391729,bH,1.68,14.899,10.681,0.006,193.819,1.095,g
2459408.9366860,2021-07-13.4404599,bH,1.71,14.909,10.699,0.005,190.792,1.030,g
2459408.9379795,2021-07-13.4417534,bH,1.66,14.898,10.701,0.007,190.262,1.118,g
2459410.9426234,2021-07-15.4463024,bl,1.54,14.810,10.667,0.007,196.548,1.263,g
2459411.6825966,2021-07-16.1862392,bp,1.59,14.946,10.676,0.005,194.768,0.987,g
2459411.6838465,2021-07-16.1874891,bp,1.52,14.957,10.667,0.005,196.446,0.968,g
2459411.6851025,2021-07-16.1887450,bp,1.59,14.923,10.663,0.005,197.197,1.012,g
2459412.9330626,2021-07-17.4366423,bH,1.54,14.928,10.626,0.006,203.889,1.051,g
2459412.9343624,2021-07-17.4379420,bH,1.54,14.944,10.655,0.005,198.662,0.989,g
2459412.9356708,2021-07-17.4392504,bH,1.56,14.936,10.657,0.006,198.322,1.072,g
2459413.9257248,2021-07-18.4292532,bH,1.4,14.932,10.631,0.006,203.067,1.060,g
2459413.9270406,2021-07-18.4305689,bH,1.44,14.906,10.612,0.005,206.575,1.044,g
2459413.9283348,2021-07-18.4318631,bH,1.43,14.889,10.608,0.006,207.420,1.207,g
2459414.9260610,2021-07-19.4295364,bH,1.44,14.935,10.636,0.005,202.038,0.989,g
2459414.9273612,2021-07-19.4308365,bH,1.44,14.961,10.681,0.006,194.064,1.023,g
2459414.9286673,2021-07-19.4321426,bH,1.48,14.960,10.666,0.005,196.591,0.994,g
2459416.9259062,2021-07-21.4292722,bl,1.55,14.871,10.643,0.006,200.911,1.196,g
2459416.9271445,2021-07-21.4305105,bl,1.46,14.872,10.659,0.005,197.808,1.011,g
2459416.9283899,2021-07-21.4317557,bl,1.49,14.876,10.664,0.005,196.945,1.018,g
2459417.9374981,2021-07-22.4408069,bl,2.29,14.793,10.636,0.006,202.023,1.148,g
2459417.9387366,2021-07-22.4420453,bl,2.34,14.750,10.669,0.007,196.226,1.326,g
2459417.9399818,2021-07-22.4432905,bl,2.0,14.813,10.661,0.006,197.478,1.087,g
2459420.6773955,2021-07-25.1805436,bp,1.56,14.890,10.656,0.005,198.282,1.045,g
2459420.6787160,2021-07-25.1818641,bp,1.63,14.870,10.658,0.006,197.988,1.105,g
2459420.6799682,2021-07-25.1831163,bp,1.66,14.897,10.665,0.005,196.864,0.986,g
2459421.6559740,2021-07-26.1590628,bp,1.68,14.047,10.697,0.013,191.252,2.324,g
2459421.6573250,2021-07-26.1604137,bp,1.57,14.239,10.730,0.012,185.250,1.950,g
2459421.6586330,2021-07-26.1617216,bp,1.66,14.263,10.722,0.011,186.835,1.852,g
2459422.9379020,2021-07-27.4409113,bH,1.62,14.931,10.667,0.005,196.613,1.020,g
2459422.9392097,2021-07-27.4422189,bH,1.49,14.894,10.652,0.006,199.102,1.168,g
2459422.9405099,2021-07-27.4435191,bH,1.71,14.854,10.667,0.006,196.491,1.045,g
2459425.6654392,2021-07-30.1682736,bp,1.54,15.003,10.665,0.005,196.765,0.918,g
2459425.6666777,2021-07-30.1695120,bp,1.54,15.015,10.695,0.005,191.441,0.946,g
2459425.6679219,2021-07-30.1707561,bp,1.5,14.983,10.644,0.005,200.524,0.969,g
2459427.6674430,2021-08-01.1701441,bp,1.79,14.186,10.665,0.012,196.793,2.222,g
2459430.1276933,2021-08-03.6302251,bD,1.48,15.181,10.701,0.005,190.420,0.858,g
2459430.1289416,2021-08-03.6314733,bD,1.5,15.177,10.753,0.005,181.344,0.872,g
2459430.9372123,2021-08-04.4396871,bH,1.51,14.943,10.637,0.006,202.046,1.061,g
2459430.9385159,2021-08-04.4409906,bH,1.54,14.896,10.634,0.006,202.456,1.079,g
2459430.9398110,2021-08-04.4422856,bH,1.48,14.842,10.639,0.007,201.684,1.236,g
2459431.1274271,2021-08-04.6298884,bD,1.63,15.155,10.666,0.005,196.563,0.926,g
2459431.1286972,2021-08-04.6311585,bD,1.49,15.117,10.661,0.005,197.405,0.910,g
2459431.9258469,2021-08-05.4282512,bH,1.49,14.989,10.636,0.005,202.056,0.926,g
2459431.9271349,2021-08-05.4295392,bH,1.44,14.984,10.608,0.005,207.412,0.964,g
2459431.9284240,2021-08-05.4308282,bH,1.42,14.999,10.640,0.005,201.261,0.933,g
2459433.1226598,2021-08-06.6249777,bD,1.49,15.199,10.651,0.004,199.437,0.854,g
2459433.1239054,2021-08-06.6262233,bD,1.54,15.209,10.658,0.004,198.074,0.846,g
2459433.1251720,2021-08-06.6274897,bD,1.54,15.201,10.651,0.005,199.281,0.871,g
2459434.1183915,2021-08-07.6206365,bD,1.45,15.205,10.644,0.004,200.813,0.848,g
2459434.1196568,2021-08-07.6219018,bD,1.5,15.215,10.656,0.004,198.458,0.807,g
2459434.1209174,2021-08-07.6231623,bD,1.48,15.212,10.660,0.004,197.761,0.821,g
2459435.1141976,2021-08-08.6163688,bD,1.53,15.194,10.636,0.004,202.170,0.857,g
2459435.1154512,2021-08-08.6176223,bD,1.49,15.194,10.638,0.004,201.774,0.825,g
2459435.1167154,2021-08-08.6188865,bD,1.51,15.203,10.643,0.004,200.772,0.853,g
2459435.8958354,2021-08-09.3979481,bH,1.52,14.972,10.600,0.005,209.001,0.946,g
2459435.8971362,2021-08-09.3992488,bH,1.52,14.978,10.614,0.005,206.271,1.011,g
2459436.8886052,2021-08-10.3906429,bH,1.47,14.971,10.607,0.005,207.692,1.030,g
2459436.8899089,2021-08-10.3919464,bH,1.45,14.987,10.636,0.006,202.124,1.017,g
2459436.8912015,2021-08-10.3932390,bH,1.45,14.978,10.615,0.005,206.008,0.993,g
2459437.8794411,2021-08-11.3814031,bH,1.5,14.982,10.650,0.005,199.583,0.964,g
2459437.8807299,2021-08-11.3826918,bH,1.51,14.993,10.666,0.005,196.573,0.987,g
2459437.8820121,2021-08-11.3839739,bH,1.49,14.986,10.654,0.005,198.955,0.934,g
2459439.8856271,2021-08-13.3874334,bH,1.51,14.997,10.657,0.005,198.210,0.988,g
2459439.8869203,2021-08-13.3887265,bH,1.48,14.997,10.655,0.005,198.489,0.906,g
2459439.8882216,2021-08-13.3900277,bH,1.52,14.981,10.618,0.005,205.482,0.954,g
2459442.8709516,2021-08-16.3725209,bH,1.46,14.974,10.618,0.005,205.582,0.976,g
2459442.8722450,2021-08-16.3738142,bH,1.45,14.978,10.622,0.005,204.714,0.955,g
2459442.8735337,2021-08-16.3751028,bH,1.51,14.970,10.601,0.005,208.682,0.960,g
2459443.8747840,2021-08-17.3762723,bl,1.5,14.925,10.620,0.005,205.083,1.028,g
2459443.8760340,2021-08-17.3775221,bl,1.49,14.928,10.625,0.006,204.043,1.074,g
2459443.8772844,2021-08-17.3787725,bl,1.56,14.935,10.630,0.005,203.316,1.019,g
2459445.1220524,2021-08-18.6234390,bD,1.64,15.233,10.644,0.004,200.581,0.770,g
2459445.1233246,2021-08-18.6247111,bD,1.71,15.242,10.662,0.004,197.296,0.762,g
2459445.1245571,2021-08-18.6259435,bD,1.65,15.236,10.652,0.004,199.097,0.763,g
2459447.8591968,2021-08-21.3603571,bH,1.54,14.914,10.629,0.006,203.465,1.160,g
2459448.8596139,2021-08-22.3606903,bH,1.69,14.867,10.631,0.006,203.079,1.248,g
2459453.0765851,2021-08-26.5773025,bD,1.57,15.204,10.666,0.004,196.493,0.851,g
2459453.0778408,2021-08-26.5785582,bD,1.55,15.199,10.651,0.004,199.333,0.829,g
2459453.0790970,2021-08-26.5798142,bD,1.54,15.192,10.650,0.004,199.699,0.815,g
2459453.8717930,2021-08-27.3724418,bH,1.46,14.986,10.623,0.005,204.521,0.977,g
2459453.8730822,2021-08-27.3737309,bH,1.5,14.996,10.634,0.005,202.401,0.972,g
2459453.8743794,2021-08-27.3750280,bH,1.51,14.991,10.626,0.005,203.940,0.926,g
2459455.0802814,2021-08-28.5808254,bD,1.47,15.214,10.651,0.004,199.300,0.808,g
2459455.0815529,2021-08-28.5820968,bD,1.51,15.206,10.650,0.004,199.470,0.757,g
2459455.0828203,2021-08-28.5833641,bD,1.47,15.213,10.647,0.004,200.066,0.815,g
2459455.8349925,2021-08-29.3354708,bH,1.5,14.969,10.635,0.005,202.243,1.017,g
2459455.8362877,2021-08-29.3367659,bH,1.53,14.970,10.627,0.005,203.713,1.007,g
2459455.8375902,2021-08-29.3380683,bH,1.52,14.968,10.640,0.005,201.381,0.994,g
2459456.0724394,2021-08-29.5728969,bD,1.68,15.217,10.645,0.004,200.437,0.803,g
2459456.0737001,2021-08-29.5741576,bD,1.68,15.220,10.646,0.004,200.360,0.833,g
2459456.0749703,2021-08-29.5754276,bD,1.65,15.230,10.656,0.005,198.559,0.856,g
2459456.5787586,2021-08-30.0791719,bp,1.64,14.891,10.614,0.005,206.158,1.030,g
2459456.5802059,2021-08-30.0806191,bp,1.62,14.897,10.635,0.005,202.414,0.988,g
2459456.8357448,2021-08-30.3361356,bH,1.45,14.964,10.620,0.005,205.157,1.024,g
2459456.8370447,2021-08-30.3374354,bH,1.4,14.985,10.646,0.005,200.354,0.958,g
2459456.8383408,2021-08-30.3387314,bH,1.47,14.982,10.638,0.005,201.642,1.002,g
2459461.9895630,2021-09-04.4894980,bt,1.51,14.944,10.649,0.006,199.767,1.108,g
2459462.9191850,2021-09-05.4190372,bt,1.55,14.899,10.609,0.006,207.226,1.170,g
2459462.9204104,2021-09-05.4202624,bt,1.54,14.905,10.613,0.006,206.478,1.082,g
2459462.9216523,2021-09-05.4215042,bt,1.54,14.903,10.600,0.006,208.964,1.110,g
2459463.8246468,2021-09-06.3244180,bH,1.43,14.818,10.588,0.008,211.185,1.532,g
2459465.8127014,2021-09-08.3122944,bl,1.64,14.871,10.638,0.005,201.746,1.072,g
2459465.8139400,2021-09-08.3135328,bl,1.77,14.871,10.636,0.006,202.061,1.113,g
2459465.8151748,2021-09-08.3147676,bl,1.62,14.868,10.626,0.006,204.008,1.091,g
2459466.5686224,2021-09-09.0681475,bp,1.58,15.004,10.651,0.005,199.299,0.932,g
2459466.5698642,2021-09-09.0693892,bp,1.57,14.999,10.638,0.005,201.804,0.921,g
2459466.5710911,2021-09-09.0706159,bp,1.53,14.995,10.639,0.005,201.610,0.965,g
2459467.5663844,2021-09-10.0658198,bp,1.63,14.584,10.662,0.007,197.277,1.341,g
2459468.0423267,2021-09-10.5417193,bD,1.54,15.226,10.658,0.004,198.093,0.799,g
2459468.0436016,2021-09-10.5429941,bD,1.53,15.221,10.648,0.004,199.760,0.819,g
2459468.0448624,2021-09-10.5442548,bD,1.5,15.224,10.652,0.004,199.137,0.810,g
2459469.9115130,2021-09-12.4107374,bt,1.48,14.958,10.634,0.006,202.511,1.045,g
2459469.9127528,2021-09-12.4119772,bt,1.48,14.942,10.597,0.005,209.610,0.972,g
2459469.9139782,2021-09-12.4132024,bt,1.51,14.957,10.614,0.005,206.393,1.014,g
2459469.9640638,2021-09-12.4632835,bt,1.46,15.029,10.612,0.005,206.686,0.940,g
2459469.9653060,2021-09-12.4645256,bt,1.52,15.029,10.611,0.005,206.814,0.878,g
2459469.9665349,2021-09-12.4657543,bt,1.46,15.036,10.622,0.005,204.818,0.948,g
2459470.8001902,2021-09-13.2993346,bH,1.46,14.983,10.658,0.005,198.051,0.928,g
2459470.8015025,2021-09-13.3006469,bH,1.45,14.963,10.619,0.005,205.212,1.019,g
2459470.8027719,2021-09-13.3019161,bH,1.45,14.958,10.606,0.005,207.800,0.994,g
2459471.7973947,2021-09-14.2964494,bl,1.54,14.908,10.617,0.006,205.548,1.079,g
2459471.7986366,2021-09-14.2976912,bl,1.5,14.911,10.618,0.006,205.597,1.092,g
2459471.7998868,2021-09-14.2989413,bl,1.51,14.915,10.628,0.006,203.509,1.098,g
2459472.9247819,2021-09-15.4237352,bt,1.55,14.965,10.612,0.006,206.756,1.055,g
2459472.9260271,2021-09-15.4249803,bt,1.55,14.995,10.656,0.005,198.391,0.967,g
2459472.9272643,2021-09-15.4262174,bt,1.57,14.942,10.618,0.008,205.491,1.434,g
2459474.7701161,2021-09-17.2689037,bl,1.49,14.849,10.651,0.007,199.387,1.146,g
2459474.7713557,2021-09-17.2701432,bl,1.51,14.854,10.634,0.006,202.430,1.164,g
2459474.7725801,2021-09-17.2713675,bl,1.5,14.878,10.642,0.006,200.952,1.081,g
2459475.8985001,2021-09-18.3971865,bH,1.4,15.040,10.626,0.005,204.110,0.908,g
2459475.8998204,2021-09-18.3985067,bH,1.4,15.042,10.635,0.005,202.229,0.903,g
2459475.9011304,2021-09-18.3998166,bH,1.39,15.031,10.616,0.005,205.920,0.917,g
2459477.7650889,2021-09-20.2636085,bl,1.57,14.818,10.659,0.007,197.806,1.233,g
2459477.7663260,2021-09-20.2648455,bl,1.49,14.842,10.655,0.007,198.694,1.179,g
2459477.7675725,2021-09-20.2660919,bl,1.51,14.837,10.649,0.007,199.873,1.171,g
2459479.5110880,2021-09-22.0094521,bp,1.57,14.872,10.636,0.006,202.256,1.084,g
2459479.5123345,2021-09-22.0106985,bp,1.59,14.907,10.665,0.006,196.858,1.059,g
2459479.5135740,2021-09-22.0119379,bp,1.61,14.906,10.665,0.006,196.735,1.067,g
2459480.7538169,2021-09-23.2520708,bl,1.53,14.836,10.656,0.007,198.419,1.164,g
2459480.7550775,2021-09-23.2533313,bl,1.49,14.822,10.648,0.007,199.966,1.162,g
2459480.7563321,2021-09-23.2545858,bl,1.54,14.863,10.654,0.007,198.646,1.167,g
2459482.0875904,2021-09-24.5857264,bD,1.69,15.276,10.690,0.004,192.268,0.757,g
2459482.0888413,2021-09-24.5869771,bD,1.69,15.271,10.682,0.004,193.659,0.765,g
2459482.0901112,2021-09-24.5882469,bD,1.65,15.281,10.694,0.004,191.732,0.752,g
2459482.6391489,2021-09-25.1372362,bp,1.51,14.933,10.637,0.005,201.961,1.002,g
2459482.6404553,2021-09-25.1385425,bp,1.47,14.929,10.660,0.005,197.671,1.026,g
2459482.6417079,2021-09-25.1397951,bp,1.49,14.839,10.635,0.006,202.433,1.078,g
2459483.5677591,2021-09-26.0657649,bp,1.68,14.885,10.644,0.005,200.545,1.062,g
2459483.5690020,2021-09-26.0670077,bp,1.55,14.859,10.626,0.005,204.028,1.055,g
2459483.5702531,2021-09-26.0682587,bp,1.51,14.863,10.645,0.006,200.554,1.131,g
2459484.7564412,2021-09-27.2543431,bH,1.47,14.952,10.632,0.006,202.911,1.051,g
2459484.7577402,2021-09-27.2556420,bH,1.48,14.961,10.636,0.006,202.216,1.053,g
2459484.7590515,2021-09-27.2569531,bH,1.41,14.960,10.613,0.006,206.416,1.127,g
2459485.8615472,2021-09-28.3593528,bl,1.52,14.961,10.631,0.005,203.015,1.030,g
2459485.8627886,2021-09-28.3605940,bl,1.57,14.965,10.629,0.005,203.409,1.022,g
2459485.8640329,2021-09-28.3618383,bl,1.56,14.728,10.641,0.007,201.167,1.222,g
2459486.8669529,2021-09-29.3646714,bt,1.44,15.039,10.677,0.005,194.764,0.932,g
2459486.8681914,2021-09-29.3659098,bt,1.51,14.996,10.611,0.006,206.877,1.035,g
2459486.8694334,2021-09-29.3671517,bt,1.5,15.003,10.625,0.005,204.219,0.987,g
2459489.0455211,2021-10-01.5430524,bD,1.59,15.254,10.649,0.004,199.728,0.774,g
2459489.0467862,2021-10-01.5443173,bD,1.62,15.259,10.652,0.004,199.106,0.772,g
2459489.0480514,2021-10-01.5455824,bD,1.67,15.259,10.650,0.004,199.491,0.743,g
2459490.9888728,2021-10-03.4862389,bt,1.6,14.656,10.617,0.006,205.781,1.183,g
2459490.9901148,2021-10-03.4874808,bt,1.58,14.678,10.652,0.006,199.149,1.198,g
2459490.9913556,2021-10-03.4887215,bt,1.57,14.518,10.625,0.007,204.312,1.371,g
2459491.7332198,2021-10-04.2305233,bH,1.52,14.974,10.680,0.005,194.092,0.978,g
2459491.7345236,2021-10-04.2318270,bH,1.49,14.961,10.648,0.005,199.818,0.982,g
2459491.7358163,2021-10-04.2331196,bH,1.49,14.969,10.662,0.005,197.285,0.955,g
2459492.8184706,2021-10-05.3156831,bl,1.45,14.967,10.633,0.005,202.683,1.023,g
2459492.8197170,2021-10-05.3169295,bl,1.46,14.967,10.637,0.006,201.917,1.026,g
2459492.8209661,2021-10-05.3181784,bl,1.51,14.960,10.627,0.005,203.717,0.985,g
2459494.9693352,2021-10-07.4663698,bD,1.71,15.203,10.639,0.004,201.563,0.816,g
2459494.9705995,2021-10-07.4676339,bD,1.63,15.215,10.650,0.004,199.631,0.811,g
2459494.9718496,2021-10-07.4688840,bD,2.0,15.193,10.656,0.004,198.292,0.832,g
2459496.8713525,2021-10-09.3682320,bl,1.57,14.958,10.627,0.006,203.785,1.092,g
2459496.8725910,2021-10-09.3694703,bl,1.59,14.960,10.633,0.006,202.630,1.083,g
2459496.8738303,2021-10-09.3707096,bl,1.55,14.959,10.629,0.006,203.361,1.121,g
2459497.9991083,2021-10-10.4958971,bt,1.56,15.100,10.656,0.005,198.477,0.888,g
2459498.0003569,2021-10-10.4971456,bt,1.54,15.100,10.625,0.005,204.129,0.951,g
2459498.0015986,2021-10-10.4983871,bt,1.46,15.082,10.592,0.005,210.456,0.987,g
2459498.4723633,2021-10-10.9691144,bp,1.54,13.937,10.645,0.012,200.374,2.355,g
2459498.4736052,2021-10-10.9703561,bp,1.54,14.139,10.636,0.017,202.056,3.147,g
2459498.4748565,2021-10-10.9716073,bp,1.58,14.326,10.673,0.010,195.289,1.660,g
2459498.5079973,2021-10-11.0047455,bp,1.58,14.981,10.640,0.005,201.374,0.911,g
2459498.5092521,2021-10-11.0060002,bp,1.57,14.989,10.632,0.005,202.944,0.913,g
2459498.5105070,2021-10-11.007255,bp,1.57,15.007,10.627,0.005,203.928,0.898,g
2459498.7548219,2021-10-11.2515504,bH,1.42,14.980,10.620,0.006,205.130,1.046,g
2459498.7561210,2021-10-11.2528494,bH,1.44,14.989,10.647,0.005,200.163,0.975,g
2459498.7574250,2021-10-11.2541533,bH,1.41,14.916,10.596,0.005,209.677,1.026,g
2459499.8415573,2021-10-12.3381998,bl,1.51,14.896,10.621,0.005,205.084,1.050,g
2459500.5614580,2021-10-13.0580442,bp,1.99,99.990,99.990,99.990,99.990,99.990,g
2459501.9762984,2021-10-14.4727748,bD,1.48,15.204,10.649,0.004,199.654,0.803,g
2459501.9775544,2021-10-14.4740307,bD,1.59,15.198,10.656,0.004,198.434,0.806,g
2459501.9788271,2021-10-14.4753033,bD,1.55,15.201,10.657,0.004,198.190,0.837,g
2459502.8040783,2021-10-15.3004912,bl,1.46,14.965,10.632,0.005,202.872,1.020,g
2459502.8053251,2021-10-15.3017380,bl,1.47,14.967,10.625,0.006,204.365,1.032,g
2459502.8065658,2021-10-15.3029786,bl,1.5,14.960,10.621,0.006,204.946,1.070,g
2459503.7858038,2021-10-16.2821423,bl,1.61,14.935,10.621,0.006,204.945,1.123,g
2459503.7870420,2021-10-16.2833804,bl,1.62,14.935,10.622,0.006,204.757,1.071,g
2459503.7882868,2021-10-16.2846250,bl,1.6,14.942,10.626,0.006,204.124,1.163,g
2459503.8009447,2021-10-16.2972820,bl,1.69,14.936,10.621,0.006,204.975,1.126,g
2459503.8021887,2021-10-16.2985259,bl,1.72,14.940,10.622,0.006,204.790,1.128,g
2459503.8034282,2021-10-16.2997653,bl,1.67,14.935,10.628,0.006,203.504,1.151,g
2459505.6922298,2021-10-18.1884260,bH,1.49,14.904,10.642,0.006,201.055,1.159,g
2459505.6935265,2021-10-18.1897226,bH,1.45,14.866,10.615,0.006,206.068,1.129,g
2459505.6948254,2021-10-18.1910215,bH,1.42,14.886,10.654,0.006,198.670,1.094,g
2459505.8766265,2021-10-18.3728090,bl,1.47,14.967,10.626,0.006,204.102,1.060,g
2459505.8778613,2021-10-18.3740437,bl,1.48,14.969,10.633,0.006,202.607,1.061,g
2459505.8791043,2021-10-18.3752867,bl,1.52,14.933,10.556,0.006,217.524,1.097,g
2459506.9158526,2021-10-19.4119591,bt,1.54,15.082,10.632,0.005,202.779,0.949,g
2459506.9170784,2021-10-19.4131848,bt,1.53,15.083,10.620,0.005,205.222,0.901,g
2459506.9183166,2021-10-19.4144229,bt,1.5,15.095,10.660,0.006,197.708,0.970,g
2459506.9652636,2021-10-19.4613665,bt,1.5,15.095,10.632,0.005,202.806,0.913,g
2459506.9665090,2021-10-19.4626118,bt,1.46,15.082,10.615,0.006,206.008,1.026,g
2459506.9677403,2021-10-19.4638430,bt,1.47,15.079,10.608,0.005,207.362,0.907,g
2459509.1208942,2021-10-21.6168426,bD,2.15,15.155,10.662,0.005,197.289,0.956,g
2459509.1221562,2021-10-21.6181046,bD,1.77,15.226,10.653,0.004,198.936,0.848,g
2459509.1234239,2021-10-21.6193721,bD,1.81,15.196,10.645,0.004,200.528,0.850,g
2459511.6930275,2021-10-24.1887976,bl,1.51,14.882,10.631,0.006,202.907,1.135,g
2459511.6942722,2021-10-24.1900422,bl,1.53,14.859,10.633,0.006,202.554,1.130,g
2459511.6955228,2021-10-24.1912927,bl,1.54,14.869,10.624,0.006,204.522,1.158,g
2459512.6738728,2021-10-25.1695767,bl,1.49,14.817,10.613,0.007,206.441,1.178,g
2459512.6751020,2021-10-25.1708057,bl,1.47,14.841,10.647,0.007,200.066,1.139,g
2459512.6763445,2021-10-25.1720481,bl,1.52,14.837,10.622,0.006,204.770,1.175,g
2459513.4432163,2021-10-25.9388689,bp,1.56,14.831,10.615,0.005,206.003,1.097,g
2459513.4444888,2021-10-25.9401413,bp,1.58,14.836,10.621,0.006,205.033,1.162,g
2459513.4457541,2021-10-25.9414065,bp,1.6,14.866,10.637,0.005,202.028,1.061,g
2459514.9753474,2021-10-27.4708996,bD,1.55,15.259,10.648,0.004,199.821,0.739,g
2459514.9766142,2021-10-27.4721664,bD,1.6,15.271,10.675,0.004,195.082,0.741,g
2459514.9778670,2021-10-27.4734191,bD,1.55,15.280,10.683,0.004,193.589,0.709,g
2459516.9093979,2021-10-29.4048273,bD,1.56,15.181,10.649,0.006,199.725,1.055,g
2459516.9106504,2021-10-29.4060797,bD,1.6,15.216,10.667,0.004,196.462,0.810,g
2459516.9119097,2021-10-29.4073389,bD,1.57,15.123,10.672,0.007,195.526,1.173,g
2459516.9865048,2021-10-29.4819293,bD,1.5,13.927,10.666,0.013,196.596,2.266,g
2459516.9877548,2021-10-29.4831792,bD,1.43,14.035,10.678,0.012,194.474,2.058,g
2459516.9890200,2021-10-29.4844443,bD,1.47,13.874,10.672,0.013,195.387,2.371,g
2459517.7085929,2021-10-30.2039727,bH,1.45,14.997,10.634,0.005,202.464,0.965,g
2459517.7098756,2021-10-30.2052553,bH,1.48,14.998,10.636,0.005,202.084,0.934,g
2459517.7111724,2021-10-30.2065520,bH,1.44,14.994,10.634,0.005,202.503,0.961,g
2459519.0559147,2021-10-31.5512125,bD,1.49,15.274,10.671,0.004,195.732,0.753,g
2459519.0571729,2021-10-31.5524706,bD,1.47,15.270,10.667,0.004,196.613,0.740,g
2459519.0584351,2021-10-31.5537328,bD,1.5,15.266,10.654,0.004,198.767,0.708,g
2459519.7782440,2021-11-01.2734989,bt,1.49,15.039,10.635,0.005,202.253,0.965,g
2459519.7794820,2021-11-01.2747369,bt,1.49,15.047,10.644,0.005,200.629,0.966,g
2459519.7807291,2021-11-01.2759839,bt,1.5,15.036,10.614,0.005,206.343,0.937,g
2459521.9854551,2021-11-03.4805823,bD,1.47,15.287,10.664,0.004,196.855,0.738,g
2459521.9867025,2021-11-03.4818297,bD,1.51,15.279,10.649,0.004,199.656,0.712,g
2459521.9879712,2021-11-03.4830983,bD,1.53,15.277,10.643,0.004,200.924,0.711,g
2459524.0581936,2021-11-05.5532065,bD,2.05,15.219,10.653,0.005,198.938,0.945,g
2459524.0594661,2021-11-05.5544789,bD,2.1,15.212,10.654,0.005,198.807,0.943,g
2459524.0607453,2021-11-05.5557580,bD,2.09,15.211,10.651,0.005,199.293,0.962,g
2459526.0265328,2021-11-07.5214422,bD,1.53,15.275,10.636,0.004,202.033,0.715,g
2459526.0277933,2021-11-07.5227026,bD,1.56,15.289,10.666,0.004,196.596,0.705,g
2459526.0290552,2021-11-07.5239645,bD,1.54,15.288,10.674,0.004,195.285,0.678,g
2459526.0458250,2021-11-07.5407334,bD,1.57,15.297,10.679,0.004,194.338,0.722,g
2459526.0470865,2021-11-07.5419948,bD,1.59,15.276,10.645,0.004,200.512,0.723,g
2459526.0483515,2021-11-07.5432597,bD,1.52,15.270,10.633,0.004,202.646,0.744,g
2459526.6447059,2021-11-08.1395839,bl,1.52,14.885,10.606,0.006,207.897,1.113,g
2459526.6459466,2021-11-08.1408245,bl,1.52,14.882,10.605,0.006,207.979,1.114,g
2459526.6471813,2021-11-08.1420591,bl,1.54,14.891,10.613,0.006,206.564,1.144,g
2459527.0303339,2021-11-08.5251924,bD,1.47,15.280,10.644,0.004,200.798,0.738,g
2459527.0315874,2021-11-08.5264459,bD,1.5,15.276,10.637,0.004,201.895,0.746,g
2459527.0328337,2021-11-08.5276921,bD,1.5,15.272,10.632,0.004,202.775,0.727,g
2459528.4254764,2021-11-09.9202665,bp,1.5,15.007,10.631,0.005,203.081,0.912,g
2459528.4267227,2021-11-09.9215128,bp,1.5,14.979,10.575,0.005,213.824,0.918,g
2459528.4279624,2021-11-09.9227524,bp,1.52,15.005,10.630,0.005,203.188,0.940,g
2459529.6297074,2021-11-11.1244406,bH,1.43,14.922,10.612,0.006,206.809,1.130,g
2459529.6310083,2021-11-11.1257414,bH,1.41,14.921,10.602,0.005,208.573,1.047,g
2459529.6323022,2021-11-11.1270353,bH,1.42,14.930,10.620,0.005,205.023,1.025,g
2459530.4040094,2021-11-11.8987070,bp,1.48,14.975,10.623,0.005,204.612,0.964,g
2459530.4052590,2021-11-11.8999565,bp,1.47,14.977,10.632,0.005,202.868,0.938,g
2459530.4065001,2021-11-11.9011975,bp,1.48,14.976,10.619,0.005,205.342,0.969,g
2459531.3823479,2021-11-12.8770018,bp,1.65,14.729,10.626,0.006,204.040,1.119,g
2459531.3835851,2021-11-12.8782389,bp,1.58,14.791,10.625,0.006,204.236,1.100,g
2459531.3848363,2021-11-12.87949,bp,1.53,14.767,10.633,0.006,202.601,1.139,g
2459533.3666265,2021-11-14.8611956,bp,1.5,14.829,10.625,0.006,204.020,1.109,g
2459533.3678799,2021-11-14.8624490,bp,1.51,14.798,10.664,0.008,197.100,1.469,g
2459533.3691160,2021-11-14.8636850,bp,1.43,14.607,10.623,0.008,204.553,1.524,g
2459534.9688244,2021-11-16.4633290,bD,1.75,15.100,10.658,0.005,198.021,0.933,g
2459534.9701095,2021-11-16.4646140,bD,1.99,15.133,10.669,0.005,196.007,0.843,g
2459534.9713774,2021-11-16.4658819,bD,1.69,15.128,10.671,0.005,195.773,0.897,g
2459538.0214379,2021-11-19.5158301,bD,1.43,15.233,10.769,0.005,178.862,0.766,g
2459538.0226952,2021-11-19.5170874,bD,1.53,15.274,10.760,0.004,180.340,0.743,g
2459538.0239663,2021-11-19.5183584,bD,1.51,15.266,10.767,0.005,179.187,0.796,g
2459538.0446135,2021-11-19.5390048,bD,1.51,15.265,10.765,0.004,179.501,0.755,g
2459538.0458624,2021-11-19.5402537,bD,1.5,15.235,10.741,0.005,183.547,0.817,g
2459538.0471310,2021-11-19.5415223,bD,1.58,15.253,10.761,0.005,180.122,0.824,g
2459538.4177023,2021-11-19.9120809,bp,1.75,14.914,10.634,0.006,202.503,1.056,g
2459538.4189512,2021-11-19.9133298,bp,1.57,14.923,10.656,0.006,198.358,1.132,g
2459538.4201918,2021-11-19.9145704,bp,1.58,14.951,10.650,0.005,199.439,1.026,g
2459540.0115236,2021-11-21.5058498,bD,1.52,15.248,10.652,0.004,199.220,0.793,g
2459540.0127669,2021-11-21.5070931,bD,1.5,15.250,10.650,0.004,199.552,0.804,g
2459540.0140395,2021-11-21.5083656,bD,1.47,15.267,10.695,0.004,191.428,0.764,g
2459540.0348936,2021-11-21.5292190,bD,1.48,15.254,10.722,0.004,186.672,0.778,g
2459540.0361579,2021-11-21.5304833,bD,1.49,15.218,10.653,0.004,199.046,0.815,g
2459540.0374193,2021-11-21.5317447,bD,1.56,15.245,10.719,0.005,187.290,0.830,g
2459541.0643328,2021-11-22.5586265,bD,1.47,15.248,10.674,0.004,195.337,0.775,g
2459541.0655820,2021-11-22.5598756,bD,1.5,15.263,10.708,0.004,189.063,0.792,g
2459541.0668342,2021-11-22.5611278,bD,1.51,15.250,10.670,0.004,195.895,0.771,g
2459542.8296056,2021-11-24.3238484,bt,2.07,14.748,10.640,0.008,201.419,1.458,g
2459542.8308477,2021-11-24.3250905,bt,2.01,14.762,10.636,0.007,202.104,1.210,g
2459542.8321024,2021-11-24.3263451,bt,2.01,14.216,10.676,0.012,194.930,2.232,g
2459543.8977857,2021-11-25.3920001,bD,1.56,15.263,10.657,0.004,198.217,0.746,g
2459543.8990523,2021-11-25.3932666,bD,1.53,15.261,10.649,0.004,199.610,0.786,g
2459543.9003009,2021-11-25.3945152,bD,1.52,15.255,10.645,0.004,200.507,0.766,g
2459544.7356673,2021-11-26.2298605,bl,2.01,14.928,10.630,0.007,203.261,1.241,g
2459544.7369173,2021-11-26.2311105,bl,1.71,14.949,10.635,0.006,202.391,1.101,g
2459544.7381578,2021-11-26.2323510,bl,1.65,14.944,10.627,0.006,203.790,1.104,g
2459547.0446967,2021-11-28.5388373,bD,1.86,15.248,10.644,0.004,200.520,0.787,g
2459547.0459619,2021-11-28.5401025,bD,1.74,15.263,10.655,0.004,198.593,0.738,g
2459547.0472247,2021-11-28.5413653,bD,1.74,15.257,10.649,0.004,199.720,0.771,g
2459547.6952123,2021-11-29.1893397,bt,1.47,15.045,10.638,0.005,201.733,0.956,g
2459547.6964563,2021-11-29.1905837,bt,1.48,15.057,10.642,0.005,201.088,0.938,g
2459547.6976848,2021-11-29.1918121,bt,1.5,15.066,10.668,0.005,196.157,0.946,g
2459547.8892052,2021-11-29.3833287,bt,1.47,15.131,10.688,0.005,192.692,0.864,g
2459547.8904387,2021-11-29.3845622,bt,1.49,15.119,10.666,0.005,196.685,0.846,g
2459547.8916820,2021-11-29.3858054,bt,1.47,15.103,10.631,0.006,203.078,0.995,g
2459547.9085293,2021-11-29.4026524,bt,1.46,15.082,10.610,0.006,207.042,0.994,g
2459547.9097829,2021-11-29.4039060,bt,1.46,15.085,10.609,0.005,207.209,0.888,g
2459547.9110401,2021-11-29.4051632,bt,1.5,15.096,10.641,0.005,201.147,0.946,g
2459548.8383408,2021-11-30.3324463,bt,1.45,15.086,10.614,0.005,206.267,0.864,g
2459548.8395894,2021-11-30.3336949,bt,1.47,15.091,10.602,0.004,208.683,0.898,g
2459548.8408240,2021-11-30.3349295,bt,1.49,15.120,10.664,0.005,197.017,0.915,g
2459550.8894517,2021-12-02.3835232,bt,1.51,15.085,10.617,0.006,205.631,0.984,g
2459550.8906850,2021-12-02.3847565,bt,1.45,15.095,10.646,0.005,200.403,0.944,g
2459550.8919046,2021-12-02.3859761,bt,1.47,15.085,10.629,0.005,203.356,0.846,g
2459550.9463637,2021-12-02.4404344,bt,1.56,15.064,10.650,0.005,199.502,0.943,g
2459550.9476032,2021-12-02.4416739,bt,1.51,15.048,10.613,0.005,206.394,0.953,g
2459550.9488420,2021-12-02.4429127,bt,1.51,15.053,10.631,0.005,203.094,0.976,g
2459553.6969704,2021-12-05.1910062,bt,1.47,14.294,10.851,0.025,165.743,3.876,g
2459553.6982147,2021-12-05.1922506,bt,1.5,14.388,10.845,0.021,166.738,3.297,g
2459553.6994506,2021-12-05.1934864,bt,1.64,13.798,10.751,0.026,181.816,4.291,g
2459554.7884504,2021-12-06.2824757,bt,1.58,15.099,10.627,0.005,203.912,0.904,g
2459554.7896945,2021-12-06.2837198,bt,1.52,15.101,10.632,0.005,202.892,0.901,g
2459554.7909304,2021-12-06.2849557,bt,1.58,15.092,10.617,0.005,205.724,0.891,g
2459555.8351949,2021-12-07.3292121,bl,1.49,14.899,10.651,0.006,199.346,1.149,g
2459555.8364470,2021-12-07.3304641,bl,1.49,14.894,10.646,0.006,200.220,1.131,g
2459555.8376853,2021-12-07.3317025,bl,1.52,14.893,10.650,0.006,199.547,1.148,g
2459556.6284185,2021-12-08.1224306,bl,1.5,14.948,10.651,0.005,199.288,0.980,g
2459556.6296651,2021-12-08.1236772,bl,1.49,14.944,10.650,0.005,199.509,1.009,g
2459556.6308918,2021-12-08.1249039,bl,1.52,14.939,10.643,0.005,200.734,0.959,g
2459557.7474930,2021-12-09.2414996,bl,1.48,14.957,10.646,0.006,200.310,1.033,g
2459557.7487197,2021-12-09.2427263,bl,1.49,14.964,10.656,0.006,198.424,1.039,g
2459557.7499557,2021-12-09.2439623,bl,1.45,14.953,10.643,0.005,200.771,0.974,g
2459558.6490018,2021-12-10.1430055,bH,1.45,15.013,10.623,0.005,204.510,0.976,g
2459558.6503027,2021-12-10.1443064,bH,1.41,15.008,10.610,0.005,206.965,0.902,g
2459558.6515948,2021-12-10.1455985,bH,1.44,15.013,10.622,0.005,204.655,0.940,g
2459559.3904575,2021-12-10.8844598,bp,1.52,15.053,10.681,0.005,194.023,0.901,g
2459559.3917120,2021-12-10.8857143,bp,1.51,15.032,10.640,0.005,201.443,0.868,g
2459559.3929481,2021-12-10.8869504,bp,1.55,15.041,10.651,0.005,199.454,0.904,g
2459560.3802663,2021-12-11.8742680,bp,1.57,15.028,10.633,0.005,202.633,0.840,g
2459560.3815341,2021-12-11.8755359,bp,1.56,15.029,10.634,0.005,202.344,0.898,g
2459560.3827820,2021-12-11.8767837,bp,1.54,15.031,10.642,0.005,200.940,0.904,g
2459560.4450160,2021-12-11.9390178,bp,1.55,15.052,10.653,0.005,199.032,0.924,g
2459560.4462556,2021-12-11.9402573,bp,1.55,15.057,10.652,0.005,199.089,0.928,g
2459560.4475093,2021-12-11.9415111,bp,1.55,15.051,10.646,0.005,200.154,0.973,g
2459562.8446436,2021-12-14.3386509,bt,1.6,15.298,10.688,0.007,192.652,1.281,g
2459562.8458486,2021-12-14.3398559,bt,2.11,15.246,10.675,0.006,195.083,1.157,g
2459562.8471264,2021-12-14.3411338,bt,2.09,15.264,10.671,0.007,195.724,1.219,g
2459563.4039339,2021-12-14.8979439,bp,1.6,15.001,10.620,0.005,205.143,0.942,g
2459563.4051817,2021-12-14.8991916,bp,1.61,15.002,10.644,0.005,200.628,0.916,g
2459563.4064232,2021-12-14.9004331,bp,1.57,14.986,10.621,0.005,204.979,0.944,g
2459563.4152975,2021-12-14.9093075,bp,1.5,15.016,10.621,0.005,204.927,0.949,g
2459563.4165322,2021-12-14.9105422,bp,1.52,15.023,10.641,0.005,201.259,0.917,g
2459563.4177727,2021-12-14.9117827,bp,1.54,15.018,10.646,0.005,200.332,0.910,g
2459564.9264235,2021-12-16.4204432,bt,2.04,15.085,10.624,0.010,204.386,1.838,g
2459564.9276608,2021-12-16.4216804,bt,2.03,15.081,10.645,0.011,200.489,1.932,g
2459564.9289107,2021-12-16.4229304,bt,2.05,15.079,10.651,0.010,199.389,1.829,g
2459569.9027303,2021-12-21.3968073,bt,2.09,15.058,10.631,0.011,202.945,1.963,g
2459569.9039687,2021-12-21.3980458,bt,2.14,15.016,10.612,0.010,206.630,1.976,g
2459569.9051778,2021-12-21.3992549,bt,2.16,15.083,10.625,0.011,204.168,1.991,g
2459571.6532018,2021-12-23.1473083,bt,1.62,14.933,10.636,0.009,202.167,1.690,g
2459571.6544377,2021-12-23.1485443,bt,1.61,14.902,10.631,0.009,203.054,1.790,g
2459571.6556690,2021-12-23.1497756,bt,1.6,14.842,10.609,0.008,207.301,1.643,g
2459572.7853983,2021-12-24.2795264,bt,1.56,15.067,10.645,0.010,200.472,1.769,g
2459572.7866636,2021-12-24.2807917,bt,1.55,14.980,10.620,0.010,205.300,1.833,g
2459572.7879207,2021-12-24.2820489,bt,1.51,14.930,10.652,0.009,199.096,1.680,g
2459573.6834580,2021-12-25.1776048,bl,1.53,14.914,10.617,0.006,205.726,1.178,g
2459573.6846964,2021-12-25.1788432,bl,1.51,14.931,10.638,0.006,201.843,1.125,g
2459573.6859432,2021-12-25.1800899,bl,1.48,14.928,10.634,0.006,202.567,1.078,g
2459574.8981614,2021-12-26.3923354,bt,1.54,14.673,10.615,0.008,206.105,1.479,g
2459574.8993993,2021-12-26.3935733,bt,1.55,14.796,10.630,0.010,203.198,1.814,g
2459574.9006485,2021-12-26.3948225,bt,1.6,14.705,10.678,0.014,194.462,2.595,g
2459576.8065968,2021-12-28.3008181,bl,1.48,14.862,10.634,0.006,202.473,1.159,g
2459576.8078363,2021-12-28.3020578,bl,1.48,14.845,10.602,0.006,208.497,1.238,g
2459576.8090689,2021-12-28.3032904,bl,1.47,14.859,10.635,0.006,202.171,1.161,g
2459581.3404839,2022-01-01.8348403,bp,1.51,14.998,10.603,0.005,208.423,0.940,g
2459581.3417342,2022-01-01.8360907,bp,1.54,15.023,10.643,0.005,200.746,0.901,g
2459581.3429746,2022-01-01.8373311,bp,1.54,15.010,10.617,0.005,205.658,0.921,g
2459582.5426414,2022-01-03.0370389,bp,1.51,14.948,10.638,0.006,201.744,1.052,g
2459582.5439040,2022-01-03.0383016,bp,1.53,14.939,10.623,0.005,204.580,1.045,g
2459582.5451518,2022-01-03.0395494,bp,1.56,14.934,10.616,0.006,205.767,1.076,g
2459582.6701711,2022-01-03.1645731,bl,1.59,14.934,10.609,0.006,207.037,1.106,g
2459582.6713998,2022-01-03.1658018,bl,1.59,14.946,10.637,0.006,201.972,1.060,g
2459582.6726347,2022-01-03.1670368,bl,1.54,14.950,10.645,0.006,200.412,1.083,g
2459583.7301876,2022-01-04.2246279,bl,1.57,14.900,10.648,0.005,199.869,1.049,g
2459583.7314338,2022-01-04.2258741,bl,1.69,14.886,10.667,0.005,196.410,1.040,g
2459583.7326735,2022-01-04.2271138,bl,1.68,14.876,10.652,0.006,199.227,1.090,g
2459584.8729015,2022-01-05.3673849,bt,2.07,15.074,10.651,0.009,199.317,1.659,g
2459584.8741307,2022-01-05.3686141,bt,2.04,15.072,10.641,0.009,201.167,1.711,g
2459584.8753714,2022-01-05.3698548,bt,2.01,15.075,10.641,0.009,201.204,1.712,g
2459586.4610937,2022-01-06.9556400,bp,1.54,14.993,10.616,0.005,205.954,0.985,g
2459586.4624065,2022-01-06.9569529,bp,1.57,15.005,10.644,0.005,200.751,0.928,g
2459586.4636416,2022-01-06.9581881,bp,1.53,14.997,10.622,0.005,204.620,0.939,g
2459587.3470190,2022-01-07.8416021,bp,1.57,15.030,10.683,0.005,193.680,0.894,g
2459587.3483146,2022-01-07.8428978,bp,1.66,15.016,10.668,0.005,196.251,0.886,g
2459587.8039145,2022-01-08.2985169,bt,1.53,15.140,10.611,0.008,206.926,1.544,g
2459587.8051259,2022-01-08.2997284,bt,1.51,15.182,10.692,0.008,191.839,1.416,g
2459587.8063686,2022-01-08.3009712,bt,1.52,15.170,10.675,0.008,195.100,1.497,g
2459591.8074657,2022-01-12.3022507,bD,1.51,15.271,10.663,0.004,197.120,0.755,g
2459591.8087427,2022-01-12.3035278,bD,1.54,15.261,10.655,0.004,198.657,0.742,g
2459591.8100163,2022-01-12.3048014,bD,1.48,15.264,10.657,0.004,198.279,0.753,g
2459592.7794372,2022-01-13.2742699,bt,1.5,15.112,10.647,0.006,200.140,0.968,g
2459592.7806640,2022-01-13.2754967,bt,1.51,15.102,10.652,0.006,199.285,0.968,g
2459592.7818990,2022-01-13.2767318,bt,1.54,15.095,10.632,0.005,202.878,0.902,g
2459593.8114253,2022-01-14.3063100,bt,2.08,14.586,10.634,0.010,202.476,1.913,g
2459593.8126684,2022-01-14.3075531,bt,2.02,14.699,10.673,0.009,195.450,1.698,g
2459593.8139030,2022-01-14.3087878,bt,1.6,14.904,10.632,0.006,202.834,1.156,g
2459593.8456442,2022-01-14.3405306,bt,1.55,14.998,10.646,0.006,200.206,1.086,g
2459593.8468859,2022-01-14.3417724,bt,1.53,14.985,10.626,0.006,204.065,1.174,g
2459593.8481163,2022-01-14.3430029,bt,1.55,15.006,10.615,0.006,205.920,1.133,g
2459596.6545054,2022-01-17.1495406,bt,1.56,15.046,10.630,0.006,203.379,1.013,g
2459596.6557446,2022-01-17.1507798,bt,1.6,15.002,10.645,0.006,200.460,1.126,g
2459596.6569680,2022-01-17.1520032,bt,1.5,15.043,10.639,0.005,201.415,0.963,g
2459597.7322169,2022-01-18.2273119,bH,1.53,14.806,10.662,0.007,197.307,1.325,g
2459597.7335159,2022-01-18.2286110,bH,1.55,14.765,10.672,0.007,195.508,1.306,g
2459597.7348029,2022-01-18.2298981,bH,1.61,14.817,10.709,0.008,189.090,1.420,g
2459599.8421416,2022-01-20.3373578,bD,1.5,15.254,10.660,0.004,197.656,0.768,g
2459599.8434093,2022-01-20.3386256,bD,1.52,15.253,10.657,0.004,198.229,0.773,g
2459599.8446793,2022-01-20.3398956,bD,1.51,15.262,10.666,0.004,196.738,0.766,g
2459600.6569729,2022-01-21.1522375,bl,1.5,14.930,10.661,0.006,197.596,1.074,g
2459600.6582110,2022-01-21.1534757,bl,1.47,14.929,10.664,0.006,196.907,1.045,g
2459600.6594609,2022-01-21.1547256,bl,1.46,14.935,10.668,0.006,196.307,1.074,g
2459602.3950232,2022-01-22.8903935,bp,1.54,15.026,10.689,0.005,192.448,0.952,g
2459602.3962709,2022-01-22.8916413,bp,1.54,15.009,10.661,0.005,197.467,0.937,g
2459602.3975164,2022-01-22.8928868,bp,1.48,15.019,10.683,0.005,193.554,0.951,g
2459602.9004066,2022-01-23.3958083,bD,2.29,15.152,10.705,0.006,189.610,1.048,g
2459602.9016751,2022-01-23.3970769,bD,2.32,15.161,10.713,0.006,188.274,1.081,g
2459602.9029524,2022-01-23.3983542,bD,2.28,15.157,10.709,0.006,188.983,1.076,g
2459603.7153186,2022-01-24.2107716,bl,1.45,14.538,10.721,0.010,186.871,1.794,g
2459603.7165712,2022-01-24.2120243,bl,1.51,14.653,10.678,0.007,194.385,1.252,g
2459603.7178096,2022-01-24.2132628,bl,1.46,14.623,10.690,0.010,192.326,1.827,g
2459603.7716405,2022-01-24.2670971,bt,1.69,15.015,10.605,0.005,207.905,0.992,g
2459603.7728694,2022-01-24.2683261,bt,1.72,15.027,10.633,0.005,202.652,0.919,g
2459603.7740995,2022-01-24.2695563,bt,1.72,15.020,10.627,0.005,203.843,0.919,g
2459603.8250232,2022-01-24.3204833,bt,2.06,14.899,10.657,0.008,198.167,1.442,g
2459603.8262578,2022-01-24.3217180,bt,1.74,99.990,99.990,99.990,99.990,99.990,g
2459604.4723539,2022-01-24.9678553,bp,1.61,14.858,10.669,0.007,196.078,1.166,g
2459604.4736123,2022-01-24.9691139,bp,1.66,14.864,10.675,0.007,194.975,1.204,g
2459604.4748654,2022-01-24.9703671,bp,1.65,14.847,10.667,0.007,196.514,1.156,g
2459605.7109769,2022-01-26.2065589,bH,1.67,14.943,10.652,0.005,199.243,0.949,g
2459605.7122693,2022-01-26.2078514,bH,1.67,14.944,10.653,0.005,198.982,0.972,g
2459605.7135624,2022-01-26.2091445,bH,1.7,14.952,10.674,0.005,195.210,0.908,g
2459606.8056929,2022-01-27.3013475,bt,1.51,15.061,10.661,0.005,197.533,0.909,g
2459606.8069311,2022-01-27.3025858,bt,1.5,15.061,10.658,0.006,198.135,0.984,g
2459606.8081600,2022-01-27.3038147,bt,1.51,15.048,10.640,0.005,201.327,0.939,g
2459608.7878031,2022-01-29.2835924,bD,1.5,15.277,10.675,0.004,195.007,0.734,g
2459608.7890695,2022-01-29.2848590,bD,1.46,15.292,10.680,0.004,194.153,0.722,g
2459608.7903320,2022-01-29.2861215,bD,1.53,15.288,10.675,0.004,195.105,0.717,g
2459608.8147686,2022-01-29.3105598,bD,1.53,15.295,10.687,0.004,192.809,0.705,g
2459608.8160468,2022-01-29.3118381,bD,1.53,15.289,10.679,0.004,194.362,0.708,g
2459608.8173183,2022-01-29.3131096,bD,1.51,15.289,10.671,0.004,195.623,0.709,g
2459609.7803561,2022-01-30.2762146,bt,1.51,15.079,10.660,0.005,197.656,0.876,g
2459609.7815872,2022-01-30.2774458,bt,1.48,15.063,10.630,0.005,203.266,0.928,g
2459609.7828321,2022-01-30.2786908,bt,1.53,15.058,10.626,0.005,203.919,0.965,g
2459610.7936050,2022-01-31.2895351,bt,1.53,15.030,10.643,0.005,200.857,0.985,g
2459610.7948399,2022-01-31.2907702,bt,1.56,15.019,10.625,0.005,204.201,0.978,g
2459610.7960758,2022-01-31.2920061,bt,1.56,15.020,10.633,0.006,202.510,1.029,g
2459611.7401114,2022-02-01.2361093,bt,1.62,13.724,10.650,0.016,199.478,2.830,g
2459611.7413497,2022-02-01.2373478,bt,1.64,13.887,10.672,0.017,195.444,3.103,g
2459611.7425738,2022-02-01.2385719,bt,1.63,99.990,99.990,99.990,99.990,99.990,g
2459612.6908247,2022-02-02.1868917,bl,1.44,14.857,10.663,0.007,197.190,1.132,g
2459612.6920619,2022-02-02.1881289,bl,1.46,14.830,10.617,0.006,205.648,1.140,g
2459612.6933037,2022-02-02.1893709,bl,1.47,14.840,10.650,0.007,199.607,1.184,g
2459614.8451929,2022-02-04.3414194,bD,1.5,15.273,10.652,0.004,199.257,0.763,g
2459614.8464427,2022-02-04.3426694,bD,1.54,15.277,10.659,0.004,197.989,0.712,g
2459614.8477044,2022-02-04.3439312,bD,1.48,15.275,10.656,0.004,198.395,0.747,g
2459617.3962107,2022-02-06.8926318,bp,1.47,14.966,10.646,0.005,200.327,0.996,g
2459617.3974523,2022-02-06.8938735,bp,1.48,14.967,10.653,0.005,199.133,0.975,g
2459617.3986818,2022-02-06.8951030,bp,1.5,14.963,10.638,0.005,201.816,0.998,g
2459619.7928249,2022-02-09.2894337,bD,1.47,15.268,10.658,0.004,198.244,0.740,g
2459619.7941029,2022-02-09.2907118,bD,1.48,15.275,10.663,0.004,197.101,0.754,g
2459619.7953661,2022-02-09.2919751,bD,1.46,15.267,10.653,0.004,199.058,0.738,g
2459620.6522361,2022-02-10.1489134,bl,1.49,14.858,10.645,0.006,200.439,1.145,g
2459620.6534719,2022-02-10.1501493,bl,1.49,14.860,10.645,0.006,200.344,1.116,g
2459620.6547018,2022-02-10.1513793,bl,1.42,14.855,10.654,0.007,198.806,1.145,g
2459620.6749531,2022-02-10.1716323,bl,1.53,14.812,10.626,0.007,204.077,1.305,g
2459620.6761923,2022-02-10.1728716,bl,1.49,14.811,10.608,0.007,207.502,1.279,g
2459620.6774214,2022-02-10.1741008,bl,1.49,14.823,10.659,0.007,197.839,1.223,g
2459621.7065927,2022-02-11.2033547,bt,1.57,15.138,10.615,0.005,206.133,0.993,g
2459621.7078412,2022-02-11.2046034,bt,1.47,15.124,10.591,0.005,210.677,0.976,g
2459621.7090950,2022-02-11.2058572,bt,1.52,15.141,10.615,0.006,206.078,1.091,g
2459622.7511787,2022-02-12.2480255,bt,1.6,15.080,10.668,0.006,196.202,1.111,g
2459622.7524284,2022-02-12.2492753,bt,1.54,15.083,10.671,0.006,195.774,1.100,g
2459622.7536919,2022-02-12.2505390,bt,1.63,15.042,10.636,0.006,202.182,1.150,g
2459623.7496589,2022-02-13.2465876,bt,1.62,15.075,10.631,0.006,203.125,1.138,g
2459623.7508938,2022-02-13.2478225,bt,1.65,15.065,10.624,0.006,204.301,1.070,g
2459623.7521494,2022-02-13.2490783,bt,1.6,15.078,10.638,0.006,201.914,1.135,g
2459624.7087834,2022-02-14.2057912,bt,1.55,15.124,10.614,0.005,206.317,1.037,g
2459624.7100506,2022-02-14.2070585,bt,1.51,15.139,10.679,0.005,194.260,0.928,g
2459624.7113017,2022-02-14.2083097,bt,1.51,15.138,10.688,0.006,192.762,0.928,g
2459625.6893261,2022-02-15.1864155,bt,1.52,15.116,10.608,0.005,207.450,0.995,g
2459625.6905681,2022-02-15.1876575,bt,1.51,15.109,10.596,0.004,209.643,0.911,g
2459625.6917958,2022-02-15.1888854,bt,1.56,15.115,10.599,0.005,209.181,0.968,g
2459625.7460858,2022-02-15.2431799,bt,1.54,15.074,10.641,0.006,201.183,0.979,g
2459625.7473102,2022-02-15.2444044,bt,1.55,15.084,10.627,0.006,203.782,1.016,g
2459625.7485317,2022-02-15.2456261,bt,1.56,15.083,10.667,0.006,196.336,1.018,g
2459628.5353823,2022-02-18.0327119,bH,1.45,14.997,10.627,0.005,203.764,0.929,g
2459628.5366699,2022-02-18.0339996,bH,1.42,14.997,10.612,0.005,206.751,0.954,g
2459628.5379574,2022-02-18.0352872,bH,1.39,15.003,10.643,0.005,200.919,0.874,g
2459630.3526366,2022-02-19.8501220,bp,1.51,14.983,10.637,0.005,201.893,0.997,g
2459630.3539757,2022-02-19.8514612,bp,1.53,14.984,10.640,0.005,201.359,1.005,g
2459630.3553016,2022-02-19.8527873,bp,1.52,14.984,10.644,0.005,200.754,0.954,g
2459630.6332904,2022-02-20.1308000,bl,1.48,14.879,10.645,0.006,200.370,1.223,g
2459630.6345353,2022-02-20.1320451,bl,1.46,14.868,10.635,0.006,202.250,1.179,g
2459630.6357646,2022-02-20.1332745,bl,1.51,14.867,10.621,0.006,204.809,1.204,g
2459631.7274101,2022-02-21.2250146,bt,1.55,15.088,10.616,0.005,205.875,0.976,g
2459631.7286622,2022-02-21.2262669,bt,1.47,15.087,10.608,0.005,207.417,0.940,g
2459631.7298640,2022-02-21.2274688,bt,1.48,15.083,10.601,0.005,208.735,0.971,g
2459632.8081096,2022-02-22.3058084,bD,1.55,15.258,10.637,0.004,201.928,0.752,g
2459632.8093595,2022-02-22.3070584,bD,1.5,15.261,10.644,0.004,200.775,0.722,g
2459632.8106156,2022-02-22.3083146,bD,1.51,15.255,10.638,0.004,201.701,0.760,g
2459633.6362113,2022-02-23.1339827,bH,1.46,14.944,10.613,0.005,206.370,1.014,g
2459633.6374972,2022-02-23.1352687,bH,1.48,14.942,10.613,0.005,206.458,1.030,g
2459633.6387669,2022-02-23.1365385,bH,1.47,14.941,10.620,0.005,205.134,1.017,g
2459633.7003931,2022-02-23.1981700,bt,1.54,14.317,10.630,0.008,203.305,1.559,g
2459633.7016267,2022-02-23.1994038,bt,1.54,14.202,10.634,0.010,202.501,1.880,g
2459633.7028731,2022-02-23.2006503,bt,1.57,14.503,10.639,0.007,201.500,1.382,g
2459634.6269806,2022-02-24.1248392,bH,1.41,14.954,10.606,0.006,207.839,1.076,g
2459634.6282674,2022-02-24.1261261,bH,1.42,14.953,10.601,0.005,208.674,1.029,g
2459634.6295662,2022-02-24.1274250,bH,1.44,14.978,10.661,0.005,197.606,0.949,g
2459635.7124196,2022-02-25.2103743,bt,1.46,14.853,10.599,0.006,209.109,1.137,g
2459635.7136576,2022-02-25.2116123,bt,1.48,14.827,10.609,0.006,207.221,1.157,g
2459635.7148877,2022-02-25.2128425,bt,1.49,14.936,10.595,0.005,209.937,1.054,g
2459636.5554390,2022-02-26.0534685,bl,1.59,14.922,10.637,0.006,201.827,1.136,g
2459636.5566702,2022-02-26.0546999,bl,1.68,14.920,10.638,0.006,201.830,1.093,g
2459636.5579095,2022-02-26.0559392,bl,1.61,14.918,10.628,0.006,203.538,1.184,g
2459637.7056587,2022-02-27.2037909,bt,1.52,15.108,10.616,0.005,206.044,0.947,g
2459637.7068826,2022-02-27.2050149,bt,1.53,15.093,10.588,0.004,211.162,0.922,g
2459637.7081149,2022-02-27.2062474,bt,1.51,15.113,10.633,0.006,202.768,0.980,g
2459639.5098386,2022-03-01.0081326,bl,2.11,14.867,10.650,0.007,199.605,1.325,g
2459639.5110900,2022-03-01.0093840,bl,2.11,14.859,10.649,0.007,199.678,1.285,g
2459639.5123249,2022-03-01.0106191,bl,2.09,14.871,10.650,0.007,199.518,1.357,g
2459643.5531610,2022-03-05.0518207,bH,1.69,15.113,10.612,0.005,206.797,0.931,g
2459643.5544395,2022-03-05.0530993,bH,1.71,15.107,10.605,0.005,208.047,0.967,g
2459643.5557348,2022-03-05.0543948,bH,1.65,15.115,10.615,0.005,206.198,0.936,g
2459644.5373375,2022-03-06.0360866,bH,1.4,15.169,10.648,0.004,199.872,0.864,g
2459644.5386364,2022-03-06.0373857,bH,1.39,15.176,10.660,0.005,197.708,0.891,g
2459644.5399313,2022-03-06.0386807,bH,1.42,15.170,10.646,0.004,200.275,0.814,g
2459645.5968424,2022-03-07.0956881,bH,1.41,15.118,10.613,0.004,206.546,0.910,g
2459645.5981419,2022-03-07.0969877,bH,1.37,15.120,10.620,0.005,205.106,0.960,g
2459645.5994490,2022-03-07.0982949,bH,1.39,15.131,10.644,0.005,200.607,0.898,g
2459646.6520480,2022-03-08.1509899,bt,1.41,14.220,10.720,0.010,187.161,1.732,g
2459646.6532781,2022-03-08.1522201,bt,1.44,14.528,10.629,0.008,203.442,1.415,g
2459646.6544941,2022-03-08.1534362,bt,1.49,14.636,10.623,0.007,204.594,1.381,g
2459646.6669896,2022-03-08.1659329,bt,1.78,99.990,99.990,99.990,99.990,99.990,g
2459648.6065663,2022-03-10.1056865,bt,1.48,15.147,10.620,0.004,205.189,0.871,g
2459648.6078212,2022-03-10.1069415,bt,1.47,15.157,10.636,0.005,202.187,0.912,g
2459648.6090622,2022-03-10.1081826,bt,1.49,15.146,10.614,0.004,206.182,0.863,g
2459649.6684688,2022-03-11.1676860,bt,1.56,15.038,10.647,0.006,200.103,0.988,g
2459649.6697086,2022-03-11.1689258,bt,1.52,15.065,10.666,0.005,196.582,0.879,g
2459649.6709257,2022-03-11.1701431,bt,1.53,15.057,10.640,0.006,201.340,0.983,g
2459651.6465626,2022-03-13.1459603,bt,1.53,15.121,10.638,0.005,201.800,0.906,g
2459651.6477903,2022-03-13.1471881,bt,1.52,15.125,10.638,0.005,201.776,0.923,g
2459651.6489897,2022-03-13.1483876,bt,1.57,15.109,10.615,0.004,206.047,0.844,g
2459651.6693440,2022-03-13.1687438,bt,1.6,15.103,10.642,0.005,201.066,0.865,g
2459651.6705872,2022-03-13.1699871,bt,1.54,15.088,10.651,0.006,199.294,0.969,g
2459651.6718213,2022-03-13.1712212,bt,1.54,15.096,10.662,0.005,197.240,0.936,g
2459653.7416509,2022-03-15.2412394,bD,1.63,15.080,10.636,0.006,202.136,1.042,g
2459653.7428953,2022-03-15.2424839,bD,1.56,15.161,10.636,0.005,202.164,1.035,g
2459653.7441607,2022-03-15.2437494,bD,1.48,15.212,10.651,0.004,199.336,0.799,g
2459654.3287935,2022-03-15.8284355,bp,1.56,14.923,10.662,0.006,197.343,1.065,g
2459654.3300457,2022-03-15.8296878,bp,1.54,14.934,10.655,0.006,198.536,1.127,g
2459654.3313107,2022-03-15.8309530,bp,1.62,14.930,10.640,0.006,201.281,1.082,g
2459655.6369376,2022-03-17.1366983,bt,1.51,15.062,10.624,0.005,204.376,0.916,g
2459655.6381698,2022-03-17.1379307,bt,1.47,15.063,10.633,0.006,202.594,0.989,g
2459655.6394091,2022-03-17.1391701,bt,1.46,15.047,10.624,0.005,204.479,0.988,g
2459656.5711739,2022-03-18.0710194,bl,1.56,14.973,10.648,0.006,199.898,1.023,g
2459656.5724159,2022-03-18.0722615,bl,1.67,14.940,10.656,0.006,198.443,1.077,g
2459656.5736439,2022-03-18.0734896,bl,1.59,14.939,10.644,0.005,200.570,1.015,g
2459656.6503813,2022-03-18.1502339,bt,1.64,14.954,10.608,0.005,207.406,1.034,g
2459656.6516116,2022-03-18.1514644,bt,1.64,15.017,10.661,0.006,197.530,0.991,g
2459656.6528347,2022-03-18.1526876,bt,1.61,15.016,10.668,0.006,196.319,1.018,g
2459658.6392935,2022-03-20.1393257,bt,1.57,15.014,10.608,0.006,207.445,1.031,g
2459658.6405420,2022-03-20.1405744,bt,1.44,15.045,10.638,0.005,201.802,0.972,g
2459658.6417872,2022-03-20.1418196,bt,1.53,15.056,10.665,0.005,196.786,0.918,g
2459659.5187408,2022-03-21.0188522,bl,1.5,15.077,10.614,0.005,206.363,0.852,g
2459659.5199837,2022-03-21.0200952,bl,1.47,15.080,10.628,0.005,203.797,0.894,g
2459659.5212147,2022-03-21.0213263,bl,1.5,15.097,10.655,0.005,198.646,0.880,g
2459659.5461652,2022-03-21.0462790,bH,1.49,15.147,10.640,0.005,201.406,0.957,g
2459659.5474786,2022-03-21.0475925,bH,1.43,15.148,10.636,0.005,202.056,0.908,g
2459659.5487884,2022-03-21.0489025,bH,1.41,15.174,10.692,0.005,192.132,0.991,g
2459660.5593123,2022-03-22.0595171,bH,1.44,15.140,10.621,0.005,204.788,0.960,g
2459660.5605980,2022-03-22.0608029,bH,1.37,15.151,10.638,0.005,201.701,0.973,g
2459660.5618946,2022-03-22.0620996,bH,1.43,15.140,10.628,0.005,203.682,0.935,g
2459661.5586107,2022-03-23.0589049,bl,1.43,15.036,10.635,0.005,202.259,0.929,g
2459661.5598784,2022-03-23.0601726,bl,1.5,15.036,10.642,0.005,200.993,0.898,g
2459661.5611131,2022-03-23.0614074,bl,1.48,15.032,10.642,0.005,200.945,0.944,g
2459662.5500814,2022-03-24.0504639,bl,1.99,15.077,10.647,0.007,200.053,1.311,g
2459662.5513187,2022-03-24.0517013,bl,2.0,15.070,10.635,0.007,202.473,1.262,g
2459662.5525644,2022-03-24.0529471,bl,2.0,15.077,10.659,0.007,197.941,1.315,g
2459662.6379522,2022-03-24.1383425,bt,1.56,15.089,10.627,0.005,203.750,0.901,g
2459662.6391692,2022-03-24.1395596,bt,1.59,15.090,10.638,0.005,201.740,0.899,g
2459662.6404061,2022-03-24.1407966,bt,1.59,15.086,10.626,0.005,203.996,0.927,g
2459663.5627640,2022-03-25.0632364,bl,1.48,15.085,10.632,0.006,202.716,1.041,g
2459663.5639954,2022-03-25.0644679,bl,1.47,15.077,10.625,0.006,204.352,1.037,g
2459663.5652490,2022-03-25.0657216,bl,1.48,15.079,10.631,0.006,203.055,1.096,g
2459664.5444433,2022-03-26.0450025,bl,1.55,15.094,10.634,0.006,202.487,1.051,g
2459664.5456831,2022-03-26.0462423,bl,1.54,15.079,10.600,0.006,208.908,1.108,g
2459664.5469380,2022-03-26.0474974,bl,1.5,15.099,10.641,0.006,201.125,1.092,g
2459665.5442100,2022-03-27.0448570,bH,1.41,15.166,10.610,0.004,207.013,0.822,g
2459665.5454966,2022-03-27.0461438,bH,1.41,15.183,10.638,0.004,201.701,0.823,g
2459665.5467957,2022-03-27.0474430,bH,1.42,15.159,10.603,0.004,208.373,0.858,g
2459665.6252781,2022-03-27.1259323,bt,1.45,15.068,10.588,0.005,211.270,0.957,g
2459665.6265212,2022-03-27.1271755,bt,1.46,14.903,10.609,0.006,207.350,1.156,g
2459665.6277584,2022-03-27.1284128,bt,1.44,15.039,10.626,0.006,204.009,1.067,g
2459666.6182975,2022-03-28.1190386,bt,1.51,15.018,10.586,0.006,211.782,1.075,g
2459666.6195367,2022-03-28.1202779,bt,1.46,15.027,10.603,0.006,208.369,1.080,g
2459666.6207879,2022-03-28.1215292,bt,1.5,15.035,10.621,0.006,204.953,1.047,g
2459666.6255788,2022-03-28.1263205,bt,1.49,15.003,10.579,0.006,213.079,1.066,g
2459666.6268284,2022-03-28.1275703,bt,1.42,15.025,10.627,0.005,203.791,0.943,g
2459666.6280574,2022-03-28.1287994,bt,1.49,15.005,10.587,0.005,211.441,1.020,g
2459667.4997911,2022-03-29.0006090,bl,1.56,15.119,10.632,0.005,202.813,1.051,g
2459667.5010316,2022-03-29.0018496,bl,1.53,15.116,10.626,0.005,203.997,1.023,g
2459667.5022719,2022-03-29.0030900,bl,1.56,15.118,10.637,0.006,201.801,1.028,g
2459668.5335896,2022-03-30.0344971,bH,1.41,15.183,10.635,0.004,202.293,0.838,g
2459668.5348887,2022-03-30.0357963,bH,1.43,15.171,10.616,0.004,205.759,0.808,g
2459668.5362027,2022-03-30.0371104,bH,1.38,15.179,10.627,0.004,203.730,0.852,g
2459669.5207155,2022-03-31.0217080,bl,1.47,15.106,10.624,0.005,204.387,1.064,g
2459669.5219526,2022-03-31.0229452,bl,1.52,15.103,10.625,0.006,204.216,1.054,g
2459669.5231826,2022-03-31.0241753,bl,1.55,15.100,10.619,0.006,205.398,1.077,g
2459670.5250905,2022-04-01.0261690,bl,1.46,15.096,10.631,0.006,203.152,1.007,g
2459670.5263253,2022-04-01.0274039,bl,1.49,15.068,10.580,0.005,212.923,1.026,g
2459670.5275540,2022-04-01.0286327,bl,1.44,15.085,10.612,0.006,206.695,1.034,g
2459671.5007429,2022-04-02.0019043,bl,1.63,15.114,10.641,0.006,201.073,1.111,g
2459671.5019828,2022-04-02.0031443,bl,1.63,15.113,10.650,0.006,199.410,1.092,g
2459671.5032233,2022-04-02.0043849,bl,1.67,15.112,10.644,0.006,200.528,1.105,g
2459673.2668259,2022-04-03.7681361,bp,1.62,14.954,10.656,0.006,198.293,1.029,g
2459673.2680814,2022-04-03.7693917,bp,1.66,14.885,10.638,0.005,201.645,1.010,g
2459673.2693209,2022-04-03.7706313,bp,1.67,14.952,10.655,0.006,198.711,1.065,g
2459675.5980516,2022-04-06.0995550,bt,2.17,14.953,10.675,0.006,195.016,1.157,g
2459675.5992807,2022-04-06.1007842,bt,2.07,14.961,10.652,0.006,199.166,1.137,g
2459675.6005013,2022-04-06.1020049,bt,2.07,14.970,10.668,0.006,196.159,1.155,g
2459677.5101005,2022-04-08.0117597,bl,1.52,15.094,10.637,0.006,201.910,1.088,g
2459677.5113545,2022-04-08.0130138,bl,1.47,15.089,10.633,0.005,202.675,0.967,g
2459677.5126050,2022-04-08.0142644,bl,1.48,15.100,10.645,0.006,200.456,1.010,g
2459678.4976258,2022-04-08.9993645,bl,1.6,15.090,10.629,0.006,203.440,1.131,g
2459678.4988653,2022-04-09.0006040,bl,1.6,15.080,10.627,0.006,203.810,1.081,g
2459678.5001162,2022-04-09.0018551,bl,1.57,15.086,10.628,0.006,203.570,1.064,g
2459679.5045041,2022-04-10.0063229,bl,1.57,15.091,10.633,0.006,202.710,1.049,g
2459679.5057410,2022-04-10.0075599,bl,1.52,15.085,10.623,0.006,204.703,1.047,g
2459679.5069684,2022-04-10.0087875,bl,1.5,15.076,10.621,0.006,204.916,0.999,g
2459680.4890798,2022-04-10.9909763,bH,1.47,15.184,10.615,0.004,206.004,0.870,g
2459680.4903632,2022-04-10.9922598,bH,1.47,15.176,10.639,0.004,201.563,0.811,g
2459680.4916501,2022-04-10.9935468,bH,1.47,15.173,10.620,0.004,205.219,0.809,g
2459681.4926486,2022-04-11.9946234,bl,1.6,15.078,10.625,0.006,204.183,1.123,g
2459681.4938845,2022-04-11.9958595,bl,1.58,15.083,10.642,0.006,200.861,1.068,g
2459681.4951148,2022-04-11.9970899,bl,1.58,15.072,10.633,0.006,202.751,1.095,g
2459682.2318464,2022-04-12.7338784,bp,1.64,14.914,10.638,0.007,201.716,1.265,g
2459682.2330929,2022-04-12.7351250,bp,1.61,14.913,10.644,0.007,200.590,1.357,g
2459682.2343387,2022-04-12.7363709,bp,1.62,14.886,10.653,0.007,198.924,1.364,g
2459683.4944028,2022-04-13.9965315,bH,1.54,15.113,10.611,0.004,206.995,0.896,g
2459683.4957080,2022-04-13.9978367,bH,1.54,15.115,10.622,0.005,204.750,0.923,g
2459683.4969940,2022-04-13.9991228,bH,1.57,15.099,10.624,0.005,204.265,0.939,g
2459684.4890560,2022-04-14.9912598,bl,1.73,15.033,10.651,0.007,199.428,1.202,g
2459684.4903047,2022-04-14.9925086,bl,1.72,15.019,10.644,0.007,200.681,1.193,g
2459684.4915607,2022-04-14.9937647,bl,1.68,15.007,10.601,0.007,208.700,1.291,g
2459685.4928446,2022-04-15.9951234,bH,1.57,14.989,10.646,0.007,200.122,1.243,g
2459685.4941432,2022-04-15.9964221,bH,1.49,15.007,10.662,0.007,197.351,1.189,g
2459685.4954417,2022-04-15.9977207,bH,1.48,14.954,10.664,0.007,196.973,1.230,g
2459686.4935066,2022-04-16.9958593,bl,1.61,14.971,10.642,0.006,201.108,1.136,g
2459686.4947680,2022-04-16.9971207,bl,1.6,14.988,10.651,0.006,199.183,1.173,g
2459686.4960030,2022-04-16.9983558,bl,1.58,14.967,10.641,0.006,201.195,1.162,g
2459687.4801046,2022-04-17.9825291,bl,1.77,15.060,10.643,0.007,200.755,1.222,g
2459687.4813535,2022-04-17.9837781,bl,1.74,15.067,10.641,0.007,201.181,1.178,g
2459687.4826107,2022-04-17.9850354,bl,1.79,15.046,10.645,0.007,200.484,1.186,g
2459688.4850271,2022-04-18.9875239,bl,2.07,15.058,10.644,0.007,200.671,1.303,g
2459688.4862734,2022-04-18.9887703,bl,2.09,15.064,10.655,0.007,198.744,1.305,g
2459688.4875081,2022-04-18.9900051,bl,2.06,15.060,10.655,0.007,198.499,1.305,g
2459688.5097298,2022-04-19.0122284,bH,1.47,15.090,10.631,0.006,203.033,0.984,g
2459688.5110159,2022-04-19.0135146,bH,1.45,15.093,10.634,0.006,202.429,1.041,g
2459688.5123175,2022-04-19.0148163,bH,1.39,15.094,10.630,0.006,203.356,1.026,g
2459690.4821965,2022-04-20.9848340,bl,1.67,15.060,10.648,0.007,199.810,1.227,g
2459690.4834289,2022-04-20.9860665,bl,1.61,15.071,10.672,0.007,195.561,1.152,g
2459690.4846544,2022-04-20.9872922,bl,1.62,15.043,10.624,0.006,204.490,1.177,g
2459690.5016477,2022-04-21.0042867,bl,1.5,15.037,10.662,0.006,197.462,1.161,g
2459692.4637464,2022-04-22.9665197,bl,1.65,15.038,10.710,0.007,188.889,1.287,g
2459692.4649948,2022-04-22.9677682,bl,1.62,15.060,10.678,0.007,194.441,1.244,g
2459692.4662221,2022-04-22.9689956,bl,1.49,15.084,10.693,0.007,191.701,1.158,g
2459693.4667824,2022-04-23.9696229,bl,1.45,15.063,10.676,0.006,194.711,1.013,g
2459693.4680226,2022-04-23.9708632,bl,1.51,15.083,10.663,0.006,197.210,1.091,g
2459693.4692655,2022-04-23.9721062,bl,1.52,15.088,10.675,0.006,194.829,1.015,g
2459695.4837642,2022-04-25.9867365,bH,1.67,15.109,10.648,0.005,199.842,0.884,g
2459695.4850592,2022-04-25.9880317,bH,1.69,15.129,10.686,0.005,193.016,0.863,g
2459695.4863395,2022-04-25.9893121,bH,1.65,15.108,10.652,0.005,199.185,0.871,g
2459773.6738956,2022-07-13.1777099,bp,1.98,14.694,10.664,0.007,197.044,1.277,g
2459773.6760729,2022-07-13.1798871,bp,1.98,14.685,10.643,0.007,200.791,1.243,g
2459773.6780412,2022-07-13.1818553,bp,1.73,14.741,10.653,0.007,198.952,1.196,g
2459782.9190392,2022-07-22.4223808,bH,1.58,15.073,10.607,0.006,207.556,1.150,g
2459782.9203282,2022-07-22.4236697,bH,1.54,15.060,10.582,0.006,212.508,1.178,g
2459782.9216180,2022-07-22.4249595,bH,1.54,15.085,10.614,0.006,206.194,1.141,g
2459785.6798900,2022-07-25.1830706,bp,1.57,14.895,10.633,0.005,202.527,1.050,g
2459785.6813582,2022-07-25.1845387,bp,1.6,14.905,10.649,0.005,199.717,0.989,g
2459785.6826956,2022-07-25.1858760,bp,1.57,14.898,10.649,0.005,199.677,1.039,g
2459787.6601180,2022-07-27.1631776,bp,1.53,14.823,10.641,0.006,201.309,1.083,g
2459787.6613563,2022-07-27.1644159,bp,1.6,14.833,10.645,0.006,200.484,1.065,g
2459787.6625995,2022-07-27.1656590,bp,1.55,14.840,10.667,0.006,196.357,1.011,g
2459796.1273537,2022-08-04.6298498,bD,1.5,15.128,10.649,0.005,199.771,0.919,g
2459796.1286235,2022-08-04.6311195,bD,1.53,15.104,10.656,0.005,198.294,0.951,g
2459797.1271403,2022-08-05.6295652,bD,1.54,15.146,10.649,0.004,199.825,0.857,g
2459797.1284104,2022-08-05.6308353,bD,1.63,15.150,10.660,0.005,197.782,0.915,g
2459797.1296725,2022-08-05.6320972,bD,1.65,15.146,10.709,0.005,189.026,0.859,g
2459797.6771449,2022-08-06.1795303,bp,1.56,14.926,10.623,0.005,204.572,1.026,g
2459797.6783846,2022-08-06.1807699,bp,1.52,14.918,10.620,0.005,205.140,1.025,g
2459797.6796289,2022-08-06.1820140,bp,1.52,14.925,10.637,0.005,201.957,1.010,g
2459799.8938047,2022-08-08.3960280,bl,1.52,15.041,10.632,0.005,202.873,0.982,g
2459799.8950476,2022-08-08.3972708,bl,1.56,15.050,10.640,0.005,201.520,0.912,g
2459799.8962895,2022-08-08.3985126,bl,1.52,15.013,10.571,0.005,214.623,1.013,g
2459800.8913468,2022-08-09.3934958,bH,1.45,15.143,10.630,0.004,203.179,0.874,g
2459800.8926499,2022-08-09.3947988,bH,1.43,15.139,10.617,0.004,205.708,0.868,g
2459800.8939367,2022-08-09.3960855,bH,1.44,15.157,10.648,0.004,199.999,0.877,g
2459801.8922229,2022-08-10.3942965,bH,1.53,14.447,10.620,0.009,205.174,1.678,g
2459801.8935194,2022-08-10.3955929,bH,1.54,14.333,10.638,0.011,201.801,2.028,g
2459801.8948081,2022-08-10.3968815,bH,1.49,14.118,10.646,0.015,200.390,2.810,g
2459802.8898577,2022-08-11.3918554,bH,1.66,14.669,10.652,0.008,199.127,1.589,g
2459802.8911628,2022-08-11.3931603,bH,1.71,14.725,10.651,0.007,199.332,1.387,g
2459805.8819163,2022-08-14.3836815,bH,1.54,15.080,10.637,0.005,201.874,0.971,g
2459805.8832023,2022-08-14.3849674,bH,1.51,15.102,10.639,0.005,201.476,0.898,g
2459805.8844910,2022-08-14.3862560,bH,1.49,15.107,10.643,0.005,200.816,0.920,g
2459807.8978386,2022-08-16.3994435,bH,1.45,15.153,10.629,0.005,203.394,0.963,g
2459807.8991303,2022-08-16.4007350,bH,1.48,15.153,10.615,0.004,206.073,0.887,g
2459809.9037229,2022-08-18.4051655,bl,1.58,15.087,10.641,0.006,201.236,1.041,g
2459810.9266279,2022-08-19.4279867,bH,1.44,15.167,10.612,0.005,206.622,0.924,g
2459810.9279118,2022-08-19.4292704,bH,1.46,15.169,10.618,0.005,205.454,0.889,g
2459810.9291974,2022-08-19.4305560,bH,1.51,15.171,10.648,0.005,199.970,0.902,g
2459813.1274086,2022-08-21.6285850,bD,1.53,15.221,10.634,0.004,202.361,0.771,g
2459813.1286798,2022-08-21.6298561,bD,1.51,15.226,10.647,0.004,200.133,0.802,g
2459813.1299581,2022-08-21.6311343,bD,1.53,15.235,10.656,0.004,198.354,0.782,g
2459814.8521056,2022-08-23.3531371,bH,1.46,15.119,10.613,0.005,206.494,0.930,g
2459814.8534084,2022-08-23.3544398,bH,1.44,15.125,10.619,0.004,205.314,0.870,g
2459814.8546895,2022-08-23.3557208,bH,1.45,15.123,10.613,0.004,206.334,0.857,g
2459815.8415576,2022-08-24.3425053,bH,1.48,15.111,10.620,0.004,205.179,0.875,g
2459815.8428681,2022-08-24.3438156,bH,1.51,15.114,10.612,0.005,206.786,0.914,g
2459815.8441500,2022-08-24.3450974,bH,1.42,15.128,10.627,0.004,203.813,0.864,g
2459818.6007251,2022-08-27.1014364,bp,1.54,14.911,10.613,0.005,206.483,1.002,g
2459818.6019637,2022-08-27.1026748,bp,1.55,14.896,10.586,0.005,211.562,0.977,g
2459818.6032138,2022-08-27.1039249,bp,1.5,14.913,10.619,0.005,205.413,0.985,g
2459820.0817157,2022-08-28.5822987,bD,1.47,15.228,10.656,0.004,198.351,0.832,g
2459820.0829764,2022-08-28.5835593,bD,1.48,15.241,10.678,0.004,194.468,0.789,g
2459820.0842279,2022-08-28.5848107,bD,1.5,15.230,10.657,0.004,198.286,0.763,g
2459821.1154525,2022-08-29.6159454,bD,1.57,15.255,10.664,0.004,197.085,0.784,g
2459821.1167203,2022-08-29.6172131,bD,1.58,15.248,10.652,0.004,199.078,0.763,g
2459821.1179665,2022-08-29.6184592,bD,1.66,15.239,10.650,0.004,199.597,0.766,g
2459822.8275875,2022-08-31.3279305,bl,1.56,15.041,10.629,0.006,203.290,1.002,g
2459822.8288271,2022-08-31.3291699,bl,1.52,15.044,10.639,0.005,201.542,0.962,g
2459822.8300713,2022-08-31.3304140,bl,1.53,15.042,10.626,0.006,203.824,1.007,g
2459823.8867350,2022-09-01.3869846,bl,1.53,15.093,10.619,0.005,205.270,0.957,g
2459823.8879896,2022-09-01.3882391,bl,1.55,15.097,10.625,0.005,204.208,0.922,g
2459823.8892266,2022-09-01.3894760,bl,1.53,15.093,10.617,0.005,205.771,0.929,g
2459824.8663662,2022-09-02.3665293,bl,1.52,15.076,10.622,0.005,204.725,0.899,g
2459824.8676202,2022-09-02.3677832,bl,1.51,15.081,10.626,0.005,204.112,0.969,g
2459824.8688621,2022-09-02.3690250,bl,1.49,15.067,10.603,0.005,208.347,0.942,g
2459825.8789689,2022-09-03.3790422,bl,1.53,15.100,10.658,0.005,198.085,0.905,g
2459825.8802262,2022-09-03.3802994,bl,1.51,15.108,10.667,0.005,196.452,0.933,g
2459825.8814680,2022-09-03.3815411,bl,1.5,15.081,10.610,0.005,207.050,0.966,g
2459826.8219172,2022-09-04.3219067,bl,1.51,15.049,10.636,0.005,202.104,0.956,g
2459826.8231698,2022-09-04.3231592,bl,1.49,15.062,10.650,0.005,199.626,0.969,g
2459827.8677013,2022-09-05.3675976,bl,1.53,15.107,10.646,0.005,200.386,0.932,g
2459827.8689501,2022-09-05.3688463,bl,1.5,15.088,10.603,0.004,208.255,0.915,g
2459827.8702021,2022-09-05.3700982,bl,1.48,15.108,10.640,0.005,201.351,0.916,g
2459828.8700179,2022-09-06.3698248,bl,1.52,15.102,10.612,0.005,206.766,0.935,g
2459828.8712657,2022-09-06.3710724,bl,1.48,15.109,10.629,0.005,203.477,0.961,g
2459828.8725235,2022-09-06.3723301,bl,1.49,15.108,10.624,0.004,204.379,0.885,g
2459829.8171123,2022-09-07.3168344,bH,1.47,15.128,10.623,0.005,204.656,0.983,g
2459829.8184072,2022-09-07.3181292,bH,1.45,15.133,10.633,0.005,202.591,0.928,g
2459829.8197094,2022-09-07.3194313,bH,1.47,15.095,10.661,0.006,197.543,0.964,g
2459831.1210744,2022-09-08.6206797,bD,1.97,15.237,10.636,0.004,202.183,0.761,g
2459831.1223240,2022-09-08.6219291,bD,1.95,15.245,10.646,0.004,200.271,0.790,g
2459831.1235753,2022-09-08.6231803,bD,1.95,15.243,10.647,0.004,200.094,0.768,g
2459832.5548287,2022-09-10.0543053,bp,1.53,14.767,10.597,0.006,209.597,1.121,g
2459832.5560670,2022-09-10.0555435,bp,1.59,14.834,10.647,0.007,200.000,1.141,g
2459832.5573128,2022-09-10.0567891,bp,1.65,14.784,10.602,0.006,208.494,1.182,g
2459833.8000342,2022-09-11.2993989,bl,1.59,14.894,10.662,0.006,197.263,1.194,g
2459833.8012747,2022-09-11.3006393,bl,1.69,14.908,10.657,0.006,198.141,1.122,g
2459833.8025140,2022-09-11.3018785,bl,1.57,14.904,10.662,0.007,197.197,1.223,g
2459834.8297813,2022-09-12.3290533,bl,1.66,15.036,10.642,0.006,200.925,1.061,g
2459834.8310294,2022-09-12.3303013,bl,1.62,15.041,10.637,0.006,201.861,1.106,g
2459834.8322749,2022-09-12.3315467,bl,1.58,15.026,10.648,0.006,199.913,1.115,g
2459835.7960196,2022-09-13.2952048,bl,1.54,14.736,10.652,0.007,199.050,1.312,g
2459835.7972611,2022-09-13.2964462,bl,1.48,14.674,10.653,0.008,198.909,1.500,g
2459835.7984994,2022-09-13.2976843,bl,2.11,14.397,10.825,0.021,169.841,3.363,g
2459836.8198269,2022-09-14.3189200,bl,1.49,15.011,10.621,0.006,205.040,1.028,g
2459836.8210666,2022-09-14.3201596,bl,1.54,15.009,10.643,0.006,200.875,1.050,g
2459836.8223050,2022-09-14.3213979,bl,1.45,15.000,10.630,0.006,203.244,1.044,g
2459837.7965330,2022-09-15.2955383,bl,1.58,15.009,10.619,0.006,205.333,1.093,g
2459837.7977785,2022-09-15.2967837,bl,1.54,15.038,10.644,0.006,200.490,1.084,g
2459837.7990361,2022-09-15.2980412,bl,1.55,15.033,10.642,0.006,200.944,1.032,g
2459838.8276345,2022-09-16.3265470,bl,1.44,14.972,10.654,0.005,198.764,1.007,g
2459838.8288798,2022-09-16.3277922,bl,1.5,14.990,10.634,0.005,202.526,0.977,g
2459839.8257066,2022-09-17.3245295,bH,1.53,99.990,99.990,99.990,99.990,99.990,g
2459839.8269950,2022-09-17.3258178,bH,1.39,99.990,99.990,99.990,99.990,99.990,g
2459839.8282898,2022-09-17.3271125,bH,1.56,99.990,99.990,99.990,99.990,99.990,g
2459840.0376248,2022-09-17.5364287,bD,1.66,15.197,10.645,0.004,200.296,0.820,g
2459840.0388875,2022-09-17.5376913,bD,1.64,15.200,10.660,0.004,197.577,0.818,g
2459840.0401526,2022-09-17.5389563,bD,1.71,15.187,10.652,0.004,199.147,0.849,g
2459840.9082912,2022-09-18.4070170,bt,1.48,15.098,10.642,0.005,201.021,0.957,g
2459840.9095363,2022-09-18.4082620,bt,1.49,15.120,10.683,0.005,193.517,0.902,g
2459840.9107785,2022-09-18.4095041,bt,1.48,15.094,10.631,0.005,202.997,0.889,g
2459843.0247699,2022-09-20.5233064,bD,1.52,15.210,10.662,0.004,197.389,0.838,g
2459843.0260367,2022-09-20.5245731,bD,1.49,15.208,10.654,0.004,198.780,0.802,g
2459843.0272952,2022-09-20.5258314,bD,1.5,15.210,10.657,0.004,198.281,0.815,g
2459843.8750116,2022-09-21.3734721,bl,1.54,15.095,10.623,0.006,204.456,0.982,g
2459843.8762532,2022-09-21.3747137,bl,1.54,15.100,10.626,0.006,204.006,0.998,g
2459843.8774938,2022-09-21.3759542,bl,1.51,15.093,10.634,0.006,202.663,0.979,g
2459845.7675036,2022-09-23.2657960,bl,1.48,15.026,10.621,0.005,204.979,0.948,g
2459845.7687551,2022-09-23.2670474,bl,1.46,15.029,10.626,0.005,203.947,0.961,g
2459845.7700134,2022-09-23.2683056,bl,1.5,15.036,10.627,0.006,203.687,1.017,g
2459846.7745085,2022-09-24.2727117,bl,1.48,15.032,10.605,0.005,207.859,0.968,g
2459846.7757484,2022-09-24.2739515,bl,1.51,15.011,10.552,0.005,218.241,1.037,g
2459846.7769879,2022-09-24.2751909,bl,1.45,15.029,10.581,0.005,212.523,0.971,g
2459847.8128648,2022-09-25.3109764,bl,1.49,15.064,10.616,0.005,205.765,0.988,g
2459847.8141126,2022-09-25.3122240,bl,1.47,15.076,10.632,0.005,202.846,0.972,g
2459847.8153591,2022-09-25.3134705,bl,1.49,15.065,10.619,0.006,205.205,1.033,g
2459848.8396997,2022-09-26.3377210,bl,1.47,15.089,10.629,0.005,203.469,0.960,g
2459848.8409533,2022-09-26.3389745,bl,1.51,15.081,10.617,0.005,205.580,0.962,g
2459849.5657444,2022-09-27.0637021,bp,1.55,14.973,10.650,0.005,199.510,0.912,g
2459849.5669795,2022-09-27.0649371,bp,1.49,14.974,10.649,0.005,199.759,0.971,g
2459849.5682143,2022-09-27.0661718,bp,1.49,14.971,10.641,0.005,201.153,0.896,g
2459850.9926055,2022-09-28.4904389,bD,1.47,15.199,10.648,0.004,199.901,0.820,g
2459850.9938604,2022-09-28.4916936,bD,1.5,15.204,10.654,0.004,198.848,0.802,g
2459850.9951141,2022-09-28.4929472,bD,1.54,15.202,10.644,0.004,200.709,0.801,g
2459852.7541806,2022-09-30.2518615,bl,1.49,15.020,10.623,0.006,204.623,1.018,g
2459852.7554246,2022-09-30.2531054,bl,1.51,15.036,10.659,0.005,197.887,0.966,g
2459852.7566617,2022-09-30.2543424,bl,1.5,15.024,10.632,0.006,202.858,1.009,g
2459854.1266426,2022-10-01.6242056,bD,1.49,15.273,10.655,0.004,198.687,0.746,g
2459854.1279036,2022-10-01.6254665,bD,1.49,15.272,10.656,0.004,198.287,0.724,g
2459854.1291729,2022-10-01.6267357,bD,1.51,15.271,10.652,0.004,199.282,0.698,g
2459854.9534778,2022-10-02.4509704,bt,1.66,15.011,10.616,0.009,205.859,1.661,g
2459854.9547102,2022-10-02.4522026,bt,1.65,14.958,10.636,0.008,202.185,1.488,g
2459854.9559594,2022-10-02.4534517,bt,1.63,14.919,10.617,0.006,205.675,1.119,g
2459855.8641331,2022-10-03.3615484,bl,1.44,15.131,10.662,0.006,197.322,0.944,g
2459855.8653737,2022-10-03.3627889,bl,1.48,15.114,10.635,0.005,202.422,0.929,g
2459855.8666261,2022-10-03.3640412,bl,1.49,15.126,10.656,0.005,198.370,0.903,g
2459857.8619253,2022-10-05.3591727,bt,1.7,15.050,10.647,0.005,200.147,0.947,g
2459857.8631778,2022-10-05.3604251,bt,1.74,15.063,10.660,0.005,197.749,0.959,g
2459857.8644221,2022-10-05.3616693,bt,1.71,15.055,10.637,0.005,201.944,0.936,g
2459860.4782674,2022-10-07.9752984,bp,1.6,14.845,10.657,0.006,198.125,1.109,g
2459860.4795128,2022-10-07.9765438,bp,1.58,14.858,10.633,0.006,202.638,1.100,g
2459860.4807704,2022-10-07.9778012,bp,1.54,14.847,10.642,0.006,200.993,1.098,g
2459861.7350621,2022-10-09.2319907,bl,1.63,14.957,10.680,0.006,194.219,1.121,g
2459861.7362905,2022-10-09.2332191,bl,1.68,14.960,10.674,0.006,195.207,1.106,g
2459861.7375416,2022-10-09.2344700,bl,1.62,14.954,10.674,0.006,195.123,1.052,g
2459864.8268666,2022-10-12.3235480,bt,1.57,14.896,10.673,0.008,195.306,1.445,g
2459864.8280865,2022-10-12.3247678,bt,1.49,14.946,10.635,0.007,202.441,1.368,g
2459864.8293212,2022-10-12.3260024,bt,1.49,14.880,10.675,0.008,195.116,1.365,g
2459865.8511293,2022-10-13.3477303,bt,1.45,15.038,10.680,0.006,194.081,1.074,g
2459865.8523653,2022-10-13.3489662,bt,1.55,14.984,10.667,0.007,196.574,1.293,g
2459865.8535931,2022-10-13.3501939,bt,1.59,14.997,10.638,0.007,201.591,1.281,g
2459866.7957375,2022-10-14.2922651,bl,1.62,15.066,10.642,0.006,200.943,1.137,g
2459866.7969780,2022-10-14.2935055,bl,1.59,15.074,10.641,0.006,201.111,1.114,g
2459866.7982338,2022-10-14.2947612,bl,1.55,15.070,10.651,0.006,199.390,1.154,g
2459867.8286727,2022-10-15.3251207,bl,1.52,15.084,10.611,0.006,206.850,1.023,g
2459867.8299030,2022-10-15.3263510,bl,1.57,15.104,10.657,0.005,198.399,0.951,g
2459867.8311331,2022-10-15.3275810,bl,1.54,15.097,10.624,0.006,204.276,1.044,g
2459869.6990048,2022-10-17.1953113,bl,1.55,15.011,10.652,0.005,199.172,0.961,g
2459869.7002448,2022-10-17.1965512,bl,1.54,14.995,10.630,0.005,203.252,0.992,g
2459870.7230660,2022-10-18.2192961,bH,1.45,15.146,10.607,0.005,207.569,1.038,g
2459870.7243529,2022-10-18.2205829,bH,1.45,15.140,10.589,0.006,210.968,1.103,g
2459870.7256416,2022-10-18.2218715,bH,1.43,15.153,10.613,0.005,206.541,0.911,g
2459872.0828038,2022-10-19.5789340,bD,1.48,15.164,10.668,0.004,196.304,0.780,g
2459872.0840654,2022-10-19.5801955,bD,1.49,15.132,10.670,0.005,195.786,0.820,g
2459872.0853179,2022-10-19.5814479,bD,1.46,15.179,10.679,0.004,194.183,0.795,g
2459873.8420914,2022-10-21.3380949,bt,1.5,15.143,10.663,0.006,197.269,0.995,g
2459873.8433241,2022-10-21.3393275,bt,1.47,15.141,10.660,0.005,197.695,0.930,g
2459873.8445577,2022-10-21.3405611,bt,1.5,15.148,10.663,0.005,197.197,0.881,g
2459874.8280766,2022-10-22.3240103,bH,1.41,15.220,10.652,0.004,199.234,0.818,g
2459874.8293625,2022-10-22.3252961,bH,1.46,15.215,10.643,0.004,200.869,0.854,g
2459874.8306515,2022-10-22.3265851,bH,1.39,15.212,10.638,0.005,201.830,0.891,g
2459876.6861768,2022-10-24.1819819,bH,1.37,15.177,10.716,0.005,187.814,0.892,g
2459876.6874664,2022-10-24.1832713,bH,1.41,15.150,10.644,0.005,200.522,1.056,g
2459876.6887555,2022-10-24.1845604,bH,1.4,15.149,10.643,0.005,200.980,1.002,g
2459877.7172986,2022-10-25.2130336,bH,1.44,15.193,10.677,0.004,194.570,0.799,g
2459877.7185873,2022-10-25.2143223,bH,1.44,15.191,10.671,0.005,195.682,0.909,g
2459877.7198739,2022-10-25.2156087,bH,1.46,15.179,10.651,0.005,199.413,0.907,g
2459880.4273203,2022-10-27.9228769,bp,1.6,14.937,10.727,0.005,185.922,0.984,g
2459880.4285834,2022-10-27.9241399,bp,1.57,14.936,10.717,0.005,187.614,0.949,g
2459880.4298199,2022-10-27.9253764,bp,1.64,14.948,10.734,0.005,184.581,0.963,g
2459880.8720823,2022-10-28.3676104,bt,1.67,15.148,10.695,0.005,191.405,0.888,g
2459880.8733245,2022-10-28.3688524,bt,1.71,15.163,10.719,0.005,187.367,0.864,g
2459880.8745640,2022-10-28.3700919,bt,1.74,15.154,10.705,0.005,189.543,0.875,g
2459881.8035243,2022-10-29.2989932,bH,1.43,15.220,10.661,0.005,197.389,0.853,g
2459881.8048210,2022-10-29.3002899,bH,1.41,15.228,10.679,0.004,194.349,0.806,g
2459881.8060944,2022-10-29.3015633,bH,1.38,15.226,10.669,0.004,196.009,0.783,g
2459882.6840156,2022-10-30.1794298,bl,1.49,15.074,10.679,0.005,194.375,0.946,g
2459882.6852643,2022-10-30.1806784,bl,1.51,15.075,10.682,0.006,193.672,0.968,g
2459882.6865076,2022-10-30.1819216,bl,1.51,15.079,10.683,0.006,193.719,0.957,g
2459882.8388408,2022-10-30.3342454,bl,1.49,15.123,10.674,0.005,195.094,0.927,g
2459882.8400824,2022-10-30.3354869,bl,1.46,15.106,10.639,0.005,201.496,0.950,g
2459882.8413292,2022-10-30.3367336,bl,1.48,15.127,10.686,0.005,193.019,0.871,g
2459883.6811796,2022-10-31.1765326,bl,1.49,15.040,10.633,0.005,202.627,0.953,g
2459883.6824321,2022-10-31.1777851,bl,1.51,15.051,10.659,0.005,197.839,0.951,g
2459883.6836632,2022-10-31.1790161,bl,1.53,15.036,10.629,0.005,203.322,0.927,g
2459883.8357398,2022-10-31.3310835,bH,1.46,15.201,10.632,0.004,202.780,0.763,g
2459883.8370256,2022-10-31.3323692,bH,1.49,15.202,10.631,0.004,203.064,0.788,g
2459883.8383201,2022-10-31.3336636,bH,1.5,15.205,10.644,0.004,200.811,0.826,g
2459884.4244893,2022-10-31.9197976,bp,1.73,14.896,10.668,0.005,196.196,1.010,g
2459884.4257311,2022-10-31.9210393,bp,1.66,14.895,10.662,0.005,197.354,0.943,g
2459884.4270901,2022-10-31.9223983,bp,1.66,14.889,10.647,0.005,200.062,0.998,g
2459884.9224212,2022-11-01.4176999,bD,1.47,15.241,10.682,0.004,193.762,0.794,g
2459884.9236795,2022-11-01.4189582,bD,1.47,15.241,10.681,0.004,193.867,0.795,g
2459885.8959771,2022-11-02.3911988,bD,1.57,15.200,10.661,0.004,197.438,0.795,g
2459885.8972366,2022-11-02.3924582,bD,1.52,15.195,10.655,0.004,198.769,0.819,g
2459885.8985005,2022-11-02.3937220,bD,1.54,15.193,10.652,0.004,199.182,0.806,g
2459886.4218336,2022-11-02.9170249,bp,1.61,14.898,10.651,0.005,199.399,1.040,g
2459886.4230858,2022-11-02.9182770,bp,1.56,14.888,10.639,0.005,201.476,1.046,g
2459886.4243278,2022-11-02.9195189,bp,1.59,14.871,10.624,0.005,204.326,1.050,g
2459886.8957109,2022-11-03.3908752,bD,1.52,15.176,10.648,0.004,199.872,0.861,g
2459886.8969870,2022-11-03.3921511,bD,1.45,15.178,10.638,0.004,201.790,0.832,g
2459886.8982406,2022-11-03.3934047,bD,1.45,15.174,10.637,0.004,201.996,0.858,g
2459887.6695727,2022-11-04.1646933,bl,1.5,15.045,10.577,0.007,213.334,1.370,g
2459887.6708075,2022-11-04.1659281,bl,1.6,15.054,10.610,0.007,206.899,1.326,g
2459887.6720480,2022-11-04.1671685,bl,1.56,15.055,10.624,0.007,204.428,1.317,g
2459891.4169922,2022-11-07.9119123,bp,1.71,14.842,10.649,0.006,199.745,1.127,g
2459891.4182332,2022-11-07.9131533,bp,1.59,14.808,10.644,0.006,200.541,1.131,g
2459891.4194655,2022-11-07.9143855,bp,1.56,14.823,10.639,0.007,201.514,1.165,g
2459893.3930409,2022-11-09.8878626,bp,2.0,14.766,10.649,0.006,199.641,1.135,g
2459893.3942700,2022-11-09.8890917,bp,1.66,14.808,10.659,0.007,197.894,1.154,g
2459893.3955123,2022-11-09.8903338,bp,1.64,14.807,10.665,0.006,196.813,1.109,g
2459895.6447316,2022-11-12.1394474,bH,1.91,99.990,99.990,99.990,99.990,99.990,g
2459897.6702709,2022-11-14.1648973,bl,1.48,15.082,10.650,0.005,199.624,0.908,g
2459897.6715106,2022-11-14.1661370,bl,1.46,15.080,10.635,0.005,202.360,0.959,g
2459897.6727560,2022-11-14.1673823,bl,1.5,15.053,10.579,0.005,212.982,0.989,g
2459898.8540539,2022-11-15.3486308,bl,1.51,15.120,10.661,0.006,197.570,1.002,g
2459898.8553180,2022-11-15.3498949,bl,1.52,15.111,10.660,0.006,197.682,0.992,g
2459898.8565702,2022-11-15.3511470,bl,1.49,15.102,10.662,0.006,197.219,1.004,g
2459900.5614190,2022-11-17.0559278,bp,1.53,14.954,10.629,0.005,203.391,1.011,g
2459900.5626774,2022-11-17.0571862,bp,1.61,14.954,10.625,0.005,204.107,0.955,g
2459900.5639405,2022-11-17.0584493,bp,1.56,14.947,10.636,0.005,202.048,0.968,g
2459901.9190647,2022-11-18.4135224,bt,1.45,14.995,10.668,0.005,196.205,0.914,g
2459901.9203102,2022-11-18.4147679,bt,1.52,15.047,10.666,0.006,196.750,0.982,g
2459901.9215666,2022-11-18.4160242,bt,1.48,15.074,10.626,0.005,204.006,0.959,g
2459904.4281965,2022-11-20.9225669,bp,1.54,14.977,10.669,0.005,196.200,0.936,g
2459904.4294397,2022-11-20.9238101,bp,1.54,14.980,10.673,0.005,195.293,0.954,g
2459904.4306767,2022-11-20.9250470,bp,1.49,14.982,10.668,0.005,196.289,0.962,g
2459904.4815340,2022-11-20.9759026,bp,1.52,14.996,10.670,0.005,195.944,0.888,g
2459904.4827630,2022-11-20.9771316,bp,1.54,14.995,10.666,0.005,196.629,0.896,g
2459904.4840026,2022-11-20.9783712,bp,1.49,14.998,10.676,0.005,194.905,0.866,g
2459906.3321585,2022-11-22.8264689,bp,1.63,14.834,10.674,0.006,195.160,1.044,g
2459906.3333983,2022-11-22.8277087,bp,1.66,14.846,10.686,0.006,193.029,0.989,g
2459906.3346417,2022-11-22.8289520,bp,1.59,14.856,10.700,0.006,190.513,1.010,g
2459907.8546846,2022-11-24.3489508,bt,1.56,15.118,10.615,0.004,206.092,0.894,g
2459907.8559357,2022-11-24.3502019,bt,1.54,15.135,10.645,0.005,200.558,0.913,g
2459907.8571901,2022-11-24.3514562,bt,1.5,15.140,10.660,0.005,197.604,0.884,g
2459907.9419961,2022-11-24.4362599,bt,1.49,15.109,10.638,0.005,201.749,0.909,g
2459907.9432298,2022-11-24.4374936,bt,1.53,15.103,10.627,0.005,203.818,0.928,g
2459907.9444679,2022-11-24.4387316,bt,1.53,15.086,10.600,0.004,208.927,0.847,g
2459909.4052824,2022-11-25.8995074,bp,1.52,14.942,10.625,0.005,204.120,0.968,g
2459909.4065393,2022-11-25.9007643,bp,1.5,14.957,10.656,0.005,198.434,0.929,g
2459909.4077873,2022-11-25.9020123,bp,1.51,14.950,10.647,0.005,200.036,0.903,g
2459910.3300429,2022-11-26.8242451,bp,1.69,14.883,10.687,0.006,192.843,1.014,g
2459910.3312960,2022-11-26.8254982,bp,1.68,14.877,10.673,0.006,195.283,1.033,g
2459910.3325334,2022-11-26.8267356,bp,1.64,14.880,10.672,0.006,195.613,0.973,g
2459913.4737038,2022-11-29.9678382,bp,1.49,14.953,10.651,0.005,199.261,0.918,g
2459913.4749446,2022-11-29.9690789,bp,1.56,14.962,10.680,0.005,194.060,0.956,g
2459913.4761982,2022-11-29.9703326,bp,1.56,14.947,10.656,0.005,198.445,0.950,g
2459913.9019353,2022-11-30.3960617,bt,1.53,15.081,10.651,0.005,199.356,0.947,g
2459913.9031806,2022-11-30.3973070,bt,1.42,15.047,10.606,0.006,207.702,1.027,g
2459913.9044444,2022-11-30.3985707,bt,1.46,15.062,10.647,0.006,199.956,0.978,g
2459914.8127435,2022-12-01.3068537,bl,1.52,15.101,10.652,0.006,199.278,0.986,g
2459914.8139806,2022-12-01.3080909,bl,1.45,15.095,10.636,0.006,202.139,1.023,g
2459914.8152322,2022-12-01.3093424,bl,1.48,15.093,10.632,0.006,202.782,1.088,g
2459915.6166299,2022-12-02.1107270,bl,1.5,15.095,10.722,0.005,186.776,0.890,g
2459915.6178670,2022-12-02.1119641,bl,1.5,15.104,10.720,0.005,187.134,0.908,g
2459915.6191159,2022-12-02.1132130,bl,1.49,15.091,10.704,0.005,189.909,0.918,g
2459916.7787218,2022-12-03.2728017,bt,1.5,15.158,10.725,0.005,186.232,0.899,g
2459916.7799636,2022-12-03.2740434,bt,1.5,15.117,10.717,0.006,187.542,0.927,g
2459916.7812194,2022-12-03.2752992,bt,1.49,15.098,10.694,0.005,191.767,0.874,g
2459921.3825345,2022-12-07.8765672,bp,1.59,14.834,10.662,0.006,197.314,1.040,g
2459921.3837878,2022-12-07.8778205,bp,1.6,14.857,10.665,0.006,196.806,1.090,g
2459921.3850275,2022-12-07.8790602,bp,1.54,14.864,10.661,0.006,197.463,1.045,g
2459924.9472558,2022-12-11.4412753,bt,1.45,15.015,10.657,0.006,198.317,1.027,g
2459924.9484918,2022-12-11.4425112,bt,1.53,15.016,10.631,0.005,203.118,0.984,g
2459924.9497381,2022-12-11.4437575,bt,1.49,15.037,10.645,0.006,200.600,1.128,g
2459926.6555352,2022-12-13.1495554,bt,1.55,15.038,10.610,0.005,206.995,0.938,g
2459926.6567756,2022-12-13.1507959,bt,1.58,15.035,10.613,0.005,206.333,0.894,g
2459926.6580172,2022-12-13.1520375,bt,1.57,15.039,10.606,0.005,207.748,0.929,g
2459927.7380794,2022-12-14.2321026,bl,1.55,15.086,10.636,0.006,202.133,1.048,g
2459927.7393215,2022-12-14.2333446,bl,1.57,15.086,10.623,0.006,204.518,1.065,g
2459927.7405513,2022-12-14.2345744,bl,1.58,15.097,10.652,0.006,199.245,0.986,g
2459927.7976115,2022-12-14.2916349,bt,1.51,14.789,10.625,0.006,204.159,1.110,g
2459927.7988414,2022-12-14.2928647,bt,1.55,14.952,10.634,0.006,202.402,1.092,g
2459927.8000718,2022-12-14.2940952,bt,1.55,15.087,10.657,0.005,198.220,0.941,g
2459928.8796556,2022-12-15.3736839,bt,1.68,15.082,10.621,0.005,204.977,0.895,g
2459928.8809079,2022-12-15.3749363,bt,1.67,15.087,10.620,0.005,205.150,0.959,g
2459928.8821520,2022-12-15.3761803,bt,1.6,15.076,10.604,0.005,208.070,0.890,g
2459929.8077413,2022-12-16.3017753,bt,1.52,14.373,10.708,0.010,189.145,1.815,g
2459929.8089913,2022-12-16.3030253,bt,1.44,14.677,10.688,0.009,192.765,1.603,g
2459929.8102133,2022-12-16.3042474,bt,1.48,14.716,10.660,0.008,197.650,1.412,g
2459930.7778733,2022-12-17.2719148,bH,1.4,15.166,10.645,0.004,200.397,0.799,g
2459930.7791734,2022-12-17.2732149,bH,1.4,15.148,10.624,0.004,204.277,0.784,g
2459930.7804695,2022-12-17.2745110,bH,1.41,15.149,10.616,0.004,205.889,0.787,g
2459931.7346968,2022-12-18.2287472,bl,1.46,15.110,10.660,0.005,197.722,0.947,g
2459931.7359376,2022-12-18.2299879,bl,1.52,15.102,10.644,0.005,200.752,0.903,g
2459931.7371792,2022-12-18.2312295,bl,1.49,15.111,10.667,0.005,196.311,0.914,g
2459932.8430482,2022-12-19.3371106,bt,1.56,15.082,10.609,0.005,207.178,0.946,g
2459932.8442877,2022-12-19.3383501,bt,1.53,15.095,10.641,0.006,201.140,0.995,g
2459932.8455214,2022-12-19.3395838,bt,1.5,15.085,10.627,0.005,203.692,0.936,g
2459933.7694559,2022-12-20.2635299,bl,1.48,15.085,10.656,0.006,198.374,0.973,g
2459933.7707070,2022-12-20.2647810,bl,1.47,15.088,10.668,0.005,196.276,0.955,g
2459933.7719498,2022-12-20.2660239,bl,1.47,15.094,10.678,0.005,194.516,0.919,g
2459944.4719521,2022-12-30.9662588,bp,1.63,14.970,10.675,0.005,194.978,0.971,g
2459944.4732012,2022-12-30.9675079,bp,1.56,14.952,10.640,0.005,201.388,0.930,g
2459944.4744292,2022-12-30.9687359,bp,1.62,14.946,10.636,0.005,202.241,0.966,g
2459949.3238522,2023-01-04.8183225,bp,1.71,14.865,10.617,0.005,205.735,1.074,g
2459949.3250921,2023-01-04.8195624,bp,1.68,14.845,10.632,0.005,202.858,1.077,g
2459949.3263216,2023-01-04.8207920,bp,1.77,14.792,10.638,0.006,201.633,1.086,g
2459952.3438238,2023-01-07.8384134,bp,1.52,14.944,10.632,0.005,202.861,1.024,g
2459952.3450774,2023-01-07.8396670,bp,1.51,14.918,10.631,0.005,203.078,1.011,g
2459952.3463040,2023-01-07.8408936,bp,1.57,14.936,10.639,0.005,201.639,0.968,g
2459953.3390686,2023-01-08.8337003,bp,1.59,14.934,10.624,0.005,204.464,0.947,g
2459953.3403035,2023-01-08.8349353,bp,1.64,14.950,10.633,0.005,202.796,0.981,g
2459953.3417198,2023-01-08.8363517,bp,1.59,14.939,10.634,0.005,202.447,0.980,g
2459954.3384139,2023-01-09.8330894,bp,1.51,14.988,10.671,0.005,195.647,0.936,g
2459954.3396557,2023-01-09.8343313,bp,1.52,14.987,10.672,0.005,195.550,0.873,g
2459954.3409067,2023-01-09.8355824,bp,1.49,14.986,10.671,0.005,195.857,0.923,g
2459955.7445351,2023-01-11.2392747,bl,1.51,15.039,10.641,0.006,201.101,1.030,g
2459955.7457719,2023-01-11.2405116,bl,1.48,15.043,10.656,0.006,198.447,1.074,g
2459955.7470092,2023-01-11.2417489,bl,1.48,15.042,10.649,0.006,199.746,1.012,g
2459955.7548018,2023-01-11.2495419,bH,1.48,15.109,10.646,0.005,200.259,0.917,g
2459955.7560939,2023-01-11.2508340,bH,1.51,15.103,10.631,0.005,202.902,0.955,g
2459955.7573866,2023-01-11.2521268,bH,1.48,15.127,10.648,0.005,199.914,0.876,g
2459958.7486539,2023-01-14.2435394,bl,1.45,15.031,10.628,0.006,203.601,1.121,g
2459958.7499017,2023-01-14.2447872,bl,1.44,15.033,10.626,0.006,204.078,1.040,g
2459958.7511457,2023-01-14.2460313,bl,1.45,15.035,10.639,0.006,201.503,1.077,g
2459959.6350451,2023-01-15.1299758,bl,1.48,15.097,10.641,0.005,201.131,0.943,g
2459959.6362830,2023-01-15.1312138,bl,1.51,15.068,10.588,0.006,211.097,1.002,g
2459959.6375258,2023-01-15.1324567,bl,1.47,15.089,10.629,0.005,203.398,0.954,g
2459961.7399148,2023-01-17.2349575,bt,1.56,15.094,10.638,0.005,201.881,0.897,g
2459961.7411564,2023-01-17.2361992,bt,1.61,15.079,10.614,0.005,206.304,0.952,g
2459961.7423936,2023-01-17.2374365,bt,1.63,15.081,10.626,0.005,203.863,0.895,g
2459961.8377592,2023-01-17.3328073,bt,1.53,14.981,10.599,0.005,209.114,1.025,g
2459961.8390069,2023-01-17.3340552,bt,1.47,14.817,10.570,0.007,214.820,1.362,g
2459961.8402486,2023-01-17.3352968,bt,1.54,14.859,10.642,0.008,201.116,1.447,g
2459964.4987557,2023-01-19.9939540,bp,1.58,15.059,10.639,0.007,201.667,1.257,g
2459964.4999975,2023-01-19.9951958,bp,1.55,15.059,10.639,0.007,201.573,1.216,g
2459964.5012394,2023-01-19.9964378,bp,1.56,15.068,10.648,0.007,199.917,1.211,g
2459965.4883537,2023-01-20.9836100,bp,1.51,15.066,10.598,0.007,209.323,1.263,g
2459965.4895895,2023-01-20.9848459,bp,1.49,15.078,10.635,0.007,202.213,1.199,g
2459965.4908347,2023-01-20.9860912,bp,1.46,15.078,10.633,0.007,202.714,1.226,g
2459966.5983893,2023-01-22.0937122,bl,1.47,15.105,10.621,0.005,204.888,0.948,g
2459966.5996298,2023-01-22.0949527,bl,1.5,15.113,10.640,0.006,201.327,0.966,g
2459966.6008712,2023-01-22.0961942,bl,1.5,15.100,10.622,0.005,204.598,0.956,g
2459967.8113817,2023-01-23.3067791,bt,1.54,15.010,10.602,0.005,208.622,0.981,g
2459967.8126033,2023-01-23.3080008,bt,1.57,15.010,10.597,0.005,209.506,0.968,g
2459967.8138392,2023-01-23.3092368,bt,1.54,15.006,10.593,0.006,210.407,1.065,g
2459968.7192698,2023-01-24.2147242,bl,1.46,15.058,10.668,0.006,196.352,0.999,g
2459968.7205114,2023-01-24.2159658,bl,1.47,15.051,10.655,0.006,198.679,0.999,g
2459968.7217530,2023-01-24.2172075,bl,1.5,15.024,10.601,0.006,208.762,1.059,g
2459969.7193990,2023-01-25.2149172,bH,1.41,15.135,10.617,0.005,205.651,0.930,g
2459969.7207002,2023-01-25.2162185,bH,1.4,15.147,10.643,0.005,200.880,0.890,g
2459969.7219774,2023-01-25.2174957,bH,1.44,15.160,10.678,0.004,194.478,0.830,g
2459969.8035694,2023-01-25.2990930,bt,2.15,14.947,10.637,0.006,201.917,1.152,g
2459969.8048332,2023-01-25.3003568,bt,2.12,14.950,10.643,0.006,200.928,1.119,g
2459969.8060562,2023-01-25.30158,bt,2.12,14.942,10.631,0.006,202.985,1.171,g
2459970.7066686,2023-01-26.2022509,bl,1.47,15.062,10.649,0.006,199.697,1.045,g
2459970.7078960,2023-01-26.2034783,bl,1.47,15.060,10.641,0.006,201.129,1.029,g
2459970.7091390,2023-01-26.2047214,bl,1.44,15.027,10.588,0.006,211.294,1.111,g
2459970.7993479,2023-01-26.2949362,bt,2.39,14.552,10.658,0.011,197.965,1.955,g
2459970.8005779,2023-01-26.2961663,bt,2.36,14.670,10.640,0.008,201.366,1.463,g
2459970.8018220,2023-01-26.2974105,bt,2.38,14.933,10.638,0.006,201.725,1.179,g
2459972.6542469,2023-01-28.1499587,bt,1.64,14.680,10.616,0.007,205.919,1.426,g
2459972.6554712,2023-01-28.1511831,bt,1.63,14.732,10.629,0.007,203.400,1.298,g
2459972.6567046,2023-01-28.1524165,bt,1.62,14.770,10.595,0.007,209.831,1.280,g
2459973.6067255,2023-01-29.1025022,bH,1.42,15.195,10.628,0.004,203.676,0.838,g
2459973.6080024,2023-01-29.1037792,bH,1.41,15.193,10.631,0.004,202.911,0.836,g
2459973.6092947,2023-01-29.1050716,bH,1.42,15.178,10.598,0.004,209.389,0.873,g
2459973.6286238,2023-01-29.1244020,bH,1.39,15.188,10.620,0.004,205.193,0.818,g
2459973.6299125,2023-01-29.1256908,bH,1.44,15.186,10.619,0.004,205.448,0.800,g
2459973.6311952,2023-01-29.1269736,bH,1.38,15.203,10.645,0.004,200.442,0.814,g
2459974.7033923,2023-01-30.1992450,bH,1.41,15.129,10.613,0.005,206.392,0.922,g
2459974.7046772,2023-01-30.2005300,bH,1.44,15.138,10.626,0.005,203.971,0.907,g
2459974.7059609,2023-01-30.2018138,bH,1.41,15.122,10.602,0.004,208.625,0.868,g
2459980.4419242,2023-02-04.9381936,bp,1.63,15.064,10.673,0.006,195.416,1.088,g
2459980.4431686,2023-02-04.9394382,bp,1.51,15.000,10.664,0.006,197.094,1.106,g
2459980.4444054,2023-02-04.9406750,bp,1.61,14.992,10.617,0.006,205.773,1.065,g
2459981.6360213,2023-02-06.1323813,bt,1.63,14.917,10.618,0.007,205.662,1.298,g
2459981.6372873,2023-02-06.1336474,bt,1.67,14.889,10.603,0.006,208.284,1.155,g
2459981.6385256,2023-02-06.1348858,bt,1.72,14.911,10.627,0.006,203.773,1.162,g
2459982.5824553,2023-02-07.0788880,bH,1.5,15.133,10.636,0.005,202.259,0.914,g
2459982.5837356,2023-02-07.0801684,bH,1.48,15.136,10.623,0.004,204.573,0.895,g
2459982.5850143,2023-02-07.0814472,bH,1.52,15.142,10.655,0.005,198.622,0.935,g
2459987.4188660,2023-02-11.9156818,bp,1.52,15.103,10.650,0.006,199.512,1.009,g
2459987.4201033,2023-02-11.9169192,bp,1.53,15.091,10.636,0.006,202.110,1.071,g
2459987.4213477,2023-02-11.9181637,bp,1.51,15.100,10.639,0.006,201.460,1.031,g
2459989.7794432,2023-02-14.2764524,bt,1.66,14.942,10.603,0.007,208.456,1.306,g
2459989.7806894,2023-02-14.2776987,bt,1.62,14.953,10.600,0.008,208.996,1.441,g
2459989.7819417,2023-02-14.2789511,bt,1.62,14.966,10.630,0.007,203.341,1.346,g
2459993.6285420,2023-02-18.1258746,bH,1.45,15.132,10.626,0.004,203.963,0.837,g
2459993.6298308,2023-02-18.1271635,bH,1.46,15.130,10.631,0.004,203.104,0.805,g
2459993.6311201,2023-02-18.1284530,bH,1.43,15.129,10.622,0.004,204.827,0.867,g
2459994.6493830,2023-02-19.1468029,bl,1.48,15.012,10.623,0.006,204.559,1.101,g
2459994.6506235,2023-02-19.1480436,bl,1.46,15.012,10.633,0.006,202.829,1.056,g
2459994.6518661,2023-02-19.1492863,bl,1.49,15.011,10.625,0.006,204.242,1.050,g
2459995.6483498,2023-02-20.1458558,bl,1.52,15.004,10.599,0.006,209.198,1.120,g
2459995.6495895,2023-02-20.1470955,bl,1.51,15.015,10.625,0.006,204.204,1.099,g
2459995.6508310,2023-02-20.1483371,bl,1.48,15.016,10.629,0.006,203.506,1.057,g
2459996.5722411,2023-02-21.0698270,bH,1.42,15.009,10.587,0.005,211.490,1.000,g
2459996.5735390,2023-02-21.0711249,bH,1.41,15.145,10.594,0.004,210.240,0.903,g
2459996.5748365,2023-02-21.0724226,bH,1.41,15.145,10.592,0.004,210.476,0.884,g
2459997.6359251,2023-02-22.1336036,bl,1.47,15.009,10.605,0.006,207.894,1.101,g
2459997.6371666,2023-02-22.1348452,bl,1.49,15.013,10.621,0.006,204.915,1.076,g
2459997.6384140,2023-02-22.1360928,bl,1.48,15.012,10.615,0.006,206.180,1.088,g
2459997.6434859,2023-02-22.1411651,bl,1.47,14.997,10.594,0.006,210.007,1.163,g
2459997.6447383,2023-02-22.1424176,bl,1.46,15.013,10.630,0.006,203.215,1.082,g
2459997.6459787,2023-02-22.1436581,bl,1.45,15.006,10.620,0.006,205.077,1.081,g
2459998.6422274,2023-02-23.1399940,bl,1.46,14.985,10.594,0.006,209.997,1.092,g
2459998.6434692,2023-02-23.1412359,bl,1.46,14.988,10.603,0.006,208.279,1.059,g
2459998.6447069,2023-02-23.1424738,bl,1.53,14.996,10.624,0.006,204.244,1.089,g
2459999.6655611,2023-02-24.1634177,bt,1.57,14.956,10.604,0.006,208.011,1.130,g
2459999.6668015,2023-02-24.1646582,bt,1.64,14.958,10.603,0.006,208.327,1.181,g
2459999.6680409,2023-02-24.1658977,bt,1.62,14.954,10.599,0.006,209.228,1.156,g
2460006.5592018,2023-03-03.0576746,bH,1.59,15.122,10.615,0.005,205.990,0.957,g
2460006.5604964,2023-03-03.0589694,bH,1.59,15.127,10.631,0.005,203.077,1.022,g
2460006.5617807,2023-03-03.0602538,bH,1.58,15.124,10.641,0.006,201.164,0.995,g
2460007.5506327,2023-03-04.0491952,bl,1.5,15.069,10.667,0.006,196.535,1.094,g
2460007.5518524,2023-03-04.0504150,bl,1.59,15.079,10.688,0.006,192.747,1.008,g
2460007.5530961,2023-03-04.0516589,bl,1.53,15.087,10.686,0.006,192.996,1.034,g
2460008.6063504,2023-03-05.1050087,bl,1.58,14.997,10.652,0.006,199.163,1.114,g
2460008.6075780,2023-03-05.1062364,bl,1.49,15.000,10.646,0.006,200.394,1.080,g
2460008.6088196,2023-03-05.1074781,bl,1.61,15.007,10.641,0.007,201.329,1.201,g
2460009.6056139,2023-03-06.1043630,bl,1.55,14.993,10.658,0.006,198.180,1.090,g
2460009.6068487,2023-03-06.1055978,bl,1.54,14.983,10.655,0.006,198.626,1.159,g
2460009.6081043,2023-03-06.1068536,bl,1.52,15.003,10.666,0.006,196.679,1.140,g
2460010.5786233,2023-03-07.0774608,bH,1.62,14.983,10.668,0.006,196.262,1.149,g
2460010.5799122,2023-03-07.0787499,bH,1.48,14.971,10.656,0.007,198.569,1.275,g
2460010.5811948,2023-03-07.0800326,bH,1.43,14.980,10.636,0.007,202.050,1.293,g
2460011.5997025,2023-03-08.0986331,bl,1.54,14.986,10.678,0.006,194.377,1.122,g
2460011.6009466,2023-03-08.0998773,bl,1.5,14.946,10.649,0.006,199.653,1.142,g
2460011.6021861,2023-03-08.1011168,bl,1.49,14.977,10.660,0.006,197.861,1.156,g
2460012.5570622,2023-03-09.0560799,bl,1.49,15.053,10.647,0.006,200.000,1.076,g
2460012.5583038,2023-03-09.0573217,bl,1.5,15.012,10.577,0.006,213.323,1.095,g
2460012.5595620,2023-03-09.0585800,bl,1.52,15.036,10.648,0.006,199.788,1.061,g
2460013.5941878,2023-03-10.0933003,bH,1.49,15.095,10.641,0.006,201.207,1.102,g
2460013.5954663,2023-03-10.0945789,bH,1.42,15.085,10.638,0.006,201.747,0.987,g
2460013.5967567,2023-03-10.0958694,bH,1.44,15.100,10.652,0.006,199.263,0.973,g
2460014.5968246,2023-03-11.0960286,bl,1.52,15.015,10.659,0.006,197.824,1.054,g
2460014.5980642,2023-03-11.0972682,bl,1.45,15.012,10.661,0.006,197.439,1.057,g
2460014.5993130,2023-03-11.0985171,bl,1.47,15.006,10.660,0.006,197.719,1.068,g
2460015.5805620,2023-03-12.0798557,bH,1.46,15.106,10.628,0.005,203.571,0.925,g
2460015.5818481,2023-03-12.0811419,bH,1.48,15.091,10.623,0.005,204.579,0.896,g
2460015.5831351,2023-03-12.0824290,bH,1.4,15.101,10.640,0.006,201.386,0.997,g
2460016.5873353,2023-03-13.0867209,bH,1.42,15.113,10.604,0.004,208.141,0.843,g
2460016.5886356,2023-03-13.0880213,bH,1.44,15.111,10.601,0.004,208.791,0.858,g
2460016.5899188,2023-03-13.0893046,bH,1.41,15.115,10.611,0.005,206.827,0.962,g
2460017.5867878,2023-03-14.0862645,bl,1.48,15.016,10.613,0.006,206.348,1.085,g
2460017.5880297,2023-03-14.0875065,bl,1.48,15.024,10.634,0.006,202.462,1.081,g
2460017.5892682,2023-03-14.0887451,bl,1.48,15.027,10.644,0.006,200.752,1.091,g
2460017.6619596,2023-03-14.1614432,bt,1.53,15.128,10.623,0.007,204.600,1.318,g
2460017.6631976,2023-03-14.1626813,bt,1.54,15.141,10.642,0.007,201.006,1.396,g
2460017.6644288,2023-03-14.1639126,bt,1.58,15.123,10.650,0.008,199.586,1.353,g
2460018.5855027,2023-03-15.0850704,bl,1.47,15.004,10.625,0.006,204.184,1.141,g
2460018.5867411,2023-03-15.0863089,bl,1.51,15.000,10.624,0.006,204.348,1.204,g
2460018.5879818,2023-03-15.0875497,bl,1.45,14.998,10.620,0.006,204.996,1.196,g
2460018.6624866,2023-03-15.1620613,bt,1.61,15.130,10.633,0.007,202.668,1.314,g
2460018.6637235,2023-03-15.1632983,bt,1.69,15.138,10.653,0.007,199.034,1.318,g
2460018.6649617,2023-03-15.1645366,bt,1.66,15.123,10.628,0.007,203.613,1.340,g
2460019.5766855,2023-03-16.0763434,bl,1.51,15.021,10.634,0.006,202.529,1.099,g
2460019.5779269,2023-03-16.077585,bl,1.51,15.040,10.664,0.006,196.975,1.057,g
2460019.5791614,2023-03-16.0788196,bl,1.55,15.043,10.667,0.006,196.571,1.071,g
2460020.5757442,2023-03-17.0754930,bH,1.38,15.137,10.647,0.004,200.087,0.840,g
2460020.5770298,2023-03-17.0767786,bH,1.4,15.134,10.645,0.004,200.499,0.869,g
2460020.5783200,2023-03-17.0780689,bH,1.42,15.141,10.662,0.005,197.434,0.858,g
2460023.5085938,2023-03-20.0086081,bl,1.52,15.069,10.629,0.006,203.530,1.078,g
2460023.5098294,2023-03-20.0098438,bl,1.54,15.044,10.587,0.006,211.533,1.085,g
2460023.5110582,2023-03-20.0110727,bl,1.53,15.075,10.643,0.006,200.846,1.047,g
2460024.5643971,2023-03-21.0645066,bl,1.52,15.020,10.669,0.006,196.107,1.100,g
2460024.5656164,2023-03-21.0657260,bl,1.48,15.010,10.653,0.006,199.137,1.082,g
2460024.5668509,2023-03-21.0669606,bl,1.52,15.014,10.660,0.006,197.586,1.076,g
2460025.5593545,2023-03-22.0595533,bl,1.49,15.033,10.650,0.006,199.492,1.077,g
2460025.5605900,2023-03-22.0607890,bl,1.5,15.025,10.645,0.006,200.496,1.033,g
2460025.5618172,2023-03-22.0620163,bl,1.45,15.021,10.638,0.006,201.757,1.091,g
2460026.5514636,2023-03-23.0517513,bl,1.66,15.037,10.661,0.006,197.403,1.114,g
2460026.5527052,2023-03-23.0529930,bl,1.69,15.015,10.630,0.006,203.382,1.162,g
2460026.5539281,2023-03-23.0542160,bl,1.68,15.030,10.656,0.006,198.372,1.122,g
2460030.5900891,2023-03-27.0907348,bt,2.34,15.041,10.706,0.010,189.597,1.733,g
2460030.5913317,2023-03-27.0919776,bt,2.34,15.043,10.703,0.009,189.946,1.615,g
2460030.5925615,2023-03-27.0932075,bt,2.31,15.064,10.702,0.009,190.169,1.585,g
2460032.5038197,2023-03-29.0046327,bl,1.58,15.080,10.698,0.006,190.919,1.077,g
2460032.5050601,2023-03-29.0058732,bl,1.6,15.062,10.664,0.006,196.916,1.037,g
2460032.5063056,2023-03-29.0071189,bl,1.58,15.064,10.685,0.006,193.148,1.037,g
2460038.4985977,2023-04-03.9999226,bl,1.57,14.714,10.677,0.007,194.674,1.376,g
2460038.4998429,2023-04-04.0011679,bl,1.57,14.737,10.674,0.007,195.186,1.220,g
2460038.5010884,2023-04-04.0024134,bl,1.57,14.782,10.698,0.008,190.986,1.350,g
2460039.5182747,2023-04-05.0196845,bH,1.46,15.097,10.670,0.006,196.020,1.000,g
2460039.5195531,2023-04-05.0209630,bH,1.47,15.080,10.660,0.005,197.772,0.916,g
2460039.5208390,2023-04-05.0222490,bH,1.53,15.078,10.635,0.006,202.251,0.977,g
2460040.5148572,2023-04-06.0163493,bH,1.5,14.893,10.657,0.007,198.378,1.388,g
2460040.5161389,2023-04-06.0176312,bH,1.53,14.975,10.643,0.007,200.826,1.296,g
2460040.5174197,2023-04-06.0189121,bH,1.56,14.935,10.641,0.007,201.182,1.258,g
2460041.5182668,2023-04-07.0198413,bl,1.47,15.004,10.670,0.006,195.969,1.110,g
2460041.5195132,2023-04-07.0210878,bl,1.6,15.001,10.733,0.006,184.827,1.060,g
2460041.5207562,2023-04-07.0223308,bl,1.54,14.996,10.716,0.006,187.867,1.125,g
2460042.5169856,2023-04-08.0186412,bH,1.44,15.086,10.654,0.006,198.929,1.059,g
2460042.5182765,2023-04-08.0199322,bH,1.46,15.106,10.709,0.006,189.085,0.970,g
2460042.5195464,2023-04-08.0212023,bH,1.48,15.097,10.688,0.006,192.726,0.953,g
2460043.5016217,2023-04-09.0033567,bl,1.6,15.064,10.679,0.006,194.408,1.110,g
2460043.5028516,2023-04-09.0045867,bl,1.52,15.059,10.675,0.006,195.109,1.049,g
2460043.5040925,2023-04-09.0058277,bl,1.56,15.061,10.687,0.006,192.843,1.040,g
2460044.5082379,2023-04-10.0100533,bH,1.44,15.148,10.651,0.004,199.294,0.798,g
2460044.5095347,2023-04-10.0113502,bH,1.43,15.148,10.652,0.004,199.325,0.804,g
2460044.5108121,2023-04-10.0126277,bH,1.47,15.153,10.663,0.005,196.991,0.897,g
2460045.4912591,2023-04-10.9931522,bl,1.67,15.055,10.676,0.006,194.741,1.136,g
2460045.4925025,2023-04-10.9943957,bl,1.61,15.044,10.662,0.006,197.348,1.126,g
2460045.4937404,2023-04-10.9956337,bl,1.62,15.051,10.676,0.006,194.808,1.103,g
2460046.4977186,2023-04-11.9996905,bH,1.48,15.134,10.628,0.005,203.621,0.915,g
2460046.4990038,2023-04-12.0009759,bH,1.45,15.142,10.634,0.004,202.454,0.827,g
2460046.5002951,2023-04-12.0022673,bH,1.48,15.135,10.639,0.005,201.543,0.901,g
2460047.4870300,2023-04-12.9890786,bl,1.57,15.045,10.648,0.006,199.828,1.106,g
2460047.4882719,2023-04-12.9903206,bl,1.62,15.049,10.657,0.006,198.089,1.095,g
2460047.4895091,2023-04-12.9915579,bl,1.54,15.047,10.655,0.006,198.644,1.094,g
2460048.4934133,2023-04-13.9955391,bH,1.43,15.138,10.632,0.004,202.770,0.862,g
2460048.4947114,2023-04-13.9968373,bH,1.41,15.144,10.633,0.004,202.720,0.877,g
2460048.4960093,2023-04-13.9981353,bH,1.43,15.139,10.628,0.004,203.770,0.856,g
2460050.4692557,2023-04-15.9715305,bl,1.61,15.029,10.634,0.006,202.368,1.149,g
2460050.4705002,2023-04-15.9727751,bl,1.62,15.037,10.641,0.006,201.083,1.109,g
2460050.4717216,2023-04-15.9739966,bl,1.58,15.027,10.625,0.006,204.095,1.134,g
2460051.4798268,2023-04-16.9821765,bl,2.07,15.019,10.652,0.007,199.287,1.283,g
2460051.4810630,2023-04-16.9834128,bl,2.07,15.015,10.658,0.007,198.135,1.275,g
2460051.4823071,2023-04-16.9846570,bl,2.04,15.009,10.643,0.007,200.853,1.266,g
2460053.4828733,2023-04-18.9853686,bH,1.57,14.589,10.647,0.008,200.149,1.434,g
2460053.4841586,2023-04-18.9866540,bH,1.56,14.793,10.559,0.006,216.985,1.337,g
2460053.4854443,2023-04-18.9879398,bH,1.56,15.061,10.590,0.005,210.839,0.949,g
2460056.4710210,2023-04-21.9737263,bH,1.4,15.143,10.662,0.005,197.192,0.804,g
2460056.4723048,2023-04-21.9750102,bH,1.43,15.133,10.630,0.004,203.263,0.835,g
2460056.4735846,2023-04-21.9762901,bH,1.43,15.133,10.635,0.004,202.225,0.857,g
2460058.5137922,2023-04-24.0166359,bl,2.17,14.876,10.661,0.009,197.549,1.599,g
2460058.5150225,2023-04-24.0178662,bl,2.14,14.873,10.651,0.009,199.265,1.651,g
2460058.5162628,2023-04-24.0191066,bl,2.18,14.865,10.657,0.009,198.294,1.599,g
2460059.4599333,2023-04-24.9628395,bl,2.46,14.902,10.661,0.009,197.455,1.602,g
2460059.4611820,2023-04-24.9640883,bl,2.36,14.897,10.648,0.009,199.964,1.648,g
2460061.4612472,2023-04-26.9642825,bH,1.56,15.107,10.659,0.005,197.806,0.892,g
2460061.4625316,2023-04-26.9655670,bH,1.46,15.091,10.613,0.005,206.420,0.856,g
2460061.4638318,2023-04-26.9668673,bH,1.47,15.103,10.635,0.005,202.308,0.897,g
2460139.6830428,2023-07-14.1868394,bp,1.52,14.418,10.771,0.016,178.406,2.535,g
2460139.6843700,2023-07-14.1881665,bp,1.47,14.668,10.725,0.019,186.155,3.269,g
2460139.6856915,2023-07-14.1894880,bp,1.64,14.862,10.720,0.009,186.963,1.490,g
2460142.6712190,2023-07-17.1748715,bp,1.66,14.340,10.715,0.011,187.924,1.946,g
2460142.6724564,2023-07-17.1761089,bp,1.66,14.354,10.698,0.010,190.822,1.721,g
2460142.6736791,2023-07-17.1773315,bp,1.61,14.216,10.638,0.010,201.644,1.810,g
2460145.9216951,2023-07-20.4251782,bH,1.52,15.059,10.653,0.005,198.869,0.950,g
2460145.9229804,2023-07-20.4264633,bH,1.55,15.050,10.636,0.005,202.009,0.944,g
2460145.9242578,2023-07-20.4277406,bH,1.54,15.060,10.644,0.005,200.546,0.920,g
2460149.9156130,2023-07-24.4188703,bH,1.82,14.770,10.754,0.012,181.238,2.071,g
2460149.9168870,2023-07-24.4201443,bH,1.91,14.247,11.079,0.020,134.328,2.402,g
2460149.9181614,2023-07-24.4214186,bH,1.94,13.767,10.538,0.020,221.246,4.057,g
2460150.9340546,2023-07-25.4372514,bH,1.58,15.085,10.663,0.006,197.233,1.016,g
2460150.9353402,2023-07-25.4385370,bH,1.58,15.081,10.606,0.006,207.783,1.024,g
2460150.9366531,2023-07-25.4398498,bH,1.57,15.078,10.666,0.006,196.577,1.118,g
2460158.6823955,2023-08-02.1850956,bp,1.61,15.003,10.652,0.006,199.042,1.144,g
2460158.6838380,2023-08-02.1865380,bp,1.98,14.958,10.617,0.006,205.775,1.118,g
2460158.9013683,2023-08-02.4040535,bl,1.55,14.952,10.639,0.006,201.435,1.088,g
2460158.9025962,2023-08-02.4052813,bl,1.62,14.941,10.642,0.006,201.035,1.185,g
2460158.9038181,2023-08-02.4065031,bl,1.56,14.966,10.642,0.006,201.077,1.114,g
2460159.9158059,2023-08-03.4184213,bl,1.5,15.039,10.641,0.005,201.340,0.939,g
2460159.9170253,2023-08-03.4196406,bl,1.5,15.028,10.626,0.006,204.013,1.004,g
2460159.9182519,2023-08-03.4208671,bl,1.49,15.040,10.613,0.005,206.482,0.981,g
2460167.6419864,2023-08-11.1440392,bp,1.53,14.929,10.593,0.005,210.310,1.057,g
2460169.5961462,2023-08-13.0980487,bp,1.54,14.924,10.616,0.005,205.824,1.054,g
2460169.5973826,2023-08-13.0992849,bp,1.57,14.945,10.652,0.006,199.157,1.075,g
2460169.5986231,2023-08-13.1005254,bp,1.54,14.937,10.619,0.005,205.254,1.011,g
2460172.6812617,2023-08-16.1829207,bp,1.56,14.576,10.700,0.012,190.634,2.087,g
2460183.5893757,2023-08-27.0901262,bp,1.53,15.074,10.626,0.005,204.003,0.975,g
2460183.5906017,2023-08-27.0913520,bp,1.54,15.060,10.603,0.005,208.279,0.936,g
2460183.5918335,2023-08-27.0925837,bp,1.55,15.103,10.681,0.006,193.931,0.954,g
2460187.1035000,2023-08-30.6039452,bD,1.53,15.185,10.690,0.005,192.427,0.872,g
2460187.1047511,2023-08-30.6051961,bD,1.49,15.191,10.692,0.005,191.991,0.852,g
2460187.1059961,2023-08-30.6064411,bD,1.53,15.196,10.693,0.005,191.741,0.880,g
2460192.0573019,2023-09-04.5573098,bD,1.57,15.128,10.667,0.005,196.299,0.851,g
2460192.0585554,2023-09-04.5585632,bD,1.55,15.184,10.659,0.004,197.943,0.853,g
2460192.0598104,2023-09-04.5598180,bD,1.5,15.202,10.669,0.004,196.226,0.839,g
2460199.1117535,2023-09-11.6111294,bD,1.5,15.259,10.672,0.004,195.607,0.738,g
2460199.1130048,2023-09-11.6123806,bD,1.51,15.267,10.682,0.004,193.767,0.747,g
2460199.1142422,2023-09-11.6136178,bD,1.52,15.278,10.704,0.004,189.769,0.771,g
2460201.8938753,2023-09-14.3930007,bt,1.55,15.106,10.667,0.005,196.488,0.839,g
2460201.8953158,2023-09-14.3944411,bt,1.5,15.119,10.690,0.005,192.228,0.809,g
2460201.8967422,2023-09-14.3958674,bt,1.52,15.097,10.655,0.005,198.564,0.897,g
2460203.0367213,2023-09-15.5357439,bD,1.49,15.220,10.668,0.004,196.243,0.777,g
2460203.0379596,2023-09-15.5369821,bD,1.6,15.214,10.665,0.004,196.866,0.796,g
2460203.0392047,2023-09-15.5382270,bD,1.62,15.215,10.663,0.004,197.084,0.763,g
2460207.0282634,2023-09-19.5269276,bD,1.49,14.813,10.659,0.006,197.825,1.125,g
2460207.0295159,2023-09-19.5281800,bD,1.51,14.872,10.654,0.007,198.727,1.254,g
2460207.0307693,2023-09-19.5294333,bD,1.49,15.077,10.642,0.007,201.040,1.175,g
2460207.9055661,2023-09-20.4041519,bt,1.49,15.082,10.615,0.005,205.935,0.857,g
2460207.9070611,2023-09-20.4056467,bt,1.49,15.087,10.621,0.005,205.005,0.887,g
2460207.9085427,2023-09-20.4071282,bt,1.49,15.076,10.607,0.005,207.549,0.888,g
2460209.0207449,2023-09-21.5192311,bD,1.58,15.181,10.642,0.004,201.061,0.811,g
2460209.0219809,2023-09-21.5204671,bD,1.6,15.182,10.652,0.004,199.044,0.823,g
2460209.0232256,2023-09-21.5217116,bD,1.54,15.178,10.645,0.004,200.597,0.864,g
2460211.8888264,2023-09-24.3870581,bt,1.55,15.065,10.617,0.005,205.731,0.868,g
2460211.8902629,2023-09-24.3884944,bt,1.51,15.080,10.629,0.005,203.449,0.851,g
2460211.8917524,2023-09-24.3899838,bt,1.51,15.078,10.615,0.005,206.056,0.886,g
2460212.8883090,2023-09-25.3864524,bt,1.57,15.118,10.645,0.005,200.411,0.867,g
2460212.8898029,2023-09-25.3879462,bt,1.62,15.126,10.659,0.005,197.890,0.846,g
2460212.8913075,2023-09-25.3894507,bt,1.57,15.113,10.638,0.005,201.763,0.866,g
2460214.0174370,2023-09-26.5154812,bD,1.5,15.205,10.664,0.004,197.101,0.782,g
2460214.0186664,2023-09-26.5167105,bD,1.48,15.209,10.666,0.004,196.666,0.791,g
2460214.0199248,2023-09-26.5179688,bD,1.51,15.213,10.652,0.004,199.161,0.777,g
2460216.7550714,2023-09-29.2528770,bH,2.28,14.420,10.724,0.025,186.377,4.315,g
2460216.7563505,2023-09-29.2541559,bH,2.0,14.538,10.882,0.027,161.250,3.925,g
2460219.5449946,2023-10-02.0425600,bp,1.58,15.100,10.733,0.006,184.815,0.982,g
2460219.5462374,2023-10-02.0438027,bp,1.62,15.085,10.658,0.006,198.006,1.049,g
2460219.5474667,2023-10-02.0450319,bp,1.61,15.108,10.685,0.006,193.324,0.986,g
2460221.9675164,2023-10-04.4648764,bD,1.47,15.174,10.669,0.004,196.028,0.836,g
2460221.9687686,2023-10-04.4661286,bD,1.51,15.159,10.650,0.004,199.415,0.859,g
2460221.9699883,2023-10-04.4673482,bD,1.52,15.162,10.659,0.004,197.866,0.865,g
2460223.9848289,2023-10-06.4820202,bD,1.54,15.197,10.648,0.004,199.849,0.850,g
2460223.9860731,2023-10-06.4832644,bD,1.54,15.198,10.645,0.004,200.454,0.820,g
2460223.9872998,2023-10-06.4844910,bD,1.51,15.195,10.643,0.004,200.757,0.814,g
2460225.7289334,2023-10-08.2259809,bl,1.51,15.027,10.666,0.005,196.690,0.879,g
2460225.7301686,2023-10-08.2272160,bl,1.47,15.028,10.664,0.005,196.922,0.911,g
2460225.7314020,2023-10-08.2284493,bl,1.44,15.022,10.642,0.005,200.946,0.921,g
2460226.8090567,2023-10-09.3060159,bl,1.47,15.120,10.666,0.005,196.542,0.834,g
2460226.8102787,2023-10-09.3072378,bl,1.5,15.119,10.664,0.005,197.054,0.881,g
2460226.8115005,2023-10-09.3084596,bl,1.48,15.124,10.670,0.005,195.905,0.856,g
2460227.9911873,2023-10-10.4880510,bD,1.48,15.236,10.685,0.004,193.202,0.764,g
2460227.9924080,2023-10-10.4892716,bD,1.54,15.247,10.703,0.004,190.078,0.756,g
2460227.9936559,2023-10-10.4905194,bD,1.49,15.237,10.680,0.004,194.033,0.774,g
2460228.9770649,2023-10-11.4738496,bt,1.49,15.178,10.682,0.004,193.681,0.796,g
2460228.9782814,2023-10-11.4750660,bt,1.5,15.176,10.682,0.004,193.648,0.783,g
2460228.9795061,2023-10-11.4762906,bt,1.49,15.171,10.672,0.004,195.616,0.773,g
2460230.7160626,2023-10-13.2127099,bH,1.44,15.141,10.655,0.005,198.652,0.940,g
2460230.7173363,2023-10-13.2139835,bH,1.42,15.144,10.659,0.005,197.926,0.917,g
2460230.7186100,2023-10-13.2152571,bH,1.43,15.146,10.652,0.005,199.069,0.962,g
2460231.7932576,2023-10-14.2898207,bH,1.41,15.213,10.665,0.005,196.863,0.871,g
2460231.7945280,2023-10-14.2910910,bH,1.43,15.198,10.635,0.004,202.362,0.867,g
2460231.7958039,2023-10-14.2923668,bH,1.47,15.189,10.622,0.004,204.737,0.846,g
2460231.8663207,2023-10-14.3628782,bt,1.49,15.133,10.634,0.004,202.549,0.828,g
2460231.8675639,2023-10-14.3641213,bt,1.48,15.138,10.638,0.004,201.650,0.840,g
2460231.8687997,2023-10-14.3653569,bt,1.52,15.138,10.638,0.004,201.838,0.794,g
2460233.9621066,2023-10-16.4585033,bD,1.5,15.233,10.678,0.004,194.496,0.769,g
2460233.9633521,2023-10-16.4597487,bD,1.54,15.239,10.690,0.004,192.356,0.755,g
2460233.9645882,2023-10-16.4609848,bD,1.51,15.236,10.682,0.004,193.696,0.777,g
2460235.6943946,2023-10-18.1906613,bH,1.48,15.100,10.642,0.006,200.891,0.967,g
2460235.6956661,2023-10-18.1919328,bH,1.47,15.092,10.630,0.006,203.312,0.997,g
2460235.6969438,2023-10-18.1932103,bH,1.49,15.096,10.630,0.005,203.188,0.940,g
2460236.7086850,2023-10-19.2048768,bl,1.45,14.626,10.688,0.009,192.723,1.515,g
2460236.7099283,2023-10-19.2061200,bl,1.52,14.336,10.700,0.017,190.539,2.907,g
2460236.7111639,2023-10-19.2073555,bl,1.51,13.985,10.618,0.012,205.588,2.272,g
2460236.9910816,2023-10-19.4872526,bD,1.56,15.241,10.659,0.004,197.910,0.752,g
2460236.9923306,2023-10-19.4885016,bD,1.5,15.246,10.661,0.004,197.614,0.776,g
2460236.9935857,2023-10-19.4897566,bD,1.47,15.242,10.657,0.004,198.301,0.748,g
2460237.8699488,2023-10-20.3660559,bH,1.56,14.142,10.627,0.011,203.889,2.073,g
2460237.8712237,2023-10-20.3673307,bH,1.59,13.826,10.585,0.015,211.865,2.843,g
2460237.8724987,2023-10-20.3686056,bH,1.6,13.636,10.792,0.029,174.987,4.734,g
2460238.1214703,2023-10-20.6175592,bD,1.49,15.248,10.653,0.004,198.944,0.766,g
2460238.1227184,2023-10-20.6188073,bD,1.47,15.253,10.665,0.004,196.927,0.761,g
2460238.1239686,2023-10-20.6200574,bD,1.55,15.242,10.670,0.004,195.836,0.732,g
2460240.6785033,2023-10-23.1744112,bl,1.51,15.049,10.620,0.007,205.048,1.332,g
2460240.6797320,2023-10-23.1756397,bl,1.52,15.039,10.612,0.007,206.770,1.311,g
2460240.6809543,2023-10-23.1768620,bl,1.51,15.038,10.600,0.007,208.898,1.330,g
2460242.6856830,2023-10-25.1814532,bH,2.07,15.039,10.602,0.007,208.606,1.245,g
2460242.6869598,2023-10-25.1827299,bH,2.04,15.044,10.675,0.007,195.022,1.208,g
2460242.6882315,2023-10-25.1840015,bH,2.05,15.049,10.610,0.007,206.976,1.198,g
2460243.9115642,2023-10-26.4072524,bD,1.51,15.162,10.654,0.005,198.721,0.887,g
2460243.9128122,2023-10-26.4085003,bD,1.49,15.162,10.653,0.005,199.047,0.899,g
2460243.9140515,2023-10-26.4097395,bD,1.53,15.174,10.670,0.005,195.906,0.879,g
2460245.0033667,2023-10-27.4989831,bD,1.51,15.234,10.677,0.004,194.627,0.780,g
2460245.0046145,2023-10-27.5002308,bD,1.46,15.206,10.642,0.004,200.870,0.789,g
2460245.0058468,2023-10-27.5014630,bD,1.44,15.209,10.643,0.004,200.794,0.824,g
2460249.0814552,2023-10-31.5768153,bD,1.5,15.229,10.663,0.004,197.268,0.764,g
2460249.0827111,2023-10-31.5780711,bD,1.48,15.245,10.680,0.004,194.045,0.716,g
2460249.0839599,2023-10-31.5793198,bD,1.52,15.237,10.656,0.004,198.348,0.824,g
2460250.7819558,2023-11-02.2772147,bl,1.5,15.062,10.593,0.005,210.264,0.922,g
2460250.7831776,2023-11-02.2784364,bl,1.58,15.071,10.625,0.005,204.244,0.941,g
2460250.7844157,2023-11-02.2796744,bl,1.54,15.073,10.639,0.005,201.489,0.913,g
2460251.8675638,2023-11-03.3627599,bl,1.51,15.113,10.657,0.005,198.414,0.902,g
2460251.8687942,2023-11-03.3639902,bl,1.56,15.083,10.618,0.005,205.491,0.936,g
2460251.8700230,2023-11-03.3652189,bl,1.48,15.079,10.617,0.005,205.863,0.890,g
2460253.4191758,2023-11-04.9142846,bp,1.44,15.074,10.637,0.006,202.057,0.999,g
2460253.4203904,2023-11-04.9154991,bp,1.44,15.078,10.623,0.005,204.587,0.901,g
2460253.4216202,2023-11-04.9167288,bp,1.47,15.092,10.643,0.005,200.901,0.909,g
2460254.9117569,2023-11-06.4067845,bD,2.28,15.104,10.642,0.005,201.043,0.883,g
2460254.9129859,2023-11-06.4080134,bD,2.33,15.093,10.646,0.005,200.163,0.906,g
2460254.9142315,2023-11-06.4092589,bD,2.22,15.134,10.664,0.005,197.080,0.821,g
2460256.6436524,2023-11-08.1385894,bl,1.49,15.044,10.630,0.005,203.400,0.923,g
2460256.6448792,2023-11-08.1398161,bl,1.52,15.050,10.636,0.005,202.128,0.923,g
2460256.6461172,2023-11-08.1410540,bl,1.52,15.052,10.639,0.005,201.668,0.929,g
2460257.6927288,2023-11-09.1876127,bl,1.49,13.400,10.710,0.039,188.824,6.786,g
2460257.6939492,2023-11-09.1888331,bl,1.41,13.602,10.794,0.036,174.767,5.879,g
2460257.6951616,2023-11-09.1900453,bl,1.53,13.644,10.579,0.023,213.010,4.587,g
2460257.9637162,2023-11-09.4585866,bD,1.53,15.241,10.638,0.004,201.788,0.783,g
2460257.9649661,2023-11-09.4598364,bD,1.55,15.245,10.652,0.004,199.217,0.748,g
2460257.9662321,2023-11-09.4611024,bD,1.55,15.246,10.641,0.004,201.303,0.762,g
2460259.9735771,2023-11-11.4683507,bD,1.51,15.243,10.633,0.004,202.680,0.745,g
2460259.9748106,2023-11-11.4695842,bD,1.55,15.245,10.634,0.004,202.412,0.769,g
2460259.9760582,2023-11-11.4708317,bD,1.55,15.243,10.630,0.004,203.252,0.775,g
2460261.7115625,2023-11-13.2062569,bH,1.4,15.167,10.598,0.005,209.247,0.935,g
2460261.7135330,2023-11-13.2082273,bH,1.41,15.178,10.617,0.005,205.589,0.909,g
2460261.7155390,2023-11-13.2102333,bH,1.41,15.160,10.586,0.005,211.563,0.996,g
2460262.6531837,2023-11-14.1478370,bH,1.39,15.135,10.619,0.005,205.225,1.005,g
2460262.6551820,2023-11-14.1498352,bH,1.46,15.140,10.618,0.005,205.487,1.044,g
2460263.9037157,2023-11-15.3983161,bD,1.76,15.184,10.636,0.004,202.142,0.846,g
2460263.9049504,2023-11-15.3995508,bD,1.75,15.199,10.659,0.004,197.869,0.812,g
2460263.9062002,2023-11-15.4008005,bD,1.63,15.209,10.658,0.004,198.221,0.788,g
2460265.6062292,2023-11-17.1007614,bl,1.53,14.985,10.649,0.005,199.605,0.954,g
2460265.6074603,2023-11-17.1019925,bl,1.54,14.991,10.649,0.005,199.586,0.985,g
2460265.6086996,2023-11-17.1032317,bl,1.54,14.989,10.643,0.005,200.673,0.959,g
2460267.4566848,2023-11-18.9511474,bp,1.49,15.031,10.669,0.005,196.079,0.930,g
2460267.4579130,2023-11-18.9523756,bp,1.51,15.034,10.627,0.005,203.809,0.909,g
2460267.4591434,2023-11-18.9536060,bp,1.52,15.040,10.601,0.005,208.732,0.953,g
2460268.7011219,2023-11-20.1955406,bH,1.43,15.178,10.614,0.005,206.341,1.055,g
2460268.7024086,2023-11-20.1968273,bH,1.39,15.198,10.645,0.005,200.411,0.951,g
2460268.7036808,2023-11-20.1980995,bH,1.42,15.190,10.640,0.006,201.379,1.050,g
2460269.8617862,2023-11-21.3561661,bl,1.47,15.062,10.615,0.005,206.068,0.891,g
2460269.8630137,2023-11-21.3573936,bl,1.5,15.073,10.649,0.005,199.747,0.960,g
2460269.8642333,2023-11-21.3586131,bl,1.46,15.053,10.624,0.005,204.532,0.963,g
2460270.6962993,2023-11-22.1906525,bH,1.38,15.176,10.627,0.004,203.802,0.865,g
2460270.6975770,2023-11-22.1919301,bH,1.38,15.185,10.642,0.005,201.055,0.965,g
2460270.6988411,2023-11-22.1931941,bH,1.42,15.182,10.633,0.005,202.730,0.941,g
2460271.5353568,2023-11-23.0296841,bp,1.48,15.110,10.632,0.005,202.775,0.958,g
2460271.5366446,2023-11-23.0309718,bp,1.49,15.112,10.635,0.005,202.197,0.943,g
2460271.5378889,2023-11-23.0322161,bp,1.51,15.112,10.644,0.005,200.587,0.895,g
2460272.4088717,2023-11-23.9031733,bp,1.48,15.044,10.649,0.006,199.671,1.166,g
2460272.4100935,2023-11-23.9043950,bp,1.54,15.016,10.604,0.006,208.233,1.159,g
2460272.4113236,2023-11-23.9056251,bp,1.52,15.017,10.591,0.006,210.612,1.055,g
2460273.8948691,2023-11-25.3891295,bD,1.46,15.196,10.667,0.004,196.410,0.822,g
2460273.8961121,2023-11-25.3903725,bD,1.55,15.222,10.676,0.004,194.812,0.836,g
2460273.8973490,2023-11-25.3916094,bD,1.46,15.229,10.706,0.004,189.635,0.782,g
2460276.8555549,2023-11-28.3497433,bl,1.67,14.983,10.634,0.006,202.447,1.200,g
2460276.8567840,2023-11-28.3509724,bl,2.0,15.019,10.666,0.006,196.550,1.148,g
2460276.8580024,2023-11-28.3521908,bl,2.01,15.006,10.648,0.007,199.980,1.264,g
2460278.7186139,2023-11-30.2127639,bt,1.63,15.056,10.641,0.005,201.245,0.876,g
2460278.7198431,2023-11-30.2139931,bt,1.64,15.071,10.629,0.005,203.491,0.880,g
2460278.7210721,2023-11-30.2152220,bt,1.7,15.064,10.632,0.005,202.787,0.936,g
2460279.6403115,2023-12-01.1344445,bl,1.51,15.093,10.636,0.005,202.040,0.865,g
2460279.6415437,2023-12-01.1356767,bl,1.57,15.091,10.648,0.005,199.987,0.899,g
2460279.6427734,2023-12-01.1369063,bl,1.52,15.094,10.642,0.005,201.009,0.880,g
2460279.8274345,2023-12-01.3215642,bt,2.21,15.072,10.637,0.005,201.877,0.892,g
2460279.8286589,2023-12-01.3227885,bt,2.18,15.074,10.633,0.005,202.707,0.872,g
2460279.8298855,2023-12-01.3240151,bt,2.19,15.072,10.635,0.005,202.293,0.879,g
2460282.9412992,2023-12-04.4353822,bD,1.47,15.260,10.682,0.004,193.748,0.781,g
2460282.9425364,2023-12-04.4366193,bD,1.43,15.260,10.688,0.004,192.727,0.744,g
2460282.9437780,2023-12-04.4378609,bD,1.47,15.259,10.683,0.004,193.597,0.764,g
2460283.6864903,2023-12-05.1805643,bH,1.4,15.213,10.664,0.005,196.948,0.947,g
2460283.6877632,2023-12-05.1818373,bH,1.44,15.203,10.644,0.005,200.671,0.951,g
2460283.6890374,2023-12-05.1831114,bH,1.4,15.217,10.675,0.005,195.030,0.901,g
2460283.9539073,2023-12-05.4479785,bt,1.45,15.102,10.646,0.005,200.298,0.878,g
2460283.9551305,2023-12-05.4492017,bt,1.42,15.096,10.646,0.005,200.265,0.862,g
2460283.9563581,2023-12-05.4504293,bt,1.5,15.113,10.665,0.005,196.826,0.862,g
2460284.6851507,2023-12-06.1792143,bl,1.49,15.115,10.648,0.005,199.985,0.859,g
2460284.6863665,2023-12-06.1804300,bl,1.52,15.129,10.671,0.005,195.633,0.832,g
2460284.6875838,2023-12-06.1816473,bl,1.51,15.131,10.671,0.005,195.766,0.849,g
2460284.9500269,2023-12-06.4440880,bt,1.54,14.980,10.655,0.005,198.494,0.901,g
2460284.9512582,2023-12-06.4453193,bt,1.52,15.003,10.665,0.005,196.867,0.874,g
2460284.9524885,2023-12-06.4465496,bt,1.47,15.027,10.653,0.005,198.923,0.875,g
2460285.8820525,2023-12-07.3761056,bt,1.54,15.142,10.647,0.004,200.119,0.791,g
2460285.8832823,2023-12-07.3773353,bt,1.55,15.140,10.644,0.004,200.733,0.789,g
2460285.8845069,2023-12-07.3785599,bt,1.56,15.140,10.647,0.004,200.085,0.809,g
2460286.7633811,2023-12-08.2574278,bk,1.55,15.328,10.910,0.005,157.097,0.680,g
2460286.7646086,2023-12-08.2586554,bk,1.53,15.586,11.447,0.006,95.796,0.496,g
2460286.7658244,2023-12-08.2598712,bk,1.47,15.602,11.486,0.006,92.337,0.487,g
2460286.9373031,2023-12-08.4313488,bt,1.52,15.107,10.637,0.005,201.844,0.852,g
2460286.9385314,2023-12-08.4325771,bt,1.57,15.118,10.651,0.005,199.415,0.827,g
2460286.9397739,2023-12-08.4338196,bt,1.53,15.105,10.639,0.005,201.541,0.847,g
2460287.9125137,2023-12-09.4065541,bt,1.65,15.113,10.639,0.005,201.592,0.824,g
2460287.9137368,2023-12-09.4077773,bt,1.66,15.112,10.658,0.005,198.015,0.836,g
2460287.9149649,2023-12-09.4090053,bt,1.67,15.097,10.649,0.005,199.715,0.826,g
2460289.7155901,2023-12-11.2096248,bl,1.62,15.119,10.662,0.005,197.434,0.926,g
2460289.7168086,2023-12-11.2108433,bl,1.53,15.122,10.665,0.005,196.751,0.888,g
2460289.7180397,2023-12-11.2120745,bl,1.56,15.126,10.671,0.005,195.721,0.909,g
2460290.9673064,2023-12-12.4613403,bD,1.51,15.237,10.667,0.004,196.483,0.735,g
2460290.9685555,2023-12-12.4625894,bD,1.56,15.235,10.663,0.004,197.092,0.752,g
2460290.9697984,2023-12-12.4638322,bD,1.56,15.237,10.668,0.004,196.257,0.736,g
2460291.5915514,2023-12-13.0855859,bl,2.02,15.084,10.678,0.006,194.522,1.023,g
2460294.6530286,2023-12-16.1470749,bt,2.4,15.129,10.681,0.005,193.846,0.820,g
2460294.6542600,2023-12-16.1483063,bt,2.41,15.138,10.696,0.005,191.134,0.866,g
2460294.6554899,2023-12-16.1495361,bt,2.41,15.138,10.700,0.005,190.582,0.822,g
2460299.6634489,2023-12-21.1575467,bl,1.59,15.149,10.741,0.005,183.442,0.864,g
2460299.6646778,2023-12-21.1587757,bl,1.62,15.139,10.721,0.006,186.891,0.938,g
2460299.6659151,2023-12-21.1600130,bl,1.57,15.151,10.737,0.005,184.138,0.885,g
2460300.7837043,2023-12-22.2778193,bl,1.63,15.091,10.663,0.006,197.009,1.001,g
2460300.7849364,2023-12-22.2790514,bl,1.61,15.096,10.678,0.006,194.547,0.989,g
2460300.7861606,2023-12-22.2802756,bl,1.62,15.094,10.678,0.006,194.504,1.011,g
2460301.7808686,2023-12-23.2750004,bl,1.59,15.069,10.634,0.006,202.475,1.028,g
2460301.7821011,2023-12-23.2762329,bl,1.64,15.082,10.663,0.006,197.244,1.000,g
2460301.7833322,2023-12-23.2774640,bl,1.63,15.089,10.673,0.006,195.414,1.015,g
2460302.8977160,2023-12-24.3918685,bt,2.2,15.094,10.679,0.005,194.370,0.878,g
2460302.8989391,2023-12-24.3930917,bt,2.23,15.064,10.671,0.005,195.671,0.931,g
2460302.9001611,2023-12-24.3943137,bt,2.22,15.093,10.678,0.005,194.505,0.906,g
2460304.6660602,2023-12-26.1602495,bt,1.69,15.127,10.680,0.005,194.093,0.887,g
2460304.6672774,2023-12-26.1614667,bt,1.65,15.139,10.679,0.005,194.369,0.916,g
2460304.6684817,2023-12-26.1626710,bt,1.75,15.133,10.668,0.005,196.278,0.843,g
2460304.8070968,2023-12-26.3012892,bD,1.7,15.146,10.679,0.005,194.270,0.898,g
2460304.8083373,2023-12-26.3025298,bD,1.66,15.183,10.687,0.004,192.865,0.819,g
2460304.8095916,2023-12-26.3037841,bD,1.74,15.147,10.677,0.005,194.525,0.880,g
2460305.7844289,2023-12-27.2786440,bD,1.61,15.118,10.669,0.005,196.030,0.860,g
2460305.7856771,2023-12-27.2798922,bD,1.64,15.141,10.672,0.005,195.511,0.885,g
2460305.7869189,2023-12-27.2811341,bD,1.7,15.143,10.689,0.005,192.499,0.853,g
2460308.7818818,2023-12-30.2761756,bD,1.58,15.238,10.672,0.004,195.526,0.759,g
2460308.7831373,2023-12-30.2774311,bD,1.57,15.225,10.653,0.004,198.982,0.797,g
2460308.7844014,2023-12-30.2786952,bD,1.55,15.225,10.654,0.004,198.695,0.759,g
2460309.9146326,2023-12-31.4089596,bD,1.51,15.235,10.648,0.004,199.834,0.776,g
2460309.9158845,2023-12-31.4102116,bD,1.52,15.229,10.642,0.004,201.040,0.771,g
2460309.9171368,2023-12-31.4114639,bD,1.49,15.238,10.657,0.004,198.247,0.756,g
2460311.7256404,2024-01-02.2200247,bt,1.5,15.241,10.629,0.004,203.454,0.770,g
2460311.7268600,2024-01-02.2212444,bt,1.51,15.244,10.629,0.004,203.550,0.750,g
2460311.7280808,2024-01-02.2224652,bt,1.44,15.237,10.620,0.004,205.148,0.760,g
2460312.6127256,2024-01-03.1071399,bl,1.46,15.104,10.639,0.005,201.527,0.899,g
2460312.6139361,2024-01-03.1083504,bl,1.45,15.117,10.661,0.005,197.540,0.851,g
2460312.6151682,2024-01-03.1095825,bl,1.49,15.103,10.629,0.005,203.379,0.836,g
2460312.7700333,2024-01-03.2644530,bl,1.45,15.056,10.634,0.005,202.518,0.927,g
2460312.7712639,2024-01-03.2656837,bl,1.48,15.060,10.636,0.005,202.057,0.915,g
2460312.7724928,2024-01-03.2669127,bl,1.44,15.062,10.648,0.005,200.014,0.943,g
2460313.9316816,2024-01-04.4261424,bD,1.48,14.917,10.652,0.005,199.167,0.953,g
2460313.9329160,2024-01-04.4273769,bD,1.45,14.860,10.648,0.005,199.893,0.999,g
2460313.9341608,2024-01-04.4286217,bD,1.5,14.795,10.658,0.006,197.934,1.098,g
2460314.7285452,2024-01-05.2230354,bH,1.42,15.182,10.638,0.005,201.741,0.912,g
2460314.7298016,2024-01-05.2242920,bH,1.42,15.173,10.627,0.004,203.827,0.855,g
2460314.7310725,2024-01-05.2255629,bH,1.44,15.167,10.618,0.004,205.611,0.840,g
2460315.9266211,2024-01-06.4211573,bD,1.57,15.222,10.666,0.004,196.684,0.757,g
2460315.9278649,2024-01-06.4224012,bD,1.56,15.218,10.675,0.004,195.008,0.794,g
2460315.9291146,2024-01-06.4236510,bD,1.52,15.200,10.669,0.004,196.223,0.786,g
2460316.8044424,2024-01-07.2990137,bt,1.54,15.230,10.639,0.004,201.604,0.788,g
2460316.8056679,2024-01-07.3002392,bt,1.51,15.232,10.640,0.004,201.483,0.759,g
2460316.8068868,2024-01-07.3014582,bt,1.53,15.235,10.646,0.004,200.330,0.791,g
2460317.8281388,2024-01-08.3227524,bt,1.59,15.168,10.668,0.004,196.315,0.813,g
2460317.8293708,2024-01-08.3239844,bt,1.69,15.161,10.674,0.004,195.197,0.817,g
2460317.8306116,2024-01-08.3252253,bt,1.67,15.155,10.664,0.004,197.062,0.826,g
2460320.7672977,2024-01-11.2620410,bt,1.6,15.245,10.673,0.004,195.425,0.719,g
2460320.7685150,2024-01-11.2632583,bt,1.55,15.248,10.667,0.004,196.480,0.772,g
2460320.7697428,2024-01-11.2644861,bt,1.53,15.247,10.658,0.004,198.076,0.765,g
2460322.3544340,2024-01-12.8492523,bp,1.49,15.165,10.691,0.005,192.181,0.892,g
2460322.3556642,2024-01-12.8504826,bp,1.51,15.156,10.674,0.005,195.098,0.901,g
2460322.3568838,2024-01-12.8517022,bp,1.56,15.149,10.660,0.005,197.623,0.881,g
2460332.6048025,2024-01-23.1001859,bl,1.51,15.052,10.642,0.005,200.996,0.885,g
2460332.6060277,2024-01-23.1014113,bl,1.57,15.087,10.670,0.005,195.961,0.876,g
2460332.6072526,2024-01-23.1026362,bl,1.47,15.068,10.650,0.005,199.584,0.898,g
2460333.6413846,2024-01-24.1368325,bH,1.61,15.144,10.689,0.007,192.407,1.117,g
2460333.6426481,2024-01-24.1380962,bH,1.51,15.087,10.672,0.007,195.510,1.258,g
2460333.6439230,2024-01-24.1393711,bH,1.53,15.044,10.633,0.006,202.695,1.098,g
2460334.6227467,2024-01-25.1182568,bH,1.49,15.051,10.713,0.007,188.276,1.257,g
2460334.6240107,2024-01-25.1195208,bH,1.47,15.028,10.693,0.007,191.905,1.253,g
2460334.6252853,2024-01-25.1207955,bH,1.58,15.017,10.688,0.007,192.762,1.171,g
2460334.8675836,2024-01-25.3631094,bD,1.64,15.168,10.685,0.005,193.239,0.806,g
2460334.8688441,2024-01-25.3643699,bD,1.64,15.147,10.689,0.005,192.495,0.860,g
2460334.8700897,2024-01-25.3656156,bD,1.66,15.146,10.684,0.005,193.317,0.895,g
2460335.5999418,2024-01-26.0955148,bl,1.55,15.036,10.651,0.006,199.323,0.989,g
2460335.6011680,2024-01-26.0967411,bl,1.57,15.061,10.681,0.005,193.769,0.903,g
2460335.6023969,2024-01-26.0979701,bl,1.52,15.040,10.682,0.006,193.705,1.006,g
2460335.7914617,2024-01-26.2870472,bt,1.51,15.147,10.669,0.005,196.199,0.875,g
2460335.7927142,2024-01-26.2882998,bt,1.55,15.145,10.665,0.005,196.704,0.783,g
2460335.7939442,2024-01-26.2895300,bt,1.5,15.137,10.683,0.005,193.630,0.862,g
2460336.8638988,2024-01-27.3595549,bD,1.55,15.207,10.676,0.004,194.763,0.810,g
2460336.8651530,2024-01-27.3608092,bD,1.56,15.206,10.661,0.004,197.400,0.789,g
2460336.8663982,2024-01-27.3620545,bD,1.59,15.225,10.676,0.004,194.851,0.790,g
2460337.8679866,2024-01-28.3637099,bD,1.69,15.226,10.667,0.004,196.476,0.767,g
2460337.8692128,2024-01-28.3649362,bD,1.64,15.219,10.661,0.004,197.492,0.802,g
2460337.8704674,2024-01-28.3661909,bD,1.55,15.228,10.661,0.004,197.582,0.794,g
2460338.8646089,2024-01-29.3604000,bD,1.75,15.226,10.676,0.004,194.837,0.771,g
2460338.8658271,2024-01-29.3616183,bD,1.71,15.223,10.671,0.004,195.703,0.759,g
2460338.8670807,2024-01-29.3628720,bD,1.7,15.220,10.674,0.004,195.076,0.745,g
2460339.6988388,2024-01-30.1946876,bl,1.58,15.030,10.680,0.005,194.135,0.973,g
2460339.7000678,2024-01-30.1959167,bl,1.58,15.015,10.644,0.006,200.693,1.009,g
2460339.7012827,2024-01-30.1971316,bl,1.54,15.017,10.656,0.006,198.345,1.026,g
2460340.7004227,2024-01-31.1963416,bH,1.65,15.133,10.699,0.006,190.660,0.943,g
2460340.7016849,2024-01-31.1976038,bH,1.56,15.120,10.659,0.006,197.771,0.988,g
2460340.7029633,2024-01-31.1988823,bH,1.65,15.100,10.640,0.006,201.292,1.036,g
2460340.8574054,2024-01-31.3533353,bD,1.5,15.232,10.671,0.004,195.746,0.771,g
2460340.8586502,2024-01-31.3545802,bD,1.47,15.233,10.673,0.004,195.342,0.736,g
2460340.8599027,2024-01-31.3558328,bD,1.5,15.224,10.666,0.004,196.519,0.774,g
2460341.6901142,2024-02-01.1861033,bl,1.68,15.054,10.675,0.006,194.900,1.013,g
2460341.6913417,2024-02-01.1873309,bl,1.63,15.042,10.655,0.006,198.519,1.064,g
2460341.6925575,2024-02-01.1885468,bl,1.56,15.040,10.643,0.006,200.676,1.070,g
2460341.8502749,2024-02-01.3462754,bD,1.53,15.249,10.677,0.004,194.708,0.764,g
2460341.8515131,2024-02-01.3475137,bD,1.52,15.239,10.665,0.004,196.802,0.760,g
2460341.8527607,2024-02-01.3487614,bD,1.52,15.240,10.668,0.004,196.247,0.740,g
2460342.6909280,2024-02-02.1869892,bl,1.44,15.044,10.660,0.005,197.708,0.946,g
2460342.6921554,2024-02-02.1882167,bl,1.46,15.044,10.670,0.005,195.744,0.951,g
2460342.6933711,2024-02-02.1894324,bl,1.47,15.047,10.667,0.006,196.463,0.978,g
2460343.8604259,2024-02-03.3565725,bD,2.08,15.193,10.694,0.005,191.659,0.867,g
2460343.8616663,2024-02-03.3578130,bD,2.08,15.186,10.689,0.005,192.440,0.879,g
2460343.8629056,2024-02-03.3590523,bD,2.04,15.185,10.680,0.005,194.106,0.886,g
2460344.8470630,2024-02-04.3432826,bD,1.51,15.262,10.707,0.004,189.319,0.721,g
2460344.8483033,2024-02-04.3445231,bD,1.52,15.269,10.718,0.004,187.371,0.734,g
2460344.8495436,2024-02-04.3457635,bD,1.49,15.264,10.712,0.004,188.373,0.736,g
2460345.8362803,2024-02-05.3325742,bD,1.52,15.403,10.975,0.005,147.986,0.627,g
2460345.8375292,2024-02-05.3338232,bD,1.57,15.396,10.969,0.005,148.707,0.614,g
2460345.8387581,2024-02-05.3350521,bD,1.6,15.381,10.960,0.005,149.976,0.610,g
2460346.8364019,2024-02-06.3327717,bD,1.57,15.293,10.825,0.005,169.875,0.708,g
2460346.8376425,2024-02-06.3340124,bD,1.54,15.298,10.823,0.005,170.044,0.717,g
2460346.8388645,2024-02-06.3352345,bD,1.58,15.297,10.822,0.005,170.343,0.703,g
2460347.8328141,2024-02-07.3292605,bD,1.52,15.217,10.662,0.004,197.405,0.747,g
2460347.8340642,2024-02-07.3305107,bD,1.55,15.224,10.672,0.004,195.552,0.769,g
2460347.8353209,2024-02-07.3317674,bD,1.5,15.222,10.671,0.004,195.722,0.737,g
2460348.8297109,2024-02-08.3262347,bD,2.17,15.202,10.667,0.004,196.331,0.780,g
2460348.8309479,2024-02-08.3274718,bD,2.22,15.195,10.666,0.004,196.638,0.763,g
2460348.8322025,2024-02-08.3287265,bD,2.23,15.198,10.676,0.004,194.938,0.743,g
2460349.8260399,2024-02-09.3226419,bD,1.49,15.255,10.665,0.004,196.714,0.746,g
2460349.8272790,2024-02-09.3238811,bD,1.51,15.255,10.665,0.004,196.703,0.745,g
2460349.8285090,2024-02-09.3251112,bD,1.47,15.247,10.652,0.004,199.217,0.717,g
2460350.8297373,2024-02-10.3264190,bD,1.49,15.243,10.664,0.004,196.949,0.762,g
2460350.8309755,2024-02-10.3276573,bD,1.48,15.243,10.659,0.004,197.810,0.775,g
2460350.8322204,2024-02-10.3289023,bD,1.5,15.243,10.663,0.004,197.207,0.781,g
2460351.8222249,2024-02-11.3189861,bD,1.47,15.228,10.642,0.004,201.062,0.774,g
2460351.8234640,2024-02-11.3202252,bD,1.48,15.231,10.649,0.004,199.668,0.786,g
2460351.8247046,2024-02-11.3214660,bD,1.47,15.228,10.643,0.004,200.720,0.765,g
2460352.8197243,2024-02-12.3165661,bD,1.47,15.222,10.649,0.004,199.856,0.764,g
2460352.8209556,2024-02-12.3177976,bD,1.51,15.222,10.650,0.004,199.502,0.792,g
2460352.8221951,2024-02-12.3190371,bD,1.48,15.221,10.652,0.004,199.075,0.773,g
2460353.8156840,2024-02-13.3126071,bD,1.6,15.215,10.634,0.004,202.390,0.769,g
2460353.8169105,2024-02-13.3138337,bD,1.59,15.224,10.644,0.004,200.644,0.746,g
2460353.8181533,2024-02-13.3150766,bD,1.61,15.219,10.642,0.004,201.190,0.756,g
2460354.8155409,2024-02-14.3125463,bD,1.46,15.245,10.653,0.004,198.940,0.765,g
2460354.8167675,2024-02-14.3137730,bD,1.49,15.241,10.647,0.004,200.011,0.767,g
2460354.8179909,2024-02-14.3149966,bD,1.48,15.239,10.645,0.004,200.478,0.746,g
2460355.7509608,2024-02-15.2480439,bt,1.76,14.679,10.631,0.006,203.056,1.235,g
2460355.7521752,2024-02-15.2492584,bt,1.72,14.940,10.622,0.005,204.681,0.983,g
2460355.7533911,2024-02-15.2504744,bt,1.77,14.896,10.623,0.005,204.573,0.996,g
2460357.7448592,2024-02-17.2421095,bt,1.55,15.167,10.639,0.004,201.656,0.835,g
2460357.7460751,2024-02-17.2433256,bt,1.47,15.163,10.640,0.004,201.423,0.841,g
2460357.7472981,2024-02-17.2445486,bt,1.49,15.161,10.625,0.004,204.186,0.851,g
2460358.5913570,2024-02-18.0886791,bH,1.46,15.167,10.625,0.004,204.277,0.869,g
2460358.5926445,2024-02-18.0899666,bH,1.44,15.178,10.643,0.005,200.780,0.912,g
2460358.5939087,2024-02-18.0912310,bH,1.4,15.168,10.642,0.004,200.980,0.863,g
2460359.8154829,2024-02-19.3129094,bD,1.57,15.200,10.640,0.004,201.390,0.768,g
2460359.8179654,2024-02-19.3153921,bD,1.62,15.194,10.638,0.004,201.789,0.827,g
2460361.8022986,2024-02-21.2998964,bD,1.68,15.187,10.666,0.004,196.515,0.836,g
2460361.8035436,2024-02-21.3011415,bD,1.55,15.174,10.665,0.004,196.714,0.823,g
2460361.8047875,2024-02-21.3023856,bD,1.66,15.184,10.669,0.004,196.026,0.809,g
2460364.3171027,2024-02-23.8149201,bp,1.53,15.075,10.632,0.006,202.845,1.130,g
2460364.3184640,2024-02-23.8162815,bp,1.54,15.064,10.619,0.007,205.212,1.206,g
2460364.3197646,2024-02-23.8175823,bp,1.52,15.042,10.652,0.005,199.046,0.958,g
2460365.6893831,2024-02-25.1873215,bt,1.49,15.175,10.637,0.004,202.004,0.825,g
2460365.6906097,2024-02-25.1885482,bt,1.55,15.169,10.624,0.004,204.392,0.867,g
2460365.6918281,2024-02-25.1897667,bt,1.58,15.188,10.631,0.004,203.055,0.839,g
2460366.5823431,2024-02-26.0803606,bl,1.44,14.999,10.620,0.006,205.001,1.077,g
2460366.5835718,2024-02-26.0815894,bl,1.51,15.026,10.634,0.006,202.439,1.142,g
2460366.5847923,2024-02-26.0828101,bl,1.53,14.996,10.588,0.007,211.185,1.266,g
2460367.3036622,2024-02-26.8017438,bp,1.46,15.115,10.634,0.006,202.490,0.993,g
2460367.3048919,2024-02-26.8029736,bp,1.49,15.131,10.675,0.006,195.035,0.997,g
2460367.3061230,2024-02-26.8042048,bp,1.46,15.135,10.683,0.006,193.670,0.933,g
2460370.7829827,2024-03-01.2813760,bD,1.74,99.990,99.990,99.990,99.990,99.990,g
2460370.7842337,2024-03-01.2826271,bD,1.5,13.859,10.678,0.015,194.390,2.626,g
2460370.7854836,2024-03-01.2838772,bD,1.46,14.384,10.650,0.008,199.565,1.468,g
2460371.6673741,2024-03-02.1658473,bt,1.58,15.209,10.628,0.004,203.620,0.765,g
2460371.6685952,2024-03-02.1670684,bt,1.54,15.201,10.615,0.004,206.059,0.754,g
2460371.6698115,2024-03-02.1682848,bt,1.5,15.202,10.621,0.004,204.883,0.745,g
2460372.6023833,2024-03-03.1009410,bl,1.44,14.994,10.596,0.006,209.760,1.133,g
2460372.6036048,2024-03-03.1021627,bl,1.47,14.955,10.631,0.006,203.068,1.185,g
2460372.6048182,2024-03-03.1033761,bl,1.42,14.994,10.629,0.006,203.422,1.178,g
2460373.6198121,2024-03-04.1184620,bH,1.48,15.100,10.600,0.006,208.858,1.182,g
2460373.6210740,2024-03-04.1197241,bH,1.51,15.106,10.623,0.005,204.622,0.975,g
2460373.6223418,2024-03-04.1209920,bH,1.56,15.123,10.638,0.005,201.781,1.051,g
2460374.6004511,2024-03-05.0991901,bH,1.48,15.150,10.655,0.004,198.511,0.808,g
2460374.6017144,2024-03-05.1004534,bH,1.46,15.150,10.662,0.004,197.309,0.861,g
2460374.6029787,2024-03-05.1017178,bH,1.51,15.125,10.617,0.005,205.723,0.933,g
2460375.5960931,2024-03-06.0949226,bl,1.41,14.976,10.599,0.006,209.307,1.181,g
2460375.5973057,2024-03-06.0961353,bl,1.5,14.996,10.639,0.006,201.601,1.135,g
2460375.5985109,2024-03-06.0973406,bl,1.51,14.984,10.621,0.006,204.879,1.102,g
2460377.5941305,2024-03-08.0931421,bl,1.51,14.974,10.626,0.006,204.150,1.104,g
2460377.5953438,2024-03-08.0943556,bl,1.46,14.980,10.641,0.006,201.054,1.120,g
2460377.5965630,2024-03-08.0955749,bl,1.51,14.978,10.637,0.006,201.900,1.082,g
2460379.5884186,2024-03-10.0876122,bl,1.47,15.001,10.644,0.006,200.678,1.073,g
2460379.5896324,2024-03-10.0888262,bl,1.46,14.999,10.661,0.006,197.567,1.117,g
2460379.5908470,2024-03-10.0900409,bl,1.53,14.930,10.638,0.006,201.707,1.061,g
2460381.5786959,2024-03-12.0780712,bl,1.43,15.084,10.634,0.005,202.514,0.949,g
2460381.5799186,2024-03-12.0792940,bl,1.43,15.083,10.644,0.005,200.557,0.896,g
2460381.5811472,2024-03-12.0805228,bl,1.46,15.060,10.597,0.006,209.479,1.031,g
2460383.5732624,2024-03-14.0728196,bl,1.43,15.078,10.637,0.006,202.011,1.040,g
2460383.5744924,2024-03-14.0740498,bl,1.41,15.083,10.649,0.006,199.900,0.990,g
2460383.5757129,2024-03-14.0752703,bl,1.47,15.089,10.657,0.006,198.122,1.070,g
2460386.5857022,2024-03-17.0855333,bH,1.47,15.237,10.652,0.007,199.096,1.254,g
2460386.5869411,2024-03-17.0867723,bH,1.51,15.236,10.642,0.006,200.875,1.142,g
2460386.5881815,2024-03-17.0880128,bH,1.49,15.245,10.661,0.007,197.617,1.207,g
2460387.5620473,2024-03-18.0619668,bl,1.48,15.134,10.660,0.006,197.686,1.013,g
2460387.5632736,2024-03-18.0631932,bl,1.49,15.145,10.677,0.006,194.662,0.974,g
2460387.5645025,2024-03-18.0644222,bl,1.48,15.127,10.646,0.006,200.389,0.970,g
2460388.5619915,2024-03-19.0620013,bH,1.94,15.235,10.670,0.007,195.895,1.283,g
2460388.5632194,2024-03-19.0632293,bH,1.47,15.204,10.657,0.007,198.311,1.349,g
2460388.5644603,2024-03-19.0644703,bH,1.47,15.198,10.631,0.009,202.989,1.615,g
2460389.5601074,2024-03-20.0602071,bl,1.49,15.092,10.687,0.006,192.879,1.077,g
2460389.5613351,2024-03-20.0614350,bl,1.47,15.084,10.665,0.006,196.837,1.094,g
2460389.5625620,2024-03-20.0626620,bl,1.46,15.085,10.675,0.006,195.019,1.046,g
2460390.5581518,2024-03-21.0583412,bl,2.07,14.631,10.797,0.015,174.273,2.505,g
2460390.5593838,2024-03-21.0595733,bl,1.52,15.077,10.674,0.007,195.236,1.261,g
2460390.5606091,2024-03-21.0607988,bl,1.58,15.067,10.663,0.008,197.169,1.351,g
2460392.5388466,2024-03-23.0392131,bl,1.45,14.918,10.649,0.006,199.723,1.057,g
2460392.5400744,2024-03-23.0404409,bl,1.47,15.112,10.654,0.006,198.675,1.030,g
2460392.5412821,2024-03-23.0416488,bl,1.49,15.090,10.638,0.006,201.874,1.050,g
2460393.5416875,2024-03-24.0421431,bl,1.48,15.110,10.626,0.005,204.021,0.967,g
2460393.5429164,2024-03-24.0433721,bl,1.47,15.106,10.635,0.005,202.232,0.957,g
2460393.5441428,2024-03-24.0445986,bl,1.49,15.114,10.658,0.006,198.095,1.076,g
2460394.5327687,2024-03-25.0333120,bl,1.53,15.085,10.624,0.006,204.384,1.056,g
2460394.5339984,2024-03-25.0345418,bl,1.65,15.096,10.662,0.006,197.489,1.108,g
2460394.5352261,2024-03-25.0357696,bl,1.54,15.088,10.650,0.006,199.508,1.020,g
2460395.5242622,2024-03-26.0248929,bl,1.49,15.130,10.657,0.006,198.289,0.948,g
2460395.5254783,2024-03-26.0261091,bl,1.52,15.109,10.642,0.006,201.007,0.966,g
2460395.5267096,2024-03-26.0273405,bl,1.43,15.125,10.674,0.006,195.263,1.002,g
2460396.5274103,2024-03-27.0281289,bl,1.59,15.118,10.657,0.006,198.337,0.989,g
2460396.5286539,2024-03-27.0293727,bl,1.55,15.108,10.641,0.006,201.140,1.067,g
2460396.5298839,2024-03-27.0306028,bl,1.52,15.111,10.629,0.006,203.464,1.019,g
2460397.5513444,2024-03-28.0521524,bl,1.5,15.101,10.646,0.006,200.264,0.977,g
2460397.5525629,2024-03-28.0533710,bl,1.44,15.083,10.645,0.006,200.379,1.017,g
2460397.5537965,2024-03-28.0546048,bl,1.51,15.091,10.633,0.006,202.593,1.073,g
2460398.5183780,2024-03-29.0192700,bl,1.47,15.127,10.656,0.005,198.458,0.924,g
2460398.5195951,2024-03-29.0204872,bl,1.45,15.115,10.640,0.006,201.439,0.961,g
2460398.5208100,2024-03-29.0217022,bl,1.46,15.120,10.653,0.005,198.867,0.948,g
2460399.5249781,2024-03-30.0259570,bl,1.47,15.119,10.656,0.005,198.435,0.919,g
2460399.5262003,2024-03-30.0271793,bl,1.48,15.106,10.642,0.005,201.049,0.896,g
2460399.5274290,2024-03-30.0284081,bl,1.48,15.122,10.672,0.005,195.614,0.839,g
2460400.5202395,2024-03-31.0213038,bH,1.42,15.265,10.633,0.005,202.639,1.031,g
2460400.5214665,2024-03-31.0225309,bH,1.42,15.260,10.615,0.005,206.139,1.014,g
2460400.5226969,2024-03-31.0237614,bH,1.47,15.261,10.620,0.006,205.248,1.050,g
2460401.5193409,2024-04-01.0204904,bH,1.42,15.260,10.612,0.006,206.613,1.185,g
2460401.5205844,2024-04-01.0217340,bH,1.48,15.241,10.573,0.005,214.134,1.050,g
2460401.5218279,2024-04-01.0229776,bH,1.45,15.262,10.623,0.005,204.537,0.985,g
2460402.5183248,2024-04-02.0195589,bH,1.44,15.278,10.645,0.006,200.444,1.049,g
2460402.5195599,2024-04-02.0207941,bH,1.39,15.315,10.723,0.006,186.648,1.072,g
2460402.5207905,2024-04-02.0220248,bH,1.41,15.272,10.649,0.006,199.789,1.174,g
2460403.5100565,2024-04-03.0113741,bl,1.6,15.125,10.660,0.006,197.812,0.999,g
2460403.5112784,2024-04-03.0125960,bl,1.63,15.120,10.648,0.006,199.950,1.030,g
2460403.5125082,2024-04-03.0138259,bl,1.69,15.113,10.653,0.006,199.134,1.009,g
2460404.5126602,2024-04-04.0140614,bH,1.46,15.223,10.613,0.004,206.481,0.837,g
2460404.5139116,2024-04-04.0153130,bH,1.44,15.229,10.627,0.005,203.849,0.908,g
2460404.5151516,2024-04-04.0165531,bH,1.45,15.222,10.621,0.004,204.959,0.791,g
2460405.5008492,2024-04-05.0023323,bl,1.54,15.138,10.637,0.005,201.904,0.896,g
2460405.5020721,2024-04-05.0035553,bl,1.5,15.139,10.638,0.005,201.842,0.928,g
2460405.5033001,2024-04-05.0047834,bl,1.46,15.140,10.644,0.005,200.653,0.902,g
2460406.5072139,2024-04-06.0087798,bH,1.4,15.224,10.613,0.004,206.458,0.836,g
2460406.5084561,2024-04-06.0100221,bH,1.45,15.243,10.658,0.004,198.048,0.819,g
2460406.5096855,2024-04-06.0112516,bH,1.4,15.214,10.600,0.005,208.949,0.879,g
2460407.4953308,2024-04-06.9969772,bl,1.57,15.141,10.650,0.004,199.487,0.860,g
2460407.4965608,2024-04-06.9982073,bl,1.56,15.133,10.626,0.005,204.049,0.942,g
2460407.4977978,2024-04-06.9994444,bl,1.53,15.134,10.638,0.005,201.735,0.965,g
2460409.4933712,2024-04-08.9951784,bl,1.59,15.126,10.635,0.005,202.169,0.941,g
2460409.4945884,2024-04-08.9963957,bl,1.56,15.128,10.645,0.005,200.464,0.950,g
2460409.4958082,2024-04-08.9976156,bl,1.56,15.122,10.629,0.005,203.444,0.949,g
2460412.4718117,2024-04-11.9738528,bl,1.55,15.122,10.662,0.005,197.340,0.918,g
2460412.4730453,2024-04-11.9750864,bl,1.49,15.120,10.636,0.004,202.054,0.900,g
2460412.4742722,2024-04-11.9763134,bl,1.47,15.118,10.648,0.005,199.906,0.868,g
2460413.5207614,2024-04-13.0228831,bl,1.62,15.023,10.646,0.006,200.316,1.138,g
2460413.5219964,2024-04-13.0241182,bl,1.53,15.008,10.696,0.006,191.318,1.075,g
2460413.5232246,2024-04-13.0253465,bl,1.54,15.007,10.632,0.006,202.708,1.033,g
2460417.4966872,2024-04-16.9991057,bH,1.84,15.162,10.617,0.005,205.634,0.952,g
2460417.4979424,2024-04-17.0003611,bH,1.78,15.166,10.643,0.005,200.917,0.909,g
2460417.4991826,2024-04-17.0016013,bH,1.75,15.172,10.649,0.005,199.733,0.942,g
2460418.4707571,2024-04-17.9732461,bl,1.73,15.105,10.640,0.006,201.383,1.046,g
2460418.4719793,2024-04-17.9744684,bl,1.75,15.128,10.674,0.006,195.072,0.966,g
2460418.4732011,2024-04-17.9756903,bl,1.67,15.117,10.650,0.006,199.537,1.036,g
2460419.4700954,2024-04-18.9726558,bl,1.51,15.158,10.711,0.005,188.751,0.836,g
2460419.4713279,2024-04-18.9738884,bl,1.47,15.138,10.677,0.005,194.703,0.919,g
2460419.4725754,2024-04-18.9751360,bl,1.49,15.148,10.692,0.006,192.013,0.930,g
2460420.4655098,2024-04-19.9681404,bl,2.18,15.066,10.668,0.007,196.335,1.210,g
2460420.4667400,2024-04-19.9693706,bl,2.09,15.070,10.676,0.006,194.905,1.116,g
2460420.4679620,2024-04-19.9705928,bl,2.05,15.089,10.669,0.006,196.125,1.090,g
2460422.4602784,2024-04-21.9630466,bl,1.76,99.990,99.990,99.990,99.990,99.990,g
2460422.4627249,2024-04-21.9654932,bl,1.71,99.990,99.990,99.990,99.990,99.990,g
2460427.4567976,2024-04-26.9598921,bl,1.55,13.979,10.790,0.019,175.478,3.052,g
2460427.4580307,2024-04-26.9611253,bl,1.73,13.843,10.768,0.027,178.941,4.375,g
2460427.4592572,2024-04-26.9623518,bl,1.5,13.786,10.689,0.022,192.466,3.764,g
2460503.9414777,2024-07-12.4453313,bH,1.51,15.003,10.706,0.008,189.441,1.403,g
2460503.9427226,2024-07-12.4465762,bH,2.04,14.864,10.680,0.009,193.999,1.542,g
2460503.9439587,2024-07-12.4478123,bH,2.13,14.808,10.721,0.011,187.003,1.976,g
2460504.9418041,2024-07-13.4456120,bH,2.2,15.002,10.700,0.008,190.623,1.370,g
2460504.9430489,2024-07-13.4468568,bH,2.21,14.960,10.673,0.009,195.252,1.660,g
2460504.9442855,2024-07-13.4480933,bH,2.33,14.810,10.692,0.008,191.960,1.325,g
2460506.9348564,2024-07-15.4385694,bH,1.7,15.125,10.649,0.006,199.601,0.987,g
2460506.9360979,2024-07-15.4398108,bH,1.74,15.114,10.650,0.006,199.447,1.129,g
2460506.9373366,2024-07-15.4410495,bH,1.7,15.086,10.672,0.007,195.609,1.179,g
2460508.9281788,2024-07-17.4317918,bH,1.55,15.165,10.668,0.005,196.202,0.921,g
2460508.9294197,2024-07-17.4330327,bH,1.55,15.151,10.643,0.005,200.876,0.934,g
2460508.9306678,2024-07-17.4342807,bH,1.54,15.144,10.608,0.005,207.351,0.992,g
2460510.9213839,2024-07-19.4248922,bl,1.59,15.089,10.735,0.005,184.434,0.870,g
2460510.9226214,2024-07-19.4261296,bl,1.52,15.093,10.723,0.006,186.571,0.949,g
2460510.9238540,2024-07-19.4273621,bl,1.54,15.084,10.696,0.005,191.165,0.904,g
2460511.9294024,2024-07-20.4328558,bH,1.52,15.079,10.687,0.007,192.923,1.220,g
2460511.9306574,2024-07-20.4341107,bH,1.56,15.089,10.661,0.006,197.540,1.095,g
2460511.9318915,2024-07-20.4353447,bH,1.53,15.116,10.684,0.006,193.417,1.090,g
2460513.9263012,2024-07-22.4296424,bl,1.56,15.004,10.674,0.006,195.091,1.047,g
2460513.9275299,2024-07-22.4308710,bl,1.62,15.017,10.680,0.006,194.066,0.995,g
2460513.9287595,2024-07-22.4321005,bl,1.65,15.009,10.674,0.006,195.176,1.017,g
2460514.9343541,2024-07-23.4376370,bl,1.6,15.037,10.689,0.006,192.464,1.028,g
2460514.9355864,2024-07-23.4388692,bl,1.63,15.017,10.684,0.006,193.318,1.061,g
2460514.9368130,2024-07-23.4400957,bl,1.65,15.031,10.697,0.006,190.990,1.014,g
2460517.6710891,2024-07-26.1742077,bp,1.58,15.048,10.697,0.006,191.113,0.965,g
2460517.6723516,2024-07-26.1754701,bp,1.59,15.033,10.669,0.005,196.084,0.937,g
2460517.6735926,2024-07-26.1767110,bp,1.7,15.047,10.671,0.006,195.658,1.023,g
2460523.6662443,2024-08-01.1689745,bp,1.46,15.032,10.586,0.005,211.717,1.011,g
2460523.6674824,2024-08-01.1702125,bp,1.48,15.059,10.640,0.005,201.398,0.897,g
2460523.6687112,2024-08-01.1714413,bp,1.48,15.067,10.656,0.006,198.487,0.981,g
2460524.6754666,2024-08-02.1781278,bp,1.52,15.088,10.687,0.005,192.735,0.918,g
2460524.6767058,2024-08-02.1793669,bp,1.51,15.080,10.673,0.005,195.332,0.907,g
2460524.6779367,2024-08-02.1805977,bp,1.54,15.070,10.670,0.006,195.844,0.969,g
2460534.8914856,2024-08-12.3933958,bl,1.49,15.109,10.635,0.005,202.281,0.821,g
2460534.8927052,2024-08-12.3946153,bl,1.5,15.105,10.622,0.004,204.666,0.872,g
2460534.8939316,2024-08-12.3958416,bl,1.5,15.099,10.607,0.005,207.574,0.957,g
2460535.9355646,2024-08-13.4373932,bl,1.6,15.054,10.652,0.006,199.025,1.033,g
2460535.9368007,2024-08-13.4386292,bl,2.04,15.069,10.721,0.006,186.996,1.002,g
2460535.9380496,2024-08-13.4398780,bl,2.11,15.023,10.772,0.007,178.352,1.133,g
2460536.8889644,2024-08-14.3907178,bl,1.57,15.116,10.655,0.005,198.710,0.916,g
2460536.8901902,2024-08-14.3919436,bl,1.56,14.960,10.673,0.006,195.464,1.066,g
2460536.8914178,2024-08-14.3931711,bl,1.56,14.894,10.667,0.006,196.366,1.183,g
2460537.9777580,2024-08-15.4794248,bt,1.51,14.860,10.651,0.007,199.467,1.144,g
2460537.9789791,2024-08-15.4806458,bt,1.5,14.843,10.643,0.007,200.759,1.145,g
2460540.9569160,2024-08-18.4583416,bt,1.66,14.995,10.562,0.016,216.357,3.226,g
2460540.9581371,2024-08-18.4595625,bt,1.62,15.006,10.579,0.016,213.065,3.084,g
2460540.9593743,2024-08-18.4607997,bt,1.64,15.005,10.563,0.016,216.076,3.210,g
2460541.8771075,2024-08-19.3784574,bl,1.99,14.963,10.643,0.007,200.847,1.363,g
2460541.8783330,2024-08-19.3796828,bl,1.67,15.018,10.602,0.006,208.582,1.199,g
2460541.8795503,2024-08-19.3809000,bl,1.98,15.008,10.594,0.007,210.025,1.260,g
2460542.9629173,2024-08-20.4641773,bt,1.72,14.963,10.583,0.015,212.330,2.966,g
2460542.9641453,2024-08-20.4654051,bt,1.96,14.932,10.570,0.015,214.760,2.918,g
2460542.9653746,2024-08-20.4666344,bt,1.97,14.960,10.601,0.015,208.618,2.809,g
2460545.8910792,2024-08-23.3920933,bH,1.5,15.200,10.598,0.005,209.335,0.899,g
2460545.8923190,2024-08-23.3933331,bH,1.44,15.210,10.636,0.005,202.107,1.006,g
2460545.8935608,2024-08-23.3945747,bH,1.39,15.200,10.627,0.006,203.759,1.055,g
2460546.8400434,2024-08-24.3409770,bl,1.5,15.058,10.635,0.006,202.385,0.985,g
2460546.8412653,2024-08-24.3421988,bl,1.54,15.061,10.633,0.006,202.723,1.013,g
2460546.8425060,2024-08-24.3434393,bl,1.54,15.072,10.657,0.006,198.285,0.972,g
2460547.9559983,2024-08-25.4568364,bt,1.59,15.110,10.624,0.005,204.430,0.939,g
2460547.9572249,2024-08-25.4580629,bt,1.58,15.113,10.638,0.005,201.795,0.832,g
2460547.9584454,2024-08-25.4592833,bt,1.55,15.107,10.627,0.005,203.821,0.929,g
2460552.6051411,2024-08-30.1055759,bp,1.51,15.122,10.705,0.006,189.745,0.956,g
2460552.6063762,2024-08-30.1068109,bp,1.5,15.101,10.677,0.005,194.535,0.857,g
2460552.6076146,2024-08-30.1080491,bp,1.57,15.079,10.621,0.005,204.820,0.976,g
2460552.9855170,2024-08-30.4859183,bt,1.54,15.112,10.643,0.005,200.710,0.915,g
2460553.8199245,2024-08-31.3202525,bH,1.53,15.153,10.625,0.005,204.206,0.955,g
2460553.8211701,2024-08-31.3214980,bH,1.5,15.169,10.649,0.005,199.687,0.956,g
2460553.8224403,2024-08-31.3227681,bH,1.47,15.169,10.637,0.005,201.980,0.999,g
2460554.8252492,2024-09-01.3254885,bH,1.41,15.188,10.622,0.006,204.747,1.095,g
2460554.8264973,2024-09-01.3267365,bH,1.42,15.191,10.633,0.005,202.669,1.009,g
2460554.8277394,2024-09-01.3279785,bH,1.39,15.203,10.642,0.005,200.988,1.020,g
2460555.8180114,2024-09-02.3181628,bH,1.51,15.180,10.636,0.006,202.142,1.060,g
2460555.8192760,2024-09-02.3194273,bH,1.49,15.185,10.640,0.005,201.316,0.903,g
2460555.8205183,2024-09-02.3206695,bH,1.52,15.190,10.651,0.005,199.363,0.919,g
2460557.8882312,2024-09-04.3881984,bl,1.56,15.140,10.639,0.004,201.602,0.847,g
2460557.8894496,2024-09-04.3894167,bl,1.5,15.144,10.643,0.004,200.833,0.838,g
2460557.8906810,2024-09-04.3906480,bl,1.51,15.143,10.639,0.004,201.644,0.871,g
2460561.0484620,2024-09-07.5481466,bD,1.5,15.191,10.652,0.004,199.158,0.854,g
2460561.0497011,2024-09-07.5493855,bD,1.5,15.187,10.642,0.004,201.145,0.833,g
2460561.0509573,2024-09-07.5506417,bD,1.47,15.196,10.657,0.004,198.257,0.821,g
2460563.0504876,2024-09-09.5499923,bD,1.5,15.196,10.659,0.004,197.796,0.775,g
2460563.0517413,2024-09-09.5512459,bD,1.52,15.201,10.662,0.004,197.216,0.784,g
2460563.0529902,2024-09-09.5524948,bD,1.5,15.197,10.656,0.004,198.487,0.812,g
2460564.8895340,2024-09-11.3888733,bH,1.48,15.255,10.632,0.004,202.917,0.830,g
2460564.8907810,2024-09-11.3901201,bH,1.51,15.267,10.664,0.004,197.071,0.810,g
2460566.7900869,2024-09-13.2892552,bH,1.45,15.171,10.671,0.006,195.787,1.107,g
2460566.7913258,2024-09-13.2904940,bH,1.52,15.177,10.664,0.006,197.108,1.062,g
2460566.7925684,2024-09-13.2917365,bH,1.47,15.189,10.666,0.005,196.650,0.993,g
2460567.0342749,2024-09-13.5334212,bD,1.49,15.186,10.675,0.004,195.025,0.850,g
2460567.0355143,2024-09-13.5346605,bD,1.48,15.190,10.673,0.004,195.274,0.847,g
2460567.0367621,2024-09-13.5359081,bD,1.44,15.191,10.672,0.004,195.618,0.857,g
2460569.0589943,2024-09-15.5579585,bD,1.52,15.224,10.679,0.004,194.314,0.758,g
2460569.0602443,2024-09-15.5592083,bD,1.59,15.216,10.676,0.004,194.717,0.775,g
2460569.0614895,2024-09-15.5604535,bD,1.54,15.215,10.669,0.004,196.184,0.770,g
2460570.8317030,2024-09-17.3305080,bH,1.5,15.166,10.700,0.007,190.615,1.263,g
2460570.8329406,2024-09-17.3317455,bH,1.47,15.152,10.686,0.009,193.049,1.475,g
2460570.8341864,2024-09-17.3329912,bH,1.59,15.166,10.671,0.008,195.704,1.473,g
2460572.8915686,2024-09-19.3901892,bt,1.56,15.063,10.662,0.005,197.186,0.947,g
2460572.8927999,2024-09-19.3914204,bt,1.48,15.053,10.667,0.005,196.429,0.969,g
2460572.8940487,2024-09-19.3926691,bt,1.55,15.067,10.638,0.005,201.841,0.917,g
2460576.0162995,2024-09-22.5146417,bD,1.47,15.166,10.685,0.005,193.287,0.830,g
2460576.0175446,2024-09-22.5158867,bD,1.55,15.177,10.686,0.004,193.032,0.843,g
2460576.0187723,2024-09-22.5171143,bD,1.51,15.167,10.676,0.004,194.797,0.833,g
2460578.8222106,2024-09-25.3203049,bl,1.50,15.119,10.632,0.005,202.844,0.910,g
2460578.8234408,2024-09-25.3215350,bl,1.50,15.132,10.654,0.005,198.803,0.903,g
2460578.8246915,2024-09-25.3227856,bl,1.50,15.131,10.655,0.005,198.724,0.910,g
2460579.8795799,2024-09-26.3775814,bl,2.04,15.110,10.649,0.006,199.729,1.116,g
2460579.8808185,2024-09-26.3788200,bl,2.05,15.116,10.648,0.006,199.973,1.087,g
2460579.8820536,2024-09-26.3800549,bl,2.05,15.115,10.650,0.006,199.394,1.001,g
2460581.9803233,2024-09-28.4781418,bD,1.50,15.168,10.646,0.004,200.368,0.836,g
2460581.9815642,2024-09-28.4793826,bD,1.48,15.177,10.655,0.004,198.677,0.812,g
2460581.9828060,2024-09-28.4806243,bD,1.49,15.164,10.637,0.004,201.935,0.855,g
2460584.0020975,2024-09-30.4997415,bD,1.52,15.185,10.634,0.004,202.531,0.855,g
2460584.0033463,2024-09-30.5009901,bD,1.49,15.196,10.656,0.004,198.460,0.834,g
2460584.0045987,2024-09-30.5022424,bD,1.46,15.195,10.654,0.004,198.809,0.824,g
2460585.7476223,2024-10-02.2451172,bl,1.52,15.082,10.645,0.005,200.486,0.911,g
2460585.7488591,2024-10-02.2463538,bl,1.51,15.082,10.638,0.005,201.743,0.882,g
2460585.7501199,2024-10-02.2476146,bl,1.51,15.090,10.648,0.005,199.777,0.904,g
2460587.8610170,2024-10-04.3583333,bH,1.49,15.253,10.635,0.005,202.216,1.004,g
2460587.8622710,2024-10-04.3595872,bH,1.46,15.244,10.621,0.005,204.976,0.945,g
2460587.8635186,2024-10-04.3608347,bH,1.49,15.255,10.641,0.005,201.185,0.868,g
2460587.9177035,2024-10-04.4150151,bt,1.46,15.170,10.609,0.004,207.190,0.813,g
2460587.9189162,2024-10-04.4162277,bt,1.48,15.183,10.634,0.004,202.600,0.830,g
2460587.9201405,2024-10-04.4174519,bt,1.44,15.189,10.638,0.004,201.739,0.819,g
2460588.9169424,2024-10-05.4141705,bt,1.46,15.168,10.614,0.004,206.293,0.810,g
2460588.9181668,2024-10-05.4153948,bt,1.49,15.175,10.625,0.004,204.143,0.789,g
2460588.9194108,2024-10-05.4166387,bt,1.51,15.175,10.625,0.004,204.173,0.765,g
2460589.9081368,2024-10-06.4052827,bt,1.44,15.177,10.624,0.004,204.305,0.836,g
2460589.9093667,2024-10-06.4065124,bt,1.5,15.186,10.645,0.004,200.520,0.800,g
2460589.9105979,2024-10-06.4077435,bt,1.47,15.175,10.624,0.004,204.431,0.870,g
2460590.9793546,2024-10-07.4764122,bt,1.45,15.162,10.612,0.004,206.784,0.864,g
2460592.4879199,2024-10-08.9848548,bp,1.54,14.733,10.652,0.006,199.285,1.132,g
2460592.4891417,2024-10-08.9860764,bp,1.50,14.726,10.643,0.006,200.895,1.121,g
2460592.4903916,2024-10-08.9873262,bp,1.55,14.738,10.672,0.006,195.457,1.101,g
2460593.8541289,2024-10-10.3509538,bt,1.52,15.102,10.650,0.005,199.573,0.880,g
2460593.8553728,2024-10-10.3521976,bt,1.5,15.076,10.637,0.005,201.909,0.943,g
2460593.8565910,2024-10-10.3534157,bt,1.51,15.113,10.617,0.004,205.638,0.897,g
2460595.4671438,2024-10-11.9638406,bp,1.46,14.723,10.650,0.007,199.586,1.291,g
2460595.4683868,2024-10-11.9650835,bp,1.50,14.730,10.672,0.007,195.421,1.263,g
2460595.4696254,2024-10-11.9663220,bp,1.51,14.720,10.653,0.007,199.161,1.265,g
2460595.8323232,2024-10-12.3289913,bt,1.51,15.117,10.622,0.005,204.717,0.913,g
2460595.8335616,2024-10-12.3302296,bt,1.48,15.119,10.622,0.004,204.843,0.895,g
2460595.8347988,2024-10-12.3314668,bt,1.48,15.113,10.611,0.004,206.844,0.908,g
2460596.8995968,2024-10-13.3961815,bt,1.47,15.175,10.624,0.004,204.348,0.836,g
2460596.9008338,2024-10-13.3974184,bt,1.51,15.181,10.643,0.004,200.819,0.798,g
2460596.9020722,2024-10-13.3986567,bt,1.5,15.166,10.607,0.004,207.764,0.843,g
2460599.0302629,2024-10-15.5266839,bD,1.56,15.200,10.667,0.004,196.477,0.816,g
2460599.0315153,2024-10-15.5279362,bD,1.52,15.199,10.663,0.004,197.115,0.822,g
2460599.0327549,2024-10-15.5291757,bD,1.53,15.202,10.673,0.004,195.404,0.812,g
2460600.7502598,2024-10-17.2465515,bl,1.67,15.045,10.646,0.006,200.371,1.093,g
2460600.7514829,2024-10-17.2477745,bl,1.61,15.058,10.652,0.006,199.132,1.100,g
2460600.7527163,2024-10-17.2490079,bl,1.62,15.053,10.639,0.006,201.623,1.090,g
2460601.6885659,2024-10-18.1847881,bH,1.95,14.988,10.698,0.008,190.933,1.377,g
2460601.6898186,2024-10-18.1860407,bH,1.68,14.962,10.683,0.010,193.535,1.738,g
2460603.9636004,2024-10-20.4596574,bD,1.43,15.173,10.653,0.004,199.010,0.781,g
2460603.9648525,2024-10-20.4609094,bD,1.45,15.186,10.680,0.005,194.133,0.857,g
2460603.9661046,2024-10-20.4621614,bD,1.45,15.182,10.659,0.004,197.903,0.826,g
2460604.9129773,2024-10-21.4089668,bt,1.58,15.131,10.636,0.004,202.238,0.875,g
2460604.9141982,2024-10-21.4101875,bt,1.60,15.109,10.637,0.005,201.834,0.902,g
2460604.9154283,2024-10-21.4114176,bt,1.54,15.106,10.637,0.005,201.996,0.853,g
2460605.8022783,2024-10-22.2982053,bt,1.54,15.106,10.613,0.004,206.443,0.873,g
2460605.8035291,2024-10-22.2994561,bt,1.54,15.108,10.615,0.004,206.104,0.860,g
2460605.8047496,2024-10-22.3006765,bt,1.49,15.098,10.613,0.004,206.473,0.866,g
2460607.7108650,2024-10-24.2066607,bH,1.45,15.219,10.650,0.005,199.530,0.947,g
2460607.7133715,2024-10-24.2091670,bH,1.45,15.218,10.634,0.004,202.405,0.857,g
2460607.8871171,2024-10-24.3829007,bt,1.49,15.169,10.618,0.004,205.388,0.803,g
2460607.8883436,2024-10-24.3841272,bt,1.50,15.171,10.621,0.004,204.975,0.834,g
2460608.8482953,2024-10-25.3440144,bt,1.52,15.166,10.624,0.004,204.458,0.834,g
2460608.8495176,2024-10-25.3452366,bt,1.51,15.164,10.623,0.004,204.647,0.833,g
2460608.8507456,2024-10-25.3464646,bt,1.54,15.154,10.609,0.004,207.194,0.823,g
2460609.9056198,2024-10-26.4012689,bt,1.49,15.171,10.606,0.004,207.668,0.846,g
2460609.9068384,2024-10-26.4024875,bt,1.45,15.174,10.607,0.004,207.603,0.831,g
2460609.9080708,2024-10-26.4037198,bt,1.46,15.174,10.610,0.004,207.081,0.814,g
2460610.6665504,2024-10-27.1621500,bl,1.48,15.066,10.637,0.005,201.951,0.947,g
2460610.6677841,2024-10-27.1633837,bl,1.49,15.069,10.646,0.005,200.338,0.913,g
2460610.6690177,2024-10-27.1646172,bl,1.50,15.077,10.646,0.006,200.296,0.998,g
2460610.8187176,2024-10-27.3143074,bt,1.5,15.171,10.637,0.004,202.023,0.847,g
2460610.8199475,2024-10-27.3155372,bt,1.46,15.172,10.636,0.004,202.016,0.780,g
2460610.8211637,2024-10-27.3167533,bt,1.49,15.167,10.622,0.004,204.631,0.843,g
2460611.7784225,2024-10-28.2739508,bt,1.6,15.136,10.646,0.004,200.249,0.846,g
2460611.7796561,2024-10-28.2751844,bt,1.55,15.142,10.651,0.004,199.470,0.873,g
2460611.7808858,2024-10-28.2764140,bt,1.59,15.146,10.656,0.004,198.392,0.848,g
2460612.9276749,2024-10-29.4231309,bt,1.54,15.201,10.664,0.004,196.977,0.789,g
2460612.9288896,2024-10-29.4243455,bt,1.57,15.204,10.667,0.004,196.291,0.790,g
2460612.9301173,2024-10-29.4255732,bt,1.56,15.207,10.676,0.004,194.759,0.758,g
2460614.0218052,2024-10-30.5171939,bt,1.63,14.972,10.661,0.005,197.606,0.991,g
2460614.4601041,2024-10-30.9554662,bp,1.5,15.157,10.664,0.005,197.113,0.890,g
2460614.4613392,2024-10-30.9567012,bp,1.48,15.132,10.612,0.004,206.559,0.852,g
2460614.4625753,2024-10-30.9579372,bp,1.47,15.164,10.669,0.005,195.930,0.870,g
2460614.6959731,2024-10-31.1913209,bl,1.51,15.121,10.653,0.005,199.020,0.938,g
2460614.6971911,2024-10-31.1925389,bl,1.54,15.123,10.657,0.006,198.116,0.951,g
2460614.6984209,2024-10-31.1937687,bl,1.52,15.113,10.626,0.005,203.951,0.908,g
2460616.7407972,2024-11-02.2360245,bl,1.50,15.132,10.599,0.004,209.145,0.871,g
2460616.7420291,2024-11-02.2372563,bl,1.49,15.152,10.635,0.004,202.292,0.863,g
2460616.7432719,2024-11-02.2384990,bl,1.49,15.144,10.624,0.004,204.411,0.889,g
2460618.7528731,2024-11-04.2479869,bt,1.5,15.025,10.671,0.005,195.603,0.902,g
2460618.7541015,2024-11-04.2492152,bt,1.5,15.028,10.648,0.005,199.811,0.927,g
2460618.7553300,2024-11-04.2504435,bt,1.49,15.021,10.644,0.005,200.476,0.945,g
2460619.7334513,2024-11-05.2285114,bl,1.56,15.163,10.677,0.004,194.634,0.846,g
2460619.7346817,2024-11-05.2297417,bl,1.49,15.159,10.665,0.004,196.895,0.805,g
2460619.7359096,2024-11-05.2309696,bl,1.53,15.166,10.678,0.004,194.458,0.858,g
2460620.6520610,2024-11-06.1470722,bH,1.53,15.196,10.659,0.005,197.762,0.970,g
2460620.6533009,2024-11-06.1483119,bH,1.50,15.192,10.652,0.005,199.216,1.025,g
2460620.6545523,2024-11-06.1495633,bH,1.51,15.208,10.681,0.005,193.836,0.888,g
2460623.7597041,2024-11-09.2545574,bt,1.54,15.156,10.619,0.004,205.343,0.865,g
2460623.7609225,2024-11-09.2557757,bt,1.5,15.172,10.650,0.004,199.699,0.855,g
2460623.7621394,2024-11-09.2569926,bt,1.49,15.176,10.657,0.004,198.200,0.821,g
2460626.3674645,2024-11-11.8621954,bp,1.59,15.057,10.647,0.006,200.033,1.030,g
2460626.3687060,2024-11-11.8634368,bp,1.56,15.048,10.625,0.006,204.148,1.029,g
2460626.3699382,2024-11-11.8646689,bp,1.56,15.046,10.623,0.006,204.566,1.120,g
2460630.7288087,2024-11-16.2233557,bt,1.99,14.866,10.713,0.007,188.243,1.099,g
2460630.7300371,2024-11-16.2245840,bt,1.66,14.834,10.654,0.007,198.695,1.250,g
2460630.7312624,2024-11-16.2258092,bt,1.59,14.869,10.658,0.007,198.056,1.225,g
2460633.6072026,2024-11-19.1016429,bl,1.45,15.031,10.608,0.006,207.394,1.040,g
2460633.6084292,2024-11-19.1028695,bl,1.47,15.050,10.648,0.005,199.788,0.974,g
2460633.6096775,2024-11-19.1041178,bl,1.44,15.055,10.646,0.005,200.456,0.962,g
2460635.5878936,2024-11-21.0822677,bl,1.52,15.014,10.633,0.005,202.717,0.981,g
2460635.5891281,2024-11-21.0835021,bl,1.52,15.023,10.648,0.005,199.834,0.948,g
2460635.5903525,2024-11-21.0847264,bl,1.5,15.032,10.652,0.005,199.042,0.961,g
2460638.3340528,2024-11-23.8283445,bp,1.5,99.990,99.990,99.990,99.990,99.990,g
2460638.3352698,2024-11-23.8295614,bp,1.52,15.040,10.590,0.005,210.861,0.939,g
2460638.3364941,2024-11-23.8307857,bp,1.5,15.071,10.644,0.005,200.744,0.964,g
2460638.4019214,2024-11-23.8962111,bp,1.48,15.143,10.629,0.005,203.346,0.994,g
2460638.4031458,2024-11-23.8974355,bp,1.5,15.152,10.650,0.004,199.540,0.869,g
2460638.4043782,2024-11-23.8986679,bp,1.5,99.990,99.990,99.990,99.990,99.990,g
2460638.7394211,2024-11-24.2337016,bt,1.54,15.170,10.638,0.004,201.801,0.858,g
2460638.7406611,2024-11-24.2349415,bt,1.48,15.127,10.612,0.004,206.533,0.869,g
2460638.7418984,2024-11-24.2361788,bt,1.48,15.120,10.631,0.005,203.033,0.991,g
2460639.3398957,2024-11-24.8341601,bp,1.56,15.017,10.610,0.005,207.001,0.979,g
2460639.3411292,2024-11-24.8353935,bp,1.56,14.984,10.627,0.008,203.727,1.517,g
2460639.3423807,2024-11-24.8366450,bp,1.6,15.009,10.581,0.006,212.648,1.057,g
2460639.8594875,2024-11-25.3537383,bl,1.48,14.979,10.632,0.005,202.853,0.998,g
2460639.8607345,2024-11-25.3549853,bl,1.47,14.986,10.656,0.006,198.418,1.069,g
2460639.8619594,2024-11-25.3562102,bl,1.44,14.984,10.647,0.005,200.119,1.006,g
2460640.7087822,2024-11-26.2030119,bH,1.47,15.260,10.629,0.005,203.343,0.937,g
2460640.7100372,2024-11-26.2042668,bH,1.55,15.257,10.622,0.005,204.736,0.855,g
2460640.7113097,2024-11-26.2055393,bH,1.53,15.272,10.649,0.004,199.548,0.775,g
2460642.5843764,2024-11-28.0785633,bH,1.48,15.187,10.661,0.005,197.625,0.958,g
2460642.5856173,2024-11-28.0798042,bH,1.45,15.185,10.645,0.005,200.556,0.943,g
2460642.5868788,2024-11-28.0810657,bH,1.47,15.173,10.618,0.005,205.548,0.891,g
2460642.8637028,2024-11-28.3578838,bH,1.5,15.193,10.663,0.005,197.164,1.027,g
2460642.8649545,2024-11-28.3591355,bH,1.48,15.139,10.661,0.006,197.656,1.068,g
2460642.8662056,2024-11-28.3603865,bH,1.5,15.136,10.689,0.008,192.413,1.384,g
2460643.7356275,2024-11-29.2297908,bH,1.41,15.266,10.641,0.005,201.161,0.897,g
2460643.7369073,2024-11-29.2310705,bH,1.4,15.271,10.648,0.004,199.884,0.812,g
2460643.7381572,2024-11-29.2323203,bH,1.43,15.240,10.584,0.005,212.052,0.930,g
2460647.3078809,2024-12-02.8019844,bp,1.56,14.960,10.623,0.005,204.668,1.012,g
2460647.3091367,2024-12-02.8032402,bp,1.54,14.974,10.663,0.005,197.150,0.974,g
2460647.3106415,2024-12-02.8047449,bp,1.56,14.992,10.646,0.005,200.275,1.002,g
2460647.6591719,2024-12-03.1532705,bH,1.43,15.258,10.651,0.005,199.313,0.855,g
2460647.6604276,2024-12-03.1545263,bH,1.45,15.244,10.623,0.004,204.646,0.763,g
2460647.6616754,2024-12-03.1557740,bH,1.45,15.244,10.621,0.005,204.852,0.913,g
2460648.5233764,2024-12-04.0174641,bp,1.58,15.141,10.631,0.004,203.003,0.876,g
2460648.5246112,2024-12-04.0186989,bp,1.63,15.148,10.642,0.004,201.126,0.847,g
2460648.5258555,2024-12-04.0199432,bp,1.62,15.165,10.683,0.004,193.546,0.835,g
2460649.5656848,2024-12-05.0597609,bH,1.45,15.164,10.621,0.004,204.967,0.867,g
2460649.5669301,2024-12-05.0610062,bH,1.45,15.183,10.651,0.005,199.332,0.935,g
2460649.5681619,2024-12-05.0622379,bH,1.45,15.197,10.668,0.004,196.345,0.836,g
2460650.6616576,2024-12-06.1557233,bH,1.42,15.277,10.681,0.004,193.992,0.787,g
2460650.6629035,2024-12-06.1569692,bH,1.4,15.272,10.657,0.004,198.151,0.814,g
2460650.6641608,2024-12-06.1582265,bH,1.42,15.278,10.676,0.004,194.761,0.767,g
2460651.5551312,2024-12-07.0491900,bH,1.45,15.164,10.649,0.005,199.791,0.920,g
2460651.5563965,2024-12-07.0504552,bH,1.44,15.183,10.673,0.005,195.275,0.903,g
2460651.5576370,2024-12-07.0516957,bH,1.47,15.164,10.638,0.005,201.759,0.926,g
2460654.5523587,2024-12-10.0464032,bp,1.45,15.167,10.683,0.005,193.603,0.949,g
2460654.5535947,2024-12-10.0476392,bp,1.5,15.144,10.639,0.005,201.495,0.932,g
2460654.5548266,2024-12-10.0488711,bp,1.48,15.137,10.621,0.005,205.034,0.973,g
2460657.8322042,2024-12-13.3262497,bt,1.63,15.144,10.644,0.005,200.613,0.894,g
2460657.8334309,2024-12-13.3274764,bt,1.59,15.155,10.652,0.004,199.113,0.854,g
2460657.8346687,2024-12-13.3287142,bt,1.64,15.144,10.648,0.005,199.795,0.900,g
2460658.3396093,2024-12-13.8336566,bp,2.32,14.949,10.627,0.006,203.971,1.188,g
2460658.3408526,2024-12-13.8348998,bp,2.45,14.838,10.643,0.007,200.788,1.287,g
2460658.3421001,2024-12-13.8361474,bp,2.26,14.912,10.664,0.006,197.004,1.112,g
2460658.6758934,2024-12-14.1699419,bl,1.6,15.112,10.630,0.006,203.276,0.985,g
2460658.6771405,2024-12-14.1711890,bl,1.53,15.109,10.656,0.005,198.444,0.896,g
2460658.6783749,2024-12-14.1724234,bl,1.58,15.103,10.628,0.006,203.642,1.002,g
2460658.9163938,2024-12-14.4104435,bt,1.61,15.061,10.652,0.006,199.139,0.984,g
2460658.9176190,2024-12-14.4116686,bt,1.63,15.036,10.643,0.006,200.913,0.993,g
2460658.9188538,2024-12-14.4129035,bt,1.63,15.021,10.643,0.006,200.918,1.039,g
2460659.6965211,2024-12-15.1905749,bt,1.59,15.064,10.642,0.005,200.896,0.941,g
2460659.6977580,2024-12-15.1918118,bt,1.58,15.059,10.644,0.005,200.707,0.927,g
2460659.6989852,2024-12-15.1930389,bt,1.63,15.059,10.662,0.006,197.397,0.980,g
2460660.6692235,2024-12-16.1632837,bl,1.59,15.067,10.680,0.006,194.145,0.985,g
2460660.6704637,2024-12-16.1645240,bl,1.6,15.060,10.654,0.006,198.899,1.003,g
2460660.6717039,2024-12-16.1657641,bl,1.53,15.102,10.675,0.006,194.962,1.004,g
2460661.4130181,2024-12-16.9070843,bp,2.36,15.026,10.647,0.005,200.077,0.987,g
2460661.4142495,2024-12-16.9083157,bp,2.38,15.041,10.646,0.005,200.315,0.967,g
2460661.4154865,2024-12-16.9095527,bp,2.39,15.066,10.694,0.006,191.693,0.979,g
2460661.6746146,2024-12-17.1686831,bH,1.46,15.232,10.688,0.006,192.610,1.034,g
2460661.6758659,2024-12-17.1699345,bH,1.49,15.208,10.627,0.005,203.816,0.969,g
2460661.6771109,2024-12-17.1711795,bH,1.51,15.256,10.687,0.005,192.805,0.966,g
2460664.6822849,2024-12-20.1763880,bt,1.54,15.162,10.640,0.004,201.448,0.856,g
2460664.6835195,2024-12-20.1776226,bt,1.5,15.167,10.645,0.004,200.434,0.835,g
2460664.6847493,2024-12-20.1788524,bt,1.5,15.148,10.609,0.004,207.366,0.816,g
2460664.8908957,2024-12-20.3850017,bt,1.48,15.148,10.641,0.005,201.055,0.906,g
2460664.8921289,2024-12-20.3862349,bt,1.5,15.134,10.623,0.005,204.594,0.920,g
2460664.8933648,2024-12-20.3874709,bt,1.5,15.132,10.634,0.004,202.574,0.860,g
2460665.8078617,2024-12-21.3019814,bt,1.53,15.189,10.650,0.004,199.507,0.781,g
2460665.8091047,2024-12-21.3032243,bt,1.49,15.181,10.636,0.004,202.227,0.821,g
2460665.8103401,2024-12-21.3044598,bt,1.48,15.187,10.650,0.004,199.652,0.832,g
2460668.3320142,2024-12-23.8261784,bp,1.58,15.167,10.687,0.005,192.903,0.798,g
2460668.3333081,2024-12-23.8274724,bp,1.6,15.160,10.676,0.004,194.849,0.825,g
2460668.3345535,2024-12-23.8287178,bp,1.52,15.155,10.666,0.004,196.526,0.859,g
2460669.6168639,2024-12-25.1110546,bH,1.59,15.245,10.655,0.005,198.668,0.847,g
2460669.6181322,2024-12-25.1123229,bH,1.57,15.220,10.605,0.004,208.054,0.760,g
2460669.6194041,2024-12-25.1135949,bH,1.6,15.226,10.611,0.004,206.792,0.868,g
2460669.6591654,2024-12-25.1533570,bt,2.44,15.072,10.634,0.005,202.637,0.842,g
2460669.6604030,2024-12-25.1545947,bt,2.39,15.076,10.635,0.005,202.433,0.842,g
2460669.6616433,2024-12-25.1558350,bt,2.39,15.069,10.617,0.005,205.781,0.861,g
2460670.6391626,2024-12-26.1333763,bt,1.55,15.071,10.642,0.005,201.025,0.885,g
2460670.6403799,2024-12-26.1345937,bt,1.56,15.070,10.624,0.005,204.315,0.841,g
2460670.6416003,2024-12-26.1358141,bt,1.58,15.065,10.626,0.005,203.871,0.848,g
2460671.8986309,2024-12-27.3928752,bt,2.01,15.090,10.632,0.005,203.040,0.870,g
2460671.8998513,2024-12-27.3940956,bt,2.02,15.086,10.624,0.005,204.262,0.849,g
2460671.9010729,2024-12-27.3953173,bt,2.03,15.085,10.624,0.005,204.292,0.870,g
2460672.2989372,2024-12-27.7931917,bp,1.53,15.141,10.644,0.005,200.740,0.963,g
2460672.3001613,2024-12-27.7944158,bp,1.53,15.137,10.642,0.005,201.008,0.896,g
2460672.3014024,2024-12-27.7956570,bp,1.52,15.133,10.631,0.005,203.070,0.910,g
2460672.8518657,2024-12-28.3461347,bt,1.64,15.147,10.622,0.004,204.771,0.817,g
2460672.8530853,2024-12-28.3473544,bt,1.58,15.153,10.633,0.004,202.746,0.796,g
2460672.8543067,2024-12-28.3485758,bt,1.7,15.143,10.633,0.004,202.703,0.827,g
2460673.8540410,2024-12-29.3483376,bt,1.66,15.157,10.648,0.004,199.921,0.807,g
2460673.8552624,2024-12-29.3495590,bt,1.66,15.151,10.638,0.004,201.671,0.809,g
2460673.8564899,2024-12-29.3507866,bt,1.68,15.152,10.637,0.004,201.882,0.839,g
2460674.3144035,2024-12-29.8087132,bp,1.51,15.170,10.668,0.005,196.135,0.915,g
2460674.3156291,2024-12-29.8099389,bp,1.49,15.183,10.689,0.005,192.449,0.943,g
2460674.3169644,2024-12-29.8112742,bp,1.52,15.147,10.618,0.005,205.444,0.970,g
2460674.8477305,2024-12-30.3420560,bt,1.54,15.190,10.660,0.004,197.562,0.831,g
2460674.8489590,2024-12-30.3432845,bt,1.57,15.169,10.633,0.004,202.731,0.806,g
2460674.8501945,2024-12-30.3445200,bt,1.51,15.168,10.625,0.004,204.308,0.830,g
2460675.8716635,2024-12-31.3660203,bt,1.53,15.141,10.619,0.004,205.326,0.881,g
2460675.8728933,2024-12-31.3672501,bt,1.53,15.149,10.636,0.004,202.041,0.808,g
2460675.8741266,2024-12-31.3684834,bt,1.52,15.161,10.662,0.004,197.346,0.834,g
2460676.8686165,2025-01-01.3630053,bt,1.51,15.122,10.651,0.005,199.322,0.868,g
2460676.8698321,2025-01-01.3642210,bt,1.48,15.121,10.663,0.005,197.038,0.889,g
2460676.8710597,2025-01-01.3654486,bt,1.49,15.108,10.657,0.005,198.233,0.899,g
2460677.3433954,2025-01-01.8377999,bp,1.52,15.151,10.619,0.005,205.367,0.929,g
2460677.3446805,2025-01-01.8390851,bp,1.49,15.183,10.680,0.005,194.150,0.874,g
2460677.3460244,2025-01-01.8404290,bp,1.52,15.187,10.685,0.005,193.276,0.920,g
2460678.3069885,2025-01-02.8014261,bp,1.73,15.138,10.653,0.005,199.036,0.981,g
2460678.3082255,2025-01-02.8026631,bp,1.76,15.139,10.656,0.005,198.354,1.006,g
2460678.3094497,2025-01-02.8038874,bp,1.72,15.152,10.672,0.006,195.466,0.999,g
2460678.6727845,2025-01-03.1672350,bt,1.51,15.192,10.643,0.004,200.771,0.776,g
2460678.6740117,2025-01-03.1684622,bt,1.53,15.193,10.651,0.004,199.281,0.793,g
2460678.6752448,2025-01-03.1696955,bt,1.54,15.199,10.659,0.004,197.958,0.778,g
2460680.8713150,2025-01-05.3658474,bt,1.58,15.137,10.652,0.004,199.274,0.833,g
2460680.8725540,2025-01-05.3670865,bt,1.67,15.128,10.665,0.005,196.877,0.843,g
2460680.8737863,2025-01-05.3683188,bt,1.74,15.119,10.650,0.005,199.586,0.845,g
2460682.3117742,2025-01-06.8063640,bp,1.49,15.176,10.687,0.004,192.800,0.812,g
2460682.3130019,2025-01-06.8075917,bp,1.55,15.169,10.670,0.004,195.936,0.846,g
2460682.3143078,2025-01-06.8088977,bp,1.51,15.179,10.700,0.005,190.493,0.840,g
2460682.5453107,2025-01-07.0399102,bl,1.73,15.035,10.700,0.010,190.708,1.769,g
2460682.5465356,2025-01-07.0411351,bl,1.74,15.039,10.694,0.010,191.668,1.804,g
2460682.5477654,2025-01-07.0423650,bl,1.78,99.990,99.990,99.990,99.990,99.990,g
2460684.3140443,2025-01-08.8087190,bp,1.52,15.204,10.740,0.006,183.681,0.910,g
2460684.3152850,2025-01-08.8099597,bp,1.53,15.178,10.668,0.004,196.136,0.835,g
2460684.3165325,2025-01-08.8112073,bp,1.46,15.203,10.732,0.005,185.083,0.872,g
2460685.3086239,2025-01-09.8033428,bp,1.56,15.175,10.715,0.006,188.039,0.912,g
2460685.3099626,2025-01-09.8046815,bp,1.59,15.149,10.664,0.005,197.075,0.888,g
2460685.3119263,2025-01-09.8066453,bp,1.63,15.160,10.702,0.005,190.130,0.877,g
2460685.5525879,2025-01-10.0473179,bl,1.61,15.158,10.684,0.005,193.425,0.892,g
2460685.5538356,2025-01-10.0485656,bl,1.67,15.145,10.668,0.005,196.115,0.926,g
2460685.5550558,2025-01-10.0497859,bl,1.64,15.145,10.663,0.005,197.000,0.884,g
2460686.3029473,2025-01-10.7977118,bp,1.71,15.139,10.703,0.005,190.134,0.888,g
2460686.3042070,2025-01-10.7989716,bp,1.7,15.146,10.724,0.006,186.355,0.955,g
2460686.3054308,2025-01-10.8001954,bp,1.67,15.133,10.690,0.006,192.306,0.976,g
2460690.6746127,2025-01-15.1695937,bH,1.42,15.134,10.621,0.006,204.876,1.245,g
2460690.6758845,2025-01-15.1708656,bH,1.49,15.178,10.672,0.006,195.479,1.174,g
2460690.6771316,2025-01-15.1721128,bH,1.35,15.123,10.679,0.007,194.227,1.188,g
2460691.6769591,2025-01-16.1719933,bH,1.49,15.216,10.672,0.005,195.525,0.971,g
2460691.6782170,2025-01-16.1732513,bH,1.49,15.209,10.706,0.005,189.506,0.956,g
2460691.6794908,2025-01-16.1745252,bH,1.51,15.208,10.691,0.005,192.116,0.908,g
2460692.6643168,2025-01-17.1594047,bl,1.55,15.078,10.749,0.012,182.127,2.023,g
2460693.4880353,2025-01-17.9831691,bp,1.53,15.088,10.691,0.006,192.197,1.026,g
2460693.4892641,2025-01-17.9843980,bp,1.5,15.111,10.735,0.006,184.545,0.966,g
2460693.4904893,2025-01-17.9856232,bp,1.52,15.095,10.705,0.006,189.616,0.975,g
2460693.6717377,2025-01-18.1668817,bl,1.51,15.050,10.745,0.008,182.786,1.299,g
2460693.6729843,2025-01-18.1681285,bl,1.49,15.032,10.726,0.008,185.992,1.368,g
2460694.8464143,2025-01-19.3416253,bD,2.12,15.185,10.722,0.006,186.669,0.915,g
2460694.8476794,2025-01-19.3428905,bD,2.16,15.188,10.736,0.006,184.329,0.917,g
2460694.8489423,2025-01-19.3441535,bD,2.16,15.183,10.725,0.006,186.224,0.925,g
2460695.4376335,2025-01-19.9328790,bp,1.51,15.166,10.687,0.005,192.885,0.867,g
2460695.4388771,2025-01-19.9341227,bp,1.51,15.165,10.700,0.005,190.463,0.884,g
2460695.4401090,2025-01-19.9353547,bp,1.44,15.134,10.643,0.005,200.814,0.949,g
2460696.8847181,2025-01-21.3800496,bA,2.01,15.066,>15.066,99.990,-0.165,0.684,g
2460697.9023699,2025-01-22.3977634,bD,2.05,15.391,10.714,0.005,188.183,0.863,g
2460697.9036150,2025-01-22.3990086,bD,2.02,15.387,10.712,0.005,188.542,0.853,g
2460697.9048816,2025-01-22.4002753,bD,2.04,15.381,10.710,0.005,188.944,0.894,g
2460699.7284606,2025-01-24.2239686,bl,1.53,15.090,10.667,0.006,196.370,0.997,g
2460700.4382282,2025-01-24.9337817,bp,1.7,15.127,10.680,0.006,194.037,0.990,g
2460700.4394575,2025-01-24.9350110,bp,1.61,15.118,10.669,0.006,196.165,1.032,g
2460700.4406873,2025-01-24.9362409,bp,1.61,15.103,10.636,0.006,202.205,1.015,g
2460701.6718115,2025-01-26.1674453,bt,1.6,15.166,10.644,0.004,200.685,0.817,g
2460701.6730340,2025-01-26.1686679,bt,1.6,15.168,10.653,0.004,198.977,0.819,g
2460701.6742634,2025-01-26.1698974,bt,1.65,15.175,10.660,0.004,197.675,0.813,g
2460702.6311251,2025-01-27.1268228,bH,1.71,15.255,10.662,0.005,197.235,0.920,g
2460702.6336410,2025-01-27.1293388,bH,1.66,15.243,10.653,0.004,198.967,0.841,g
2460704.7151036,2025-01-29.2109433,bH,1.56,15.185,10.644,0.005,200.601,0.884,g
2460704.7163785,2025-01-29.2122183,bH,1.57,15.167,10.609,0.005,207.063,0.948,g
2460704.7176493,2025-01-29.2134891,bH,1.54,15.191,10.661,0.005,197.553,0.926,g
2460705.5964116,2025-01-30.0923126,bl,1.72,15.122,10.609,0.005,207.324,1.089,g
2460705.5976394,2025-01-30.0935405,bl,1.69,15.127,10.619,0.006,205.387,1.124,g
2460705.5988770,2025-01-30.0947782,bl,1.71,15.136,10.637,0.005,201.992,1.065,g
2460706.4602962,2025-01-30.9562583,bp,1.56,15.064,10.606,0.006,207.870,1.024,g
2460706.4620325,2025-01-30.9579947,bp,1.59,15.072,10.626,0.006,203.995,1.015,g
2460706.4636960,2025-01-30.9596584,bp,1.64,15.056,10.592,0.006,210.457,1.051,g
2460706.7969695,2025-01-31.2929556,bt,1.58,15.099,10.622,0.005,204.779,0.834,g
2460706.7981967,2025-01-31.2941828,bt,1.63,15.098,10.629,0.005,203.400,0.879,g
2460706.7994274,2025-01-31.2954137,bt,1.67,15.093,10.618,0.005,205.495,0.874,g
2460708.4445592,2025-02-01.9406643,bp,1.47,15.096,10.636,0.005,202.067,0.960,g
2460708.4458046,2025-02-01.9419097,bp,1.49,15.092,10.631,0.005,203.103,0.963,g
2460708.4470463,2025-02-01.9431515,bp,1.49,15.071,10.588,0.005,211.281,0.976,g
2460710.6685229,2025-02-04.1647926,bH,1.47,15.196,10.609,0.004,207.230,0.847,g
2460710.6697894,2025-02-04.1660592,bH,1.46,15.206,10.628,0.005,203.519,0.889,g
2460710.6710448,2025-02-04.1673148,bH,1.44,15.191,10.614,0.005,206.194,0.884,g
2460711.6511452,2025-02-05.1474892,bl,1.58,15.123,10.625,0.005,204.260,1.064,g
2460711.6523788,2025-02-05.1487228,bl,1.56,15.109,10.593,0.005,210.234,1.017,g
2460711.6536136,2025-02-05.1499577,bl,1.55,15.116,10.607,0.005,207.612,0.937,g
2460712.3507687,2025-02-05.8471660,bp,1.59,15.091,10.600,0.005,208.909,1.001,g
2460712.3520067,2025-02-05.8484041,bp,1.68,14.268,10.522,0.017,224.653,3.491,g
2460712.3532519,2025-02-05.8496493,bp,1.57,15.033,10.593,0.005,210.287,0.995,g
2460713.3753215,2025-02-06.8717978,bp,1.63,15.103,10.627,0.005,203.883,0.903,g
2460713.3765789,2025-02-06.8730552,bp,1.59,15.097,10.642,0.005,201.025,0.895,g
2460713.3778431,2025-02-06.8743196,bp,1.56,15.104,10.646,0.005,200.362,0.913,g
2460715.7670057,2025-02-09.2636695,bD,2.29,13.467,10.727,0.038,185.911,6.429,g
2460716.3644131,2025-02-09.8611246,bp,1.62,15.093,10.674,0.006,195.137,0.969,g
2460716.3657397,2025-02-09.8624513,bp,1.67,15.084,10.654,0.005,198.809,0.958,g
2460716.3673529,2025-02-09.8640646,bp,1.62,15.110,10.683,0.005,193.421,0.869,g
2460716.3922724,2025-02-09.8889861,bp,1.72,15.025,10.601,0.005,208.653,0.948,g
2460716.3936841,2025-02-09.8903979,bp,1.99,15.022,10.643,0.006,200.753,1.055,g
2460716.3949855,2025-02-09.8916994,bp,1.81,15.010,10.604,0.005,208.162,0.977,g
2460717.7908239,2025-02-11.28765,bD,1.64,15.360,10.649,0.004,199.672,0.805,g
2460718.6653057,2025-02-12.1622030,bH,1.49,15.075,10.647,0.007,200.079,1.350,g
2460718.6665588,2025-02-12.1634562,bH,1.4,15.002,10.642,0.008,201.010,1.410,g
2460718.6678064,2025-02-12.1647038,bH,1.43,15.095,10.709,0.007,189.085,1.280,g
2460720.7754307,2025-02-14.2725015,bD,1.59,15.392,10.642,0.005,201.103,0.823,g
2460720.7766910,2025-02-14.2737619,bD,1.63,15.392,10.646,0.005,200.252,0.836,g
2460720.7779271,2025-02-14.2749982,bD,1.56,15.391,10.645,0.005,200.535,0.828,g
2460720.8562239,2025-02-14.3533015,bD,1.63,15.361,10.642,0.005,201.089,0.878,g
2460720.8574816,2025-02-14.3545593,bD,1.66,15.358,10.647,0.005,200.063,0.862,g
2460720.8587041,2025-02-14.3557819,bD,1.73,15.348,10.651,0.005,199.368,0.853,g
2460721.8566358,2025-02-15.3537968,bD,1.63,15.370,10.652,0.005,199.239,0.830,g
2460722.6538365,2025-02-16.1510645,bl,1.53,15.046,10.591,0.006,210.717,1.059,g
2460722.6550734,2025-02-16.1523015,bl,1.55,15.063,10.634,0.006,202.461,1.074,g
2460722.6562965,2025-02-16.1535248,bl,1.57,15.071,10.628,0.006,203.617,1.046,g
2460722.8236013,2025-02-16.3208436,bD,1.6,15.386,10.636,0.004,201.974,0.796,g
2460722.8248572,2025-02-16.3220996,bD,1.61,15.385,10.640,0.005,201.371,0.832,g
2460723.3914327,2025-02-16.8887231,bp,1.46,15.059,10.585,0.006,211.898,1.058,g
2460723.3938999,2025-02-16.8911904,bp,1.5,15.063,10.601,0.006,208.779,1.103,g
2460723.6084996,2025-02-17.1058083,bH,1.4,15.215,10.593,0.004,210.302,0.877,g
2460723.6097489,2025-02-17.1070577,bH,1.43,15.205,10.592,0.005,210.634,0.991,g
2460723.6109970,2025-02-17.1083059,bH,1.43,15.216,10.612,0.005,206.621,0.961,g
2460723.8439285,2025-02-17.3412572,bD,1.64,15.370,10.650,0.005,199.538,0.906,g
2460723.8451924,2025-02-17.3425212,bD,1.7,15.370,10.652,0.005,199.264,0.903,g
2460723.8464407,2025-02-17.3437696,bD,1.74,15.364,10.650,0.005,199.420,0.941,g
2460724.6492930,2025-02-18.1466903,bH,1.47,15.174,10.621,0.005,204.988,1.009,g
2460724.6505456,2025-02-18.1479430,bH,1.51,15.176,10.625,0.005,204.175,0.898,g
2460724.6518100,2025-02-18.1492076,bH,1.5,15.165,10.604,0.005,208.110,0.921,g
2460725.6377129,2025-02-19.1351949,bt,2.19,15.040,10.624,0.005,204.466,0.819,g
2460725.6389369,2025-02-19.1364190,bt,2.17,15.051,10.639,0.005,201.527,0.857,g
2460725.6401624,2025-02-19.1376446,bt,2.16,15.049,10.630,0.005,203.261,0.820,g
2460726.7234590,2025-02-20.2210346,bt,1.81,15.095,10.628,0.005,203.712,0.843,g
2460726.7246842,2025-02-20.2222600,bt,2.0,15.117,10.659,0.005,197.959,0.851,g
2460726.7259106,2025-02-20.2234864,bt,1.99,15.110,10.643,0.005,200.728,0.804,g
2460727.6458138,2025-02-21.1434695,bl,1.65,15.091,10.689,0.006,192.435,1.013,g
2460727.6470393,2025-02-21.1446951,bl,1.6,15.089,10.684,0.006,193.278,0.961,g
2460727.6482540,2025-02-21.1459100,bl,1.63,15.077,10.665,0.006,196.764,1.046,g
2460728.5169637,2025-02-22.0146953,bl,2.09,15.116,10.656,0.006,198.317,1.118,g
2460728.5181981,2025-02-22.0159298,bl,2.07,15.126,10.676,0.006,194.864,1.099,g
2460728.5194291,2025-02-22.0171609,bl,2.06,15.144,10.687,0.006,192.869,1.107,g
2460729.6067233,2025-02-23.1045505,bl,1.54,15.121,10.647,0.005,200.161,0.901,g
2460729.6079488,2025-02-23.1057761,bl,1.55,15.122,10.648,0.005,199.864,0.933,g
2460729.6091920,2025-02-23.1070194,bl,1.56,15.115,10.636,0.005,202.201,0.909,g
2460730.6357910,2025-02-24.1337089,bl,1.6,15.081,10.637,0.006,202.033,1.055,g
2460730.6370195,2025-02-24.1349375,bl,1.69,15.100,10.684,0.006,193.489,1.000,g
2460730.6382539,2025-02-24.1361720,bl,1.62,15.093,10.672,0.006,195.557,0.974,g
2460731.6273696,2025-02-25.1253753,bl,1.65,15.099,10.648,0.006,199.891,1.032,g
2460731.6286028,2025-02-25.1266086,bl,1.63,15.103,10.665,0.006,196.697,1.019,g
2460731.6298377,2025-02-25.1278436,bl,1.6,15.095,10.650,0.006,199.496,0.976,g
2460732.6312347,2025-02-26.1293297,bH,1.82,15.184,10.637,0.005,201.927,0.909,g
2460732.6324923,2025-02-26.1305873,bH,1.81,15.167,10.611,0.005,207.018,0.921,g
2460732.6337518,2025-02-26.1318469,bH,1.76,15.179,10.632,0.004,202.895,0.820,g
2460734.7894123,2025-02-28.2877003,bD,1.55,15.440,10.654,0.004,198.776,0.778,g
2460734.7906751,2025-02-28.2889632,bD,1.52,15.435,10.648,0.004,199.887,0.744,g
2460734.7919249,2025-02-28.2902130,bD,1.54,15.437,10.648,0.004,199.740,0.759,g
2460735.3080218,2025-02-28.8063563,bp,1.53,15.119,10.624,0.005,204.428,0.938,g
2460735.3092633,2025-02-28.8075980,bp,1.6,15.101,10.594,0.005,210.093,0.940,g
2460735.3104895,2025-02-28.8088243,bp,1.58,99.990,99.990,99.990,99.990,99.990,g
2460735.7801495,2025-03-01.2785265,bD,1.61,15.441,10.647,0.004,200.149,0.751,g
2460735.7814138,2025-03-01.2797910,bD,1.52,15.445,10.655,0.004,198.685,0.752,g
2460735.7826625,2025-03-01.2810397,bD,1.62,15.438,10.642,0.004,201.009,0.767,g
2460737.7628109,2025-03-03.2613669,bD,1.53,15.446,10.634,0.004,202.448,0.732,g
2460737.7640611,2025-03-03.2626172,bD,1.54,15.448,10.640,0.004,201.442,0.764,g
2460737.7653146,2025-03-03.2638709,bD,1.49,15.449,10.645,0.004,200.467,0.733,g
2460740.3522100,2025-03-05.8510011,bp,1.5,15.104,10.658,0.005,198.072,0.923,g
2460740.3534445,2025-03-05.8522357,bp,1.49,15.065,10.590,0.006,210.939,1.039,g
2460740.3546711,2025-03-05.8534624,bp,1.46,15.092,10.650,0.005,199.513,0.961,g
2460745.2936838,2025-03-10.7929251,bp,1.51,15.090,10.610,0.005,206.882,0.901,g
2460747.3280689,2025-03-12.8274958,bp,2.41,14.918,10.663,0.008,197.075,1.566,g
2460747.3293246,2025-03-12.8287516,bp,2.36,14.869,10.639,0.007,201.561,1.419,g
2460747.3305546,2025-03-12.8299818,bp,2.36,14.909,10.673,0.008,195.422,1.536,g
2460747.7451858,2025-03-13.2446507,bD,2.05,15.372,10.650,0.005,199.571,0.900,g
2460747.7464364,2025-03-13.2459013,bD,2.07,15.372,10.659,0.005,197.985,0.935,g
2460747.7476977,2025-03-13.2471628,bD,2.01,15.365,10.651,0.005,199.325,0.910,g
2460748.7429758,2025-03-14.2425315,bD,1.68,15.412,10.652,0.005,199.309,0.912,g
2460748.7442259,2025-03-14.2437817,bD,1.99,15.404,10.649,0.005,199.668,0.891,g
2460748.7454829,2025-03-14.2450388,bD,2.0,15.410,10.653,0.005,198.903,0.933,g
2460750.7263827,2025-03-16.2261187,bD,1.58,15.422,10.658,0.005,198.064,0.800,g
2460750.7276462,2025-03-16.2273824,bD,1.6,15.426,10.663,0.005,197.087,0.784,g
2460750.7288987,2025-03-16.2286349,bD,1.56,15.431,10.659,0.005,197.909,0.810,g
2460751.7304630,2025-03-17.2302902,bD,1.55,15.438,10.650,0.004,199.397,0.751,g
2460751.7317068,2025-03-17.2315341,bD,1.52,15.439,10.654,0.004,198.705,0.770,g
2460751.7329502,2025-03-17.2327776,bD,1.56,15.442,10.656,0.005,198.340,0.782,g
2460752.3105847,2025-03-17.8104644,bp,1.57,15.066,10.668,0.006,196.270,1.059,g
2460752.3118077,2025-03-17.8116875,bp,1.56,15.069,10.647,0.006,200.145,1.022,g
2460752.3130431,2025-03-17.8129230,bp,1.58,15.072,10.669,0.006,196.133,1.018,g
2460752.5949142,2025-03-18.0948197,bl,1.49,15.052,10.654,0.006,198.969,1.126,g
2460752.7763132,2025-03-18.2762350,bD,1.66,15.400,10.673,0.005,195.345,0.899,g
2460752.7775744,2025-03-18.2774963,bD,1.65,15.397,10.673,0.005,195.435,0.869,g
2460752.7788240,2025-03-18.2787461,bD,1.71,15.394,10.667,0.005,196.324,0.888,g
2460754.5635731,2025-03-20.0636563,bH,1.56,15.217,10.698,0.004,191.017,0.750,g
2460754.5648246,2025-03-20.0649079,bH,1.58,15.232,10.721,0.005,186.959,0.874,g
2460754.5660825,2025-03-20.0661659,bH,1.55,15.221,10.703,0.004,190.023,0.816,g
2460755.5637678,2025-03-21.0639408,bH,1.5,15.224,10.695,0.004,191.508,0.814,g
2460755.5650796,2025-03-21.0652528,bH,1.53,15.219,10.681,0.004,193.839,0.842,g
2460755.5663260,2025-03-21.0664993,bH,1.53,15.225,10.696,0.005,191.242,0.871,g
2460756.5638270,2025-03-22.0640897,bH,1.5,15.191,10.659,0.005,197.969,0.911,g
2460756.5650716,2025-03-22.0653345,bH,1.49,15.198,10.667,0.005,196.332,0.930,g
2460756.5663199,2025-03-22.0665828,bH,1.53,15.187,10.658,0.005,198.118,0.889,g
2460757.5578996,2025-03-23.0582511,bH,1.52,15.180,10.612,0.005,206.746,0.929,g
2460757.5591451,2025-03-23.0594967,bH,1.5,15.196,10.638,0.005,201.606,0.935,g
2460757.5604132,2025-03-23.0607650,bH,1.52,15.185,10.625,0.005,204.322,0.964,g
2460758.6356799,2025-03-24.1361273,bt,2.13,14.977,10.633,0.006,202.696,1.195,g
2460758.6369113,2025-03-24.1373588,bt,2.13,14.971,10.625,0.006,204.220,1.196,g
2460758.6381396,2025-03-24.1385872,bt,2.14,14.967,10.627,0.006,203.789,1.090,g
2460759.5516207,2025-03-25.0521492,bH,1.39,15.202,10.633,0.005,202.720,0.968,g
2460759.5528664,2025-03-25.0533951,bH,1.37,15.213,10.644,0.005,200.661,0.871,g
2460759.5541202,2025-03-25.0546491,bH,1.44,15.207,10.654,0.005,198.721,0.873,g
2460763.5418594,2025-03-29.0427377,bH,1.45,15.183,10.655,0.005,198.561,0.931,g
2460763.5431137,2025-03-29.0439920,bH,1.45,15.170,10.632,0.004,202.872,0.877,g
2460763.5443781,2025-03-29.0452565,bH,1.48,15.165,10.620,0.005,205.210,0.908,g
2460765.6132094,2025-03-31.1142662,bt,2.37,14.951,10.642,0.009,201.095,1.583,g
2460765.6144278,2025-03-31.1154846,bt,2.35,14.937,10.655,0.008,198.627,1.537,g
2460765.6156599,2025-03-31.1167169,bt,2.37,14.856,10.647,0.008,200.066,1.479,g
2460771.5131133,2025-04-06.0146649,bH,1.54,15.184,10.633,0.004,202.584,0.841,g
2460771.5143656,2025-04-06.0159173,bH,1.54,15.174,10.624,0.004,204.302,0.882,g
2460771.5156094,2025-04-06.0171612,bH,1.52,15.196,10.659,0.005,197.791,0.888,g
2460773.5111120,2025-04-08.0128260,bH,1.49,15.163,10.647,0.007,200.144,1.267,g
2460773.5123591,2025-04-08.0140731,bH,1.56,15.159,10.633,0.006,202.718,1.148,g
2460773.5136250,2025-04-08.0153392,bH,1.57,15.186,10.671,0.006,195.575,1.092,g
2460774.5077466,2025-04-09.0095405,bH,1.61,15.164,10.649,0.005,199.789,0.952,g
2460774.5090079,2025-04-09.0108019,bH,1.61,15.155,10.631,0.005,203.149,0.910,g
2460774.5102630,2025-04-09.0120571,bH,1.64,15.156,10.652,0.005,199.133,0.888,g
2460775.5056563,2025-04-10.0075294,bH,1.53,15.135,10.639,0.005,201.475,1.015,g
2460775.5069110,2025-04-10.0087842,bH,1.48,15.164,10.653,0.006,198.916,1.057,g
2460775.5081591,2025-04-10.0100324,bH,1.59,15.124,10.658,0.006,198.226,1.010,g
2460776.5023865,2025-04-11.0043381,bH,1.59,99.990,99.990,99.990,99.990,99.990,g
2460776.5036309,2025-04-11.0055825,bH,2.04,99.990,99.990,99.990,99.990,99.990,g
2460776.5048894,2025-04-11.0068411,bH,1.43,99.990,99.990,99.990,99.990,99.990,g
2460777.5014669,2025-04-12.0034961,bH,1.44,15.125,10.630,0.006,203.347,1.131,g
2460777.5027121,2025-04-12.0047415,bH,1.47,15.090,10.680,0.006,194.195,1.132,g
2460777.5039560,2025-04-12.0059855,bH,1.53,15.117,10.622,0.006,204.833,1.195,g
2460778.4954699,2025-04-12.9975757,bH,1.54,15.061,10.651,0.006,199.363,1.141,g
2460778.4967374,2025-04-12.9988433,bH,1.61,15.070,10.659,0.006,197.993,1.125,g
2460778.4980004,2025-04-13.0001064,bH,1.46,15.060,10.649,0.007,199.703,1.206,g
2460779.4931825,2025-04-13.9953643,bl,1.63,15.042,10.636,0.006,202.121,1.070,g
2460779.4944197,2025-04-13.9966016,bl,1.58,15.045,10.641,0.006,201.298,1.042,g
2460779.4956443,2025-04-13.9978264,bl,1.58,15.050,10.675,0.005,195.151,0.959,g
2460780.4925019,2025-04-14.9947590,bH,1.48,15.163,10.649,0.005,199.686,1.003,g
2460780.4937718,2025-04-14.9960290,bH,1.5,15.182,10.664,0.005,197.037,0.920,g
2460780.4950222,2025-04-14.9972795,bH,1.48,15.157,10.644,0.004,200.591,0.882,g
2460781.4839111,2025-04-15.9862420,bl,1.55,15.095,10.642,0.005,200.903,0.899,g
2460781.4851350,2025-04-15.9874660,bl,1.55,15.094,10.637,0.006,202.036,1.030,g
2460781.4863575,2025-04-15.9886887,bl,1.52,15.078,10.624,0.005,204.394,0.964,g
2460782.4871654,2025-04-16.9895701,bH,1.56,15.212,10.687,0.005,192.919,0.866,g
2460782.4884309,2025-04-16.9908357,bH,1.56,15.195,10.650,0.005,199.501,0.880,g
2460782.4896784,2025-04-16.9920833,bH,1.56,15.181,10.630,0.005,203.130,0.906,g
2460783.4787388,2025-04-17.9812155,bl,1.61,15.077,10.625,0.006,204.131,1.011,g
2460783.4799689,2025-04-17.9824457,bl,1.6,15.091,10.657,0.006,198.162,0.961,g
2460783.4812118,2025-04-17.9836887,bl,1.63,15.087,10.647,0.006,200.007,0.969,g
2460783.5033886,2025-04-18.0058671,bl,1.5,15.051,10.630,0.006,203.221,1.025,g
2460783.5046196,2025-04-18.0070983,bl,1.56,15.069,10.671,0.005,195.866,0.949,g
2460783.5058495,2025-04-18.0083282,bl,1.58,15.053,10.646,0.006,200.383,1.022,g
2460784.4817987,2025-04-18.9843473,bH,1.73,15.174,10.634,0.005,202.469,1.010,g
2460784.4830501,2025-04-18.9855988,bH,1.72,15.182,10.648,0.005,199.921,0.898,g
2460784.4843089,2025-04-18.9868578,bH,1.73,15.166,10.626,0.005,203.975,0.922,g
2460786.4764102,2025-04-20.9790990,bH,1.5,15.193,10.653,0.004,198.986,0.848,g
2460786.4776600,2025-04-20.9803488,bH,1.49,15.182,10.635,0.005,202.361,0.952,g
2460786.4789158,2025-04-20.9816047,bH,1.5,15.180,10.640,0.005,201.376,0.959,g
2460787.4718823,2025-04-21.9746395,bH,1.54,15.185,10.629,0.005,203.532,1.021,g
2460787.4731329,2025-04-21.9758902,bH,1.56,15.196,10.665,0.005,196.886,0.989,g
2460787.4743984,2025-04-21.9771557,bH,1.54,15.184,10.649,0.006,199.582,1.106,g
2460788.4711279,2025-04-22.9739528,bH,1.42,15.032,10.641,0.007,201.300,1.200,g
2460788.4723838,2025-04-22.9752088,bH,1.44,15.073,10.660,0.006,197.685,1.114,g
2460788.4736512,2025-04-22.9764762,bH,1.44,15.118,10.642,0.006,200.969,1.131,g
2460789.4666273,2025-04-23.9695186,bH,1.46,15.192,10.646,0.005,200.263,0.928,g
2460789.4678725,2025-04-23.9707638,bH,1.42,15.167,10.615,0.005,206.150,1.020,g
2460789.4691272,2025-04-23.9720186,bH,1.45,15.187,10.635,0.005,202.418,0.991,g
2460790.4620424,2025-04-24.9649990,bl,1.62,15.054,10.654,0.006,198.748,0.988,g
2460790.4632713,2025-04-24.9662280,bl,1.55,15.061,10.646,0.006,200.187,0.996,g
2460790.4645010,2025-04-24.9674578,bl,1.53,15.058,10.618,0.006,205.395,0.993,g
2460791.4614019,2025-04-25.9644231,bH,1.47,15.144,10.639,0.005,201.487,0.939,g
2460791.4626516,2025-04-25.9656728,bH,1.49,15.168,10.637,0.005,201.921,0.954,g
2460791.4639085,2025-04-25.9669298,bH,1.45,15.191,10.651,0.005,199.343,0.949,g
2460792.4569497,2025-04-26.9600340,bl,2.02,14.932,10.640,0.007,201.440,1.391,g
2460792.4581900,2025-04-26.9612743,bl,1.58,14.941,10.641,0.007,201.181,1.336,g
2460792.4594395,2025-04-26.9625240,bl,1.51,14.978,10.648,0.007,200.022,1.292,g
2460793.4562950,2025-04-27.9594416,bH,2.15,15.007,10.720,0.008,187.074,1.415,g
2460793.4575479,2025-04-27.9606946,bH,2.01,15.041,10.678,0.007,194.416,1.234,g
2460793.4588059,2025-04-27.9619526,bH,1.53,15.098,10.668,0.007,196.316,1.221,g
2460794.2000414,2025-04-28.7032336,bp,2.22,14.894,10.666,0.009,196.741,1.692,g
2460794.2012807,2025-04-28.7044730,bp,2.21,14.890,10.639,0.008,201.690,1.530,g
2460794.2025666,2025-04-28.7057590,bp,2.13,14.976,10.664,0.008,196.940,1.480,g
2460869.9420638,2025-07-13.4458877,bH,2.32,14.718,10.707,0.014,189.315,2.404,g
2460869.9445541,2025-07-13.4483778,bH,2.46,14.581,10.729,0.012,185.484,2.114,g
2460870.9383499,2025-07-14.4421273,bH,1.98,14.977,10.679,0.008,194.345,1.529,g
2460870.9396052,2025-07-14.4433824,bH,2.08,14.801,10.640,0.010,201.274,1.765,g
2460870.9408623,2025-07-14.4446395,bH,2.17,14.786,10.664,0.009,197.036,1.698,g
2460872.9316628,2025-07-16.4353434,bH,1.56,15.073,10.648,0.007,199.933,1.325,g
2460872.9329235,2025-07-16.4366040,bH,1.66,15.062,10.650,0.007,199.637,1.209,g
2460872.9341721,2025-07-16.4378525,bH,1.52,15.053,10.640,0.007,201.405,1.229,g
2460873.9320351,2025-07-17.4356653,bH,1.54,15.085,10.639,0.007,201.562,1.227,g
2460873.9333090,2025-07-17.4369391,bH,1.54,15.076,10.658,0.008,198.077,1.463,g
2460873.9345592,2025-07-17.4381892,bH,1.53,15.098,10.660,0.007,197.607,1.276,g
2460874.9284961,2025-07-18.4320748,bH,1.43,15.111,10.650,0.006,199.398,1.056,g
2460874.9297530,2025-07-18.4333316,bH,1.45,15.107,10.629,0.007,203.421,1.209,g
2460874.9310217,2025-07-18.4346002,bH,1.48,15.116,10.642,0.006,201.049,1.139,g
2460875.6609598,2025-07-19.1644999,bp,1.59,14.981,10.645,0.005,200.462,0.903,g
2460875.6622330,2025-07-19.1657729,bp,1.63,14.966,10.618,0.005,205.604,0.995,g
2460875.6634597,2025-07-19.1669996,bp,1.57,14.991,10.632,0.005,202.716,0.998,g
2460875.9253218,2025-07-19.4288477,bH,1.48,15.109,10.627,0.006,203.735,0.990,g
2460875.9265666,2025-07-19.4300924,bH,1.44,15.110,10.621,0.005,204.949,1.023,g
2460875.9278144,2025-07-19.4313402,bH,1.45,15.114,10.621,0.005,205.050,1.039,g
2460876.9217453,2025-07-20.4252174,bH,1.39,14.905,10.651,0.016,199.240,2.920,g
2460876.9229953,2025-07-20.4264673,bH,1.45,99.990,99.990,99.990,99.990,99.990,g
2460876.9242511,2025-07-20.4277230,bH,1.49,14.497,10.875,0.028,162.239,4.136,g
2460877.6543016,2025-07-21.1577332,bp,1.52,14.611,10.687,0.009,192.907,1.619,g
2460877.6555508,2025-07-21.1589823,bp,1.57,13.870,10.960,0.027,150.051,3.754,g
2460877.6567947,2025-07-21.1602262,bp,1.52,14.666,10.618,0.008,205.543,1.580,g
2460879.9152911,2025-07-23.4185940,bH,1.6,15.112,10.631,0.006,202.952,1.079,g
2460879.9165472,2025-07-23.4198501,bH,1.54,15.113,10.627,0.005,203.863,0.935,g
2460879.9178090,2025-07-23.4211118,bH,1.52,15.107,10.616,0.005,205.771,0.992,g
2460883.6886244,2025-07-27.1916994,bp,1.59,14.987,10.664,0.005,197.042,0.971,g
2460883.6898581,2025-07-27.1929330,bp,1.98,14.940,10.634,0.006,202.483,1.149,g
2460884.6857695,2025-07-28.1887816,bp,1.6,14.981,10.593,0.006,210.232,1.073,g
2460884.6871000,2025-07-28.1901121,bp,1.65,14.992,10.629,0.006,203.378,1.075,g
2460884.6884763,2025-07-28.1914882,bp,1.98,14.956,10.622,0.006,204.714,1.178,g
2460885.6859365,2025-07-29.1888845,bp,1.61,14.784,10.636,0.008,202.271,1.392,g
2460885.6871874,2025-07-29.1901354,bp,1.55,14.760,10.619,0.009,205.421,1.591,g
2460885.6884491,2025-07-29.1913970,bp,2.02,14.690,10.647,0.009,200.219,1.635,g
2460892.9360085,2025-08-05.4384616,bH,1.65,14.989,10.604,0.007,208.083,1.259,g
2460892.9377617,2025-08-05.4402147,bl,2.14,14.848,10.595,0.006,209.990,1.208,g
2460892.9389860,2025-08-05.4414390,bl,2.22,14.898,10.652,0.007,199.207,1.342,g
2460893.8891000,2025-08-06.3914845,bH,1.57,15.115,10.617,0.006,205.799,1.102,g
2460893.8903469,2025-08-06.3927313,bH,1.54,15.103,10.562,0.005,216.359,1.110,g
2460893.8916047,2025-08-06.3939890,bH,1.46,15.119,10.605,0.005,207.954,1.039,g
2460897.9372787,2025-08-10.4393623,bH,1.85,14.943,10.674,0.010,195.087,1.744,g
2460897.9385315,2025-08-10.4406150,bH,2.07,14.864,10.679,0.010,194.130,1.755,g
2460900.6244504,2025-08-13.1263270,bp,1.54,15.030,10.623,0.006,204.583,1.005,g
2460900.6256842,2025-08-13.1275607,bp,1.54,15.004,10.601,0.005,208.807,0.964,g
2460900.6269146,2025-08-13.1287910,bp,1.53,15.048,10.637,0.005,202.028,0.946,g
2460902.8831153,2025-08-15.3848136,bl,1.53,15.069,10.634,0.005,202.376,0.891,g
2460902.8843719,2025-08-15.3860701,bl,1.58,99.990,99.990,99.990,99.990,99.990,g
2460902.8856124,2025-08-15.3873105,bl,1.65,15.048,10.616,0.005,205.965,0.951,g
2460903.8706772,2025-08-16.3722964,bH,1.49,15.135,10.618,0.005,205.530,0.952,g
2460903.8719264,2025-08-16.3735456,bH,1.43,15.144,10.625,0.005,204.051,1.006,g
2460903.8731828,2025-08-16.3748018,bH,1.5,15.163,10.653,0.005,198.975,0.982,g
2460904.8625837,2025-08-17.3641228,bl,1.57,15.069,10.652,0.005,199.190,0.955,g
2460904.8638218,2025-08-17.3653608,bl,1.54,15.057,10.611,0.005,206.727,0.957,g
2460904.8650467,2025-08-17.3665856,bl,1.55,15.064,10.618,0.005,205.463,0.974,g
2460905.6834452,2025-08-18.1849175,bp,2.34,15.050,12.048,0.018,55.053,0.894,g
2460905.8451160,2025-08-18.3465750,bH,1.74,15.086,10.667,0.007,196.554,1.240,g
2460905.8463598,2025-08-18.3478188,bH,1.76,15.065,10.610,0.006,206.979,1.145,g
2460905.8476028,2025-08-18.3490617,bH,1.84,15.073,10.646,0.006,200.246,1.128,g
2460911.8291294,2025-08-24.3300886,bH,1.62,15.093,10.648,0.006,199.842,1.088,g
2460911.8303798,2025-08-24.3313389,bH,1.59,15.084,10.622,0.007,204.823,1.180,g
2460911.8316372,2025-08-24.3325961,bH,1.6,15.101,10.648,0.006,199.833,1.093,g
2460913.0742858,2025-08-25.5751385,bD,1.52,15.232,10.636,0.004,202.040,0.839,g
2460913.0751999,2025-08-25.5760525,bD,1.54,15.233,10.633,0.005,202.624,0.864,g
2460913.0761073,2025-08-25.5769599,bD,1.54,15.235,10.637,0.004,202.056,0.810,g
2460914.0732524,2025-08-26.5740193,bD,1.52,15.236,10.636,0.004,202.085,0.807,g
2460914.0741444,2025-08-26.5749112,bD,1.53,15.246,10.644,0.004,200.612,0.810,g
2460914.0750508,2025-08-26.5758175,bD,1.57,15.245,10.646,0.004,200.334,0.813,g
2460915.5899288,2025-08-28.0905644,bp,1.55,14.624,10.653,0.007,198.989,1.275,g
2460915.5911638,2025-08-28.0917992,bp,1.56,14.639,10.656,0.008,198.423,1.335,g
2460915.5924114,2025-08-28.0930467,bp,1.5,14.619,10.628,0.007,203.654,1.296,g
2460916.8272524,2025-08-29.3277802,bl,1.5,15.084,10.676,0.005,194.912,0.951,g
2460916.8284894,2025-08-29.3290171,bl,1.49,15.087,10.679,0.005,194.314,0.950,g
2460916.8297159,2025-08-29.3302435,bl,1.5,15.075,10.644,0.005,200.492,0.903,g
2460918.0609914,2025-08-30.5614112,bD,1.69,15.147,10.673,0.005,195.413,0.883,g
2460918.0618981,2025-08-30.5623178,bD,1.73,15.032,10.685,0.008,193.193,1.339,g
2460918.0628126,2025-08-30.5632322,bD,1.65,15.057,10.663,0.006,197.129,1.126,g
2460920.1103617,2025-09-01.6106009,bD,1.47,15.289,10.658,0.004,198.074,0.768,g
2460920.1112716,2025-09-01.6115107,bD,1.46,15.290,10.662,0.004,197.384,0.787,g
2460920.1121405,2025-09-01.6123795,bD,1.48,15.291,10.667,0.004,196.533,0.761,g
2460920.6109023,2025-09-02.1110972,bp,1.53,15.009,10.678,0.006,194.422,1.097,g
2460921.0527818,2025-09-02.5529377,bD,1.46,15.250,10.672,0.004,195.586,0.821,g
2460921.0536747,2025-09-02.5538305,bD,1.54,15.249,10.668,0.005,196.134,0.857,g
2460921.0545534,2025-09-02.5547091,bD,1.5,15.242,10.658,0.004,198.035,0.823,g
2460922.0490768,2025-09-03.5491442,bD,1.58,15.249,10.676,0.005,194.896,0.843,g
2460922.0499835,2025-09-03.5500508,bD,1.64,15.250,10.673,0.004,195.315,0.776,g
2460922.0508833,2025-09-03.5509506,bD,1.65,15.251,10.669,0.004,196.080,0.801,g
2460923.8045389,2025-09-05.3044499,bl,1.57,14.989,10.658,0.005,198.023,0.996,g
2460923.8057638,2025-09-05.3056747,bl,1.56,14.985,10.658,0.006,198.009,1.146,g
2460923.8069878,2025-09-05.3068986,bl,1.5,15.015,10.652,0.006,199.296,1.159,g
2460925.0473051,2025-09-06.5471050,bD,1.58,15.226,10.675,0.005,195.029,0.846,g
2460925.0482127,2025-09-06.5480125,bD,1.53,15.205,10.672,0.005,195.587,0.911,g
2460925.0491286,2025-09-06.5489284,bD,1.59,15.220,10.674,0.004,195.258,0.844,g
2460927.7862502,2025-09-09.2858046,bH,1.48,14.969,10.660,0.008,197.790,1.457,g
2460927.7874936,2025-09-09.2870479,bH,1.67,14.926,10.622,0.009,204.684,1.649,g
2460927.7887429,2025-09-09.2882971,bH,1.56,14.995,10.705,0.009,189.809,1.507,g
2460928.5776828,2025-09-10.0771660,bp,1.59,14.868,10.606,0.006,207.836,1.221,g
2460928.5789328,2025-09-10.0784158,bp,1.62,14.886,10.593,0.006,210.422,1.153,g
2460928.5801653,2025-09-10.0796483,bp,1.51,14.908,10.664,0.006,196.921,1.205,g
2460929.1121964,2025-09-10.6116314,bD,1.54,15.272,10.657,0.004,198.207,0.752,g
2460929.1130944,2025-09-10.6125294,bD,1.55,15.273,10.653,0.005,199.112,0.839,g
2460929.1140045,2025-09-10.6134394,bD,1.5,15.281,10.649,0.004,199.759,0.768,g
2460929.5781498,2025-09-11.0775430,bp,1.58,14.877,10.686,0.007,193.034,1.182,g
2460929.5793834,2025-09-11.0787764,bp,1.54,14.903,10.681,0.007,193.849,1.241,g
2460929.5806120,2025-09-11.0800050,bp,1.57,14.865,10.631,0.007,203.115,1.284,g
2460930.7825898,2025-09-12.2818746,bH,1.75,14.785,10.662,0.009,197.298,1.603,g
2460930.7838403,2025-09-12.2831251,bH,1.77,14.923,10.646,0.008,200.298,1.411,g
2460930.7850849,2025-09-12.2843695,bH,1.85,15.000,10.655,0.008,198.771,1.371,g
2460931.6569874,2025-09-13.1561935,bp,1.53,15.109,10.644,0.005,200.688,0.868,g
2460931.6582256,2025-09-13.1574315,bp,1.59,15.093,10.657,0.005,198.216,0.958,g
2460931.6594483,2025-09-13.1586541,bp,1.57,15.061,10.650,0.005,199.520,0.946,g
2460932.5855709,2025-09-14.0846934,bp,1.51,15.072,10.624,0.005,204.428,0.957,g
2460932.5868087,2025-09-14.0859310,bp,1.53,15.081,10.647,0.005,199.926,0.929,g
2460932.5880550,2025-09-14.0871772,bp,1.55,15.080,10.653,0.006,199.010,1.033,g
2460934.7750535,2025-09-16.2739791,bH,1.44,15.130,10.621,0.004,204.895,0.868,g
2460934.7763137,2025-09-16.2752392,bH,1.43,15.158,10.664,0.005,197.013,0.957,g
2460934.7775562,2025-09-16.2764815,bH,1.41,15.139,10.632,0.004,202.888,0.883,g
2460935.8253340,2025-09-17.3241651,bl,1.48,15.114,10.627,0.005,203.841,0.927,g
2460935.8265689,2025-09-17.3253999,bl,1.48,15.101,10.603,0.004,208.433,0.858,g
2460935.8277940,2025-09-17.3266249,bl,1.47,15.117,10.626,0.005,204.058,0.935,g
2460936.5571558,2025-09-18.0559213,bp,1.55,15.101,10.665,0.005,196.910,0.887,g
2460936.5584093,2025-09-18.0571747,bp,1.56,15.072,10.609,0.005,207.146,0.956,g
2460936.5596617,2025-09-18.0584269,bp,1.53,15.084,10.629,0.005,203.352,0.882,g
2460936.7852406,2025-09-18.2839856,bH,1.47,15.179,10.669,0.005,196.084,0.866,g
2460936.7864969,2025-09-18.2852418,bH,1.48,15.159,10.626,0.005,204.079,0.966,g
2460936.7877446,2025-09-18.2864894,bH,1.47,15.142,10.590,0.005,210.819,0.985,g
2460938.0289675,2025-09-19.5276011,bD,1.61,15.250,10.662,0.004,197.472,0.813,g
2460938.0298527,2025-09-19.5284862,bD,1.65,15.242,10.653,0.004,198.846,0.833,g
2460938.0307538,2025-09-19.5293872,bD,1.99,15.223,10.653,0.005,198.959,0.859,g
2460939.7742298,2025-09-21.2727074,bl,1.52,15.016,10.641,0.006,201.216,1.004,g
2460939.7754613,2025-09-21.2739389,bl,1.53,15.003,10.608,0.006,207.499,1.048,g
2460939.7766859,2025-09-21.2751633,bl,1.52,15.010,10.616,0.006,205.891,1.086,g
2460940.8720015,2025-09-22.3703814,bt,1.5,15.061,10.593,0.005,210.414,0.906,g
2460940.8728759,2025-09-22.3712558,bt,1.5,15.085,10.640,0.005,201.352,0.926,g
2460940.8737624,2025-09-22.3721422,bt,1.51,15.088,10.642,0.005,201.086,0.930,g
2460941.8969620,2025-09-23.3952509,bH,1.44,15.228,10.653,0.004,198.862,0.834,g
2460941.8982045,2025-09-23.3964932,bH,1.48,15.218,10.630,0.005,203.123,0.897,g
2460941.8994574,2025-09-23.3977461,bH,1.49,15.204,10.611,0.005,206.806,0.929,g
2460942.7819101,2025-09-24.2801207,bH,1.44,15.165,10.622,0.005,204.728,1.003,g
2460942.7831506,2025-09-24.2813611,bH,1.47,15.169,10.625,0.005,204.198,0.903,g
2460942.7843933,2025-09-24.2826037,bH,1.46,15.185,10.656,0.005,198.322,0.914,g
2460944.0109135,2025-09-25.5090157,bD,1.51,15.242,10.649,0.004,199.792,0.843,g
2460944.0118315,2025-09-25.5099337,bD,1.48,15.238,10.641,0.004,201.198,0.849,g
2460944.0127460,2025-09-25.5108481,bD,1.49,15.246,10.653,0.004,198.961,0.828,g
2460945.7642082,2025-09-27.2621568,bH,1.66,15.135,10.612,0.005,206.587,0.991,g
2460945.7654566,2025-09-27.2634051,bH,1.67,15.162,10.656,0.005,198.392,0.911,g
2460945.7667026,2025-09-27.2646510,bH,1.71,15.142,10.606,0.005,207.913,1.000,g
2460947.8046077,2025-09-29.3023789,bl,1.51,15.108,10.594,0.005,210.006,0.970,g
2460947.8058374,2025-09-29.3036085,bl,1.56,15.105,10.602,0.005,208.547,0.942,g
2460947.8070603,2025-09-29.3048313,bl,1.51,15.109,10.599,0.005,209.097,0.974,g
2460948.8617551,2025-09-30.3594352,bt,1.59,15.082,10.627,0.005,203.773,0.936,g
2460948.8626330,2025-09-30.3603129,bt,1.55,15.089,10.645,0.005,200.495,0.908,g
2460948.8635233,2025-09-30.3612032,bt,1.56,15.090,10.645,0.006,200.417,0.983,g
2460949.8508878,2025-10-01.3484830,bt,1.59,15.071,10.611,0.005,206.921,0.941,g
2460949.8517563,2025-10-01.3493514,bt,1.58,15.072,10.609,0.005,207.206,0.890,g
2460949.8526264,2025-10-01.3502214,bt,1.6,15.077,10.622,0.005,204.658,0.943,g
2460951.0017815,2025-10-02.4992785,bD,1.48,15.259,10.664,0.004,196.917,0.807,g
2460951.0026946,2025-10-02.5001915,bD,1.52,15.247,10.642,0.004,201.046,0.833,g
2460951.0035646,2025-10-02.5010615,bD,1.52,15.250,10.646,0.004,200.346,0.811,g
2460951.8448033,2025-10-03.3422289,bt,1.5,15.059,10.632,0.005,202.860,0.899,g
2460951.8456893,2025-10-03.3431148,bt,1.54,15.062,10.637,0.005,201.980,0.917,g
2460951.8465647,2025-10-03.3439902,bt,1.53,15.067,10.642,0.005,201.065,0.938,g
2460952.1448903,2025-10-03.6422904,bD,1.54,15.259,10.660,0.005,197.669,0.838,g
2460952.1457910,2025-10-03.6431911,bD,1.56,15.255,10.659,0.004,197.884,0.807,g
2460952.1466988,2025-10-03.6440988,bD,1.58,15.244,10.654,0.004,198.835,0.821,g
2460952.8809505,2025-10-04.3782888,bt,1.54,15.087,10.630,0.005,203.244,0.891,g
2460952.8818093,2025-10-04.3791475,bt,1.55,15.086,10.622,0.005,204.707,0.904,g
2460952.8826858,2025-10-04.3800240,bt,1.55,15.072,10.612,0.005,206.520,0.917,g
2460953.8393276,2025-10-05.3365857,bt,1.53,14.975,10.613,0.006,206.370,1.033,g
2460953.8402144,2025-10-05.3374725,bt,1.64,14.962,10.630,0.006,203.263,1.108,g
2460953.8410983,2025-10-05.3383562,bt,1.61,14.991,10.636,0.006,202.149,1.028,g
2460954.8355843,2025-10-06.3327596,bt,1.6,14.971,10.645,0.006,200.518,1.028,g
2460954.8364595,2025-10-06.3336348,bt,1.55,14.925,10.636,0.005,202.183,1.045,g
2460954.8373407,2025-10-06.3345159,bt,1.68,14.950,10.640,0.006,201.347,1.045,g
2460955.8330146,2025-10-07.3301077,bt,1.6,14.819,10.615,0.007,206.084,1.189,g
2460955.8338984,2025-10-07.3309913,bt,1.63,14.898,10.629,0.006,203.394,1.130,g
2460955.8347810,2025-10-07.3318739,bt,1.46,14.886,10.626,0.006,203.953,1.113,g
2460957.7191633,2025-10-09.2161025,bl,2.01,14.955,10.637,0.007,201.850,1.343,g
2460957.7203873,2025-10-09.2173263,bl,2.02,14.926,10.659,0.008,197.882,1.478,g
2460957.7216240,2025-10-09.2185629,bl,2.03,14.912,10.656,0.007,198.373,1.331,g
2460958.7105683,2025-10-10.2074275,bH,1.97,14.996,10.629,0.008,203.311,1.499,g
2460958.7118105,2025-10-10.2086696,bH,1.78,15.016,10.654,0.008,198.744,1.400,g
2460958.7130752,2025-10-10.2099343,bH,1.67,15.027,10.660,0.007,197.735,1.308,g
2460959.8390612,2025-10-11.3358302,bt,1.55,15.031,10.630,0.006,203.222,1.012,g
2460959.8399354,2025-10-11.3367043,bt,1.51,15.041,10.621,0.005,205.074,0.985,g
2460959.8408058,2025-10-11.3375746,bt,1.54,15.033,10.627,0.005,203.758,0.891,g
2460961.0363318,2025-10-12.5330061,bD,1.54,15.234,10.660,0.004,197.854,0.834,g
2460961.0372422,2025-10-12.5339164,bD,1.5,15.233,10.663,0.004,197.069,0.810,g
2460961.0381601,2025-10-12.5348343,bD,1.55,15.207,10.645,0.005,200.462,0.873,g
2460962.7509395,2025-10-14.2474803,bH,1.44,15.380,10.665,0.007,196.749,1.209,g
2460962.7522031,2025-10-14.2487437,bH,1.42,15.403,10.715,0.007,188.037,1.121,g
2460962.7534428,2025-10-14.2499833,bH,1.42,15.426,10.756,0.006,180.944,1.013,g
2460962.9893408,2025-10-14.4858631,bt,1.66,15.117,10.621,0.004,204.888,0.902,g
2460962.9902148,2025-10-14.4867370,bt,1.61,15.105,10.590,0.004,210.723,0.871,g
2460962.9910871,2025-10-14.4876093,bt,1.63,15.116,10.617,0.004,205.658,0.884,g
2460963.8116863,2025-10-15.3081455,bt,1.53,15.056,10.613,0.005,206.470,0.971,g
2460963.8125583,2025-10-15.3090174,bt,1.54,15.057,10.615,0.005,205.984,0.872,g
2460963.8134325,2025-10-15.3098916,bt,1.51,15.053,10.595,0.005,209.786,0.949,g
2460964.9620890,2025-10-16.4584608,bD,1.58,14.947,10.639,0.006,201.469,1.169,g
2460964.9629865,2025-10-16.4593583,bD,1.58,15.166,10.645,0.005,200.355,0.935,g
2460964.9638942,2025-10-16.4602659,bD,1.58,15.098,10.632,0.007,202.902,1.197,g
2460965.8216009,2025-10-17.3179081,bt,1.65,14.234,10.701,0.013,190.437,2.363,g
2460965.8224764,2025-10-17.3187836,bt,1.7,99.990,99.990,99.990,99.990,99.990,g
2460966.6795773,2025-10-18.1758209,bl,1.69,15.012,10.592,0.006,210.585,1.071,g
2460966.6804689,2025-10-18.1767124,bl,1.68,15.007,10.593,0.006,210.358,1.040,g
2460966.6813524,2025-10-18.1775958,bl,1.68,15.028,10.620,0.005,205.016,0.998,g
2460967.8035906,2025-10-19.2997515,bt,1.54,15.079,10.602,0.005,208.524,0.954,g
2460967.8044696,2025-10-19.3006305,bt,1.54,15.086,10.612,0.005,206.570,0.919,g
2460967.8053573,2025-10-19.3015181,bt,1.52,15.084,10.619,0.005,205.402,0.871,g
2460968.6848373,2025-10-20.1809344,bH,1.78,15.131,10.594,0.005,210.091,1.085,g
2460968.6857329,2025-10-20.1818298,bH,1.77,15.138,10.608,0.006,207.357,1.147,g
2460968.6866661,2025-10-20.1827631,bH,1.74,15.168,10.637,0.008,201.969,1.543,g
2460969.6740498,2025-10-21.1700760,bH,1.64,15.181,10.703,0.007,190.056,1.097,g
2460969.6749546,2025-10-21.1709808,bH,1.7,15.161,10.659,0.006,197.933,1.136,g
2460969.6758575,2025-10-21.1718835,bH,1.64,15.175,10.690,0.006,192.252,1.118,g
2460969.7975635,2025-10-21.2935809,bt,1.55,15.103,10.654,0.005,198.843,0.892,g
2460969.7984491,2025-10-21.2944664,bt,1.61,15.101,10.651,0.005,199.300,0.855,g
2460969.7993278,2025-10-21.2953451,bt,1.56,15.106,10.662,0.005,197.364,0.873,g
2460970.6729931,2025-10-22.1689486,bH,1.7,14.850,10.637,0.008,202.064,1.453,g
2460970.6738959,2025-10-22.1698514,bH,1.65,14.673,10.786,0.014,176.033,2.285,g
2460970.6748012,2025-10-22.1707566,bH,1.65,14.829,10.720,0.010,187.135,1.692,g
2460971.7891647,2025-10-23.2850425,bt,1.52,14.707,10.641,0.007,201.133,1.249,g
2460971.7900474,2025-10-23.2859252,bt,1.6,14.706,10.661,0.007,197.658,1.258,g
2460971.7909194,2025-10-23.2867971,bt,1.57,14.747,10.633,0.006,202.712,1.166,g
2460972.7372675,2025-10-24.2330802,bH,1.43,15.243,10.625,0.005,204.223,0.921,g
2460972.7381695,2025-10-24.2339821,bH,1.46,15.250,10.643,0.005,200.819,0.932,g
2460972.7390630,2025-10-24.2348756,bH,1.43,15.258,10.661,0.005,197.664,0.874,g
2460973.7993726,2025-10-25.2951135,bl,1.57,15.142,10.624,0.004,204.324,0.836,g
2460973.8002496,2025-10-25.2959904,bl,1.54,15.128,10.598,0.004,209.271,0.867,g
2460973.8011342,2025-10-25.2968750,bl,1.59,15.137,10.618,0.004,205.431,0.826,g
2460974.7821616,2025-10-26.2778373,bt,1.67,15.050,10.634,0.005,202.453,0.926,g
2460974.7830369,2025-10-26.2787125,bt,1.73,15.045,10.618,0.005,205.617,0.980,g
2460974.7839171,2025-10-26.2795926,bt,1.72,15.043,10.610,0.005,207.012,0.975,g
2460975.7780600,2025-10-27.2736705,bt,1.53,15.100,10.646,0.005,200.273,0.906,g
2460975.7789445,2025-10-27.2745550,bt,1.54,15.085,10.620,0.005,205.176,0.918,g
2460975.7798105,2025-10-27.2754209,bt,1.55,15.084,10.616,0.005,205.828,0.858,g
2460976.6415573,2025-10-28.1371122,bl,1.61,14.962,10.581,0.006,212.787,1.099,g
2460976.6424478,2025-10-28.1380027,bl,1.6,14.971,10.577,0.005,213.498,1.041,g
2460976.6433242,2025-10-28.1388790,bl,1.56,15.001,10.637,0.006,201.885,1.024,g
2460976.9622796,2025-10-28.4578140,bt,1.55,15.144,10.614,0.004,206.147,0.811,g
2460976.9631578,2025-10-28.4586921,bt,1.53,15.149,10.621,0.004,204.929,0.813,g
2460976.9640459,2025-10-28.4595802,bt,1.55,15.146,10.624,0.004,204.521,0.837,g
2460978.6771465,2025-10-30.1725736,bH,1.41,15.175,10.637,0.006,201.986,1.225,g
2460978.6780467,2025-10-30.1734738,bH,1.43,15.184,10.644,0.006,200.598,1.189,g
2460978.6789516,2025-10-30.1743786,bH,1.54,15.187,10.641,0.006,201.221,1.128,g
2460978.9674894,2025-10-30.4628987,bD,1.55,15.282,10.644,0.004,200.653,0.767,g
2460978.9683946,2025-10-30.4638038,bD,1.47,15.287,10.648,0.004,199.895,0.795,g
2460978.9692943,2025-10-30.4647034,bD,1.51,15.288,10.650,0.004,199.505,0.781,g
2460979.6853302,2025-10-31.1806958,bl,1.57,15.079,10.601,0.006,208.835,1.035,g
2460979.6862264,2025-10-31.1815919,bl,1.58,15.076,10.589,0.005,210.991,0.970,g
2460979.6871217,2025-10-31.1824872,bl,1.61,15.102,10.637,0.005,201.763,0.961,g
2460979.9986169,2025-10-31.4939636,bD,1.49,15.290,10.649,0.004,199.689,0.717,g
2460979.9995208,2025-10-31.4948674,bD,1.51,15.294,10.656,0.004,198.494,0.755,g
2460980.0004136,2025-10-31.4957602,bD,1.53,15.289,10.647,0.004,200.127,0.757,g
2460980.7695076,2025-11-01.2648084,bt,1.6,15.072,10.624,0.005,204.388,0.894,g
2460980.7703804,2025-11-01.2656811,bt,1.55,15.062,10.620,0.005,205.117,0.937,g
2460980.7712579,2025-11-01.2665586,bt,1.58,15.067,10.639,0.005,201.580,0.926,g
2460981.1132065,2025-11-01.6084870,bD,1.56,15.298,10.657,0.004,198.094,0.753,g
2460981.1141150,2025-11-01.6093954,bD,1.56,15.293,10.655,0.004,198.611,0.767,g
2460981.1150049,2025-11-01.6102852,bD,1.53,15.293,10.651,0.004,199.208,0.766,g
2460982.6429434,2025-11-03.1381355,bH,1.5,15.018,10.645,0.006,200.461,1.183,g
2460982.6438465,2025-11-03.1390385,bH,1.54,15.073,10.680,0.009,194.132,1.537,g
2460982.6447475,2025-11-03.1399395,bH,1.54,15.020,10.641,0.008,201.215,1.408,g
2460983.0807223,2025-11-03.5758895,bD,1.62,15.077,10.635,0.009,202.283,1.701,g
2460983.0816225,2025-11-03.5767896,bD,1.61,15.214,10.644,0.005,200.588,0.950,g
2460983.0825301,2025-11-03.5776972,bD,1.67,15.251,10.654,0.005,198.804,0.884,g
2460983.4569345,2025-11-03.9520807,bp,1.7,14.993,10.624,0.006,204.233,1.078,g
2460983.4581668,2025-11-03.9533129,bp,1.63,15.015,10.646,0.006,200.131,1.131,g
2460983.4593983,2025-11-03.9545443,bp,1.68,15.005,10.620,0.006,205.154,1.180,g
2460983.7133493,2025-11-04.2084812,bH,1.57,15.100,10.648,0.008,199.807,1.427,g
2460983.7142440,2025-11-04.2093758,bH,1.57,15.147,10.601,0.006,208.694,1.199,g
2460983.7151483,2025-11-04.2102800,bH,1.49,15.142,10.617,0.007,205.552,1.318,g
2460984.7815045,2025-11-05.2765777,bt,1.63,14.966,10.607,0.006,207.572,1.130,g
2460984.7823789,2025-11-05.2774521,bt,1.63,14.991,10.631,0.005,202.970,0.998,g
2460984.7832508,2025-11-05.2783239,bt,1.66,14.958,10.605,0.006,207.908,1.088,g
2460985.0580174,2025-11-05.5530755,bD,1.6,15.061,10.649,0.006,199.708,1.006,g
2460985.0589310,2025-11-05.5539891,bD,1.57,15.066,10.629,0.005,203.471,0.959,g
2460985.0598469,2025-11-05.5549050,bD,2.05,15.042,10.652,0.006,199.295,1.029,g
2460985.7659650,2025-11-06.2609854,bt,1.7,14.976,10.626,0.006,203.956,1.056,g
2460985.7668473,2025-11-06.2618677,bt,1.62,14.971,10.637,0.006,202.068,1.103,g
2460985.7677354,2025-11-06.2627558,bt,1.74,14.928,10.625,0.006,204.195,1.073,g
2460986.6991269,2025-11-07.1940984,bH,2.39,14.820,10.622,0.010,204.766,1.803,g
2460986.7000307,2025-11-07.1950022,bH,2.38,14.868,10.671,0.011,195.653,2.027,g
2460986.7009368,2025-11-07.1959082,bH,2.35,14.893,10.693,0.013,191.826,2.274,g
2460987.0443557,2025-11-07.5393094,bD,1.54,15.202,10.648,0.005,199.942,0.864,g
2460987.0452704,2025-11-07.5402240,bD,1.51,15.210,10.649,0.004,199.754,0.844,g
2460987.0461791,2025-11-07.5411326,bD,1.56,15.205,10.648,0.005,199.913,0.864,g
2460987.8896224,2025-11-08.3845332,bD,1.57,15.158,10.644,0.005,200.560,0.916,g
2460987.8905370,2025-11-08.3854477,bD,1.54,15.146,10.646,0.005,200.357,0.904,g
2460987.8914425,2025-11-08.3863532,bD,1.52,15.186,10.644,0.005,200.778,0.913,g
2460988.7156415,2025-11-09.2105111,bH,1.46,15.219,10.640,0.006,201.417,1.055,g
2460988.7165479,2025-11-09.2114175,bH,1.47,15.213,10.614,0.005,206.242,1.050,g
2460988.7174423,2025-11-09.2123118,bH,1.49,15.219,10.635,0.005,202.254,0.945,g
2460988.8221305,2025-11-09.3169949,bl,1.64,15.130,10.638,0.005,201.756,0.992,g
2460988.8230126,2025-11-09.3178769,bl,1.61,15.117,10.623,0.005,204.589,0.942,g
2460988.8239005,2025-11-09.3187648,bl,1.57,15.123,10.624,0.005,204.309,0.989,g
2460990.8054892,2025-11-11.3002589,bH,1.42,15.244,10.624,0.005,204.417,0.972,g
2460990.8063942,2025-11-11.3011639,bH,1.45,15.254,10.632,0.004,202.982,0.836,g
2460990.8073145,2025-11-11.3020841,bH,1.48,15.245,10.617,0.005,205.671,0.863,g
2460991.0811028,2025-11-11.5758598,bD,1.68,15.269,10.649,0.004,199.676,0.788,g
2460991.0820083,2025-11-11.5767652,bD,1.57,15.285,10.656,0.004,198.441,0.767,g
2460991.0829132,2025-11-11.5776701,bD,1.54,15.283,10.645,0.004,200.476,0.734,g
2460991.5837465,2025-11-12.0784806,bp,1.59,15.103,10.635,0.005,202.348,0.958,g
2460991.5849811,2025-11-12.0797151,bp,1.62,15.093,10.618,0.005,205.549,0.928,g
2460991.5862111,2025-11-12.0809450,bp,1.61,15.117,10.669,0.005,195.992,0.942,g
2460991.7254514,2025-11-12.2201791,bH,1.5,15.242,10.619,0.004,205.323,0.836,g
2460991.7263420,2025-11-12.2210696,bH,1.53,15.248,10.634,0.004,202.603,0.811,g
2460991.7272491,2025-11-12.2219767,bH,1.48,15.242,10.617,0.004,205.625,0.831,g
2460991.8091621,2025-11-12.3038860,bH,1.43,15.247,10.602,0.005,208.555,0.916,g
2460991.8100871,2025-11-12.3048109,bH,1.41,15.263,10.642,0.004,201.046,0.830,g
2460991.8110052,2025-11-12.3057290,bH,1.45,15.262,10.629,0.005,203.332,0.903,g
2460992.4524269,2025-11-12.9471221,bp,1.68,15.084,10.624,0.006,204.482,1.001,g
2460992.4536838,2025-11-12.9483790,bp,1.67,15.084,10.609,0.005,207.144,0.981,g
2460992.4549115,2025-11-12.9496066,bp,1.6,15.088,10.612,0.005,206.582,0.902,g
2460992.7252101,2025-11-13.2198933,bl,1.58,15.138,10.599,0.004,209.003,0.865,g
2460992.7261067,2025-11-13.2207899,bl,1.56,15.127,10.577,0.004,213.322,0.869,g
2460992.7269819,2025-11-13.2216650,bl,1.65,15.134,10.597,0.004,209.485,0.824,g
2460992.8248837,2025-11-13.3195626,bt,2.02,15.098,10.600,0.005,208.850,0.954,g
2460992.8257648,2025-11-13.3204436,bt,2.03,15.101,10.594,0.004,210.082,0.888,g
2460992.8266518,2025-11-13.3213305,bt,2.02,15.106,10.610,0.005,206.991,0.940,g
2460992.9688204,2025-11-13.4634930,bt,2.4,15.057,10.612,0.006,206.649,1.010,g
2460992.9697005,2025-11-13.4643731,bt,2.41,15.047,10.598,0.006,209.379,1.024,g
2460992.9705741,2025-11-13.4652466,bt,2.36,15.048,10.613,0.006,206.529,1.028,g
2460993.6028513,2025-11-14.0974966,bp,1.55,15.044,10.593,0.005,210.433,1.005,g
2460993.6040800,2025-11-14.0987253,bp,1.48,15.028,10.639,0.006,201.642,1.066,g
2460993.6053088,2025-11-14.0999540,bp,1.56,14.943,10.628,0.006,203.598,1.180,g
2460993.7291682,2025-11-14.2238081,bH,1.43,15.243,10.612,0.004,206.788,0.855,g
2460993.7300591,2025-11-14.2246990,bH,1.42,15.255,10.632,0.005,202.934,0.877,g
2460993.7309536,2025-11-14.2255935,bH,1.42,15.250,10.624,0.005,204.435,0.884,g
2460993.8129336,2025-11-14.3075700,bH,1.44,15.240,10.588,0.005,211.439,0.965,g
2460993.8138403,2025-11-14.3084766,bH,1.42,15.256,10.630,0.005,203.293,0.893,g
2460993.8147401,2025-11-14.3093765,bH,1.44,15.256,10.625,0.005,204.149,0.860,g
2460993.8915948,2025-11-14.3862278,bt,2.19,15.096,10.620,0.005,205.191,0.969,g
2460993.8924536,2025-11-14.3870867,bt,2.19,15.088,10.603,0.005,208.362,0.955,g
2460993.8933292,2025-11-14.3879622,bt,2.2,15.095,10.618,0.005,205.608,0.958,g
2460994.6072169,2025-11-15.1018203,bl,1.58,15.027,10.589,0.006,211.192,1.072,g
2460994.6080956,2025-11-15.1026990,bl,1.66,15.025,10.582,0.005,212.571,0.965,g
2460994.6089742,2025-11-15.1035775,bl,1.66,15.021,10.566,0.006,215.733,1.045,g
2460994.7527861,2025-11-15.2473834,bH,1.4,15.245,10.606,0.004,207.654,0.801,g
2460994.7536966,2025-11-15.2482939,bH,1.44,15.263,10.641,0.004,201.263,0.833,g
2460994.7545930,2025-11-15.2491902,bH,1.4,15.250,10.621,0.004,204.902,0.771,g
2460994.8314202,2025-11-15.3260143,bl,1.61,15.151,10.623,0.005,204.596,0.973,g
2460994.8322959,2025-11-15.3268900,bl,1.64,15.151,10.621,0.005,205.097,1.020,g
2460994.8331723,2025-11-15.3277663,bl,1.58,15.142,10.602,0.005,208.576,1.035,g
2460995.0789006,2025-11-15.5734847,bD,1.63,15.257,10.661,0.005,197.418,0.893,g
2460995.0798073,2025-11-15.5743913,bD,1.6,15.246,10.645,0.005,200.509,0.938,g
2460995.0807136,2025-11-15.5752976,bD,1.66,15.248,10.658,0.005,198.055,0.896,g
2460995.8471592,2025-11-16.3417126,bl,1.57,15.125,10.577,0.005,213.296,0.937,g
2460995.8480430,2025-11-16.3425964,bl,1.52,15.130,10.587,0.004,211.474,0.912,g
2460995.8489240,2025-11-16.3434773,bl,1.53,15.140,10.612,0.005,206.629,0.906,g
2460996.4545777,2025-11-16.9491075,bp,2.39,15.008,10.624,0.005,204.382,0.887,g
2460996.4558032,2025-11-16.9503329,bp,2.39,15.031,10.679,0.005,194.190,0.834,g
2460996.4570438,2025-11-16.9515734,bp,2.36,15.016,10.645,0.005,200.329,0.858,g
2460996.7974865,2025-11-17.2920031,bl,1.63,15.136,10.585,0.005,211.813,1.004,g
2460996.7983569,2025-11-17.2928735,bl,1.57,15.145,10.596,0.005,209.860,0.999,g
2460996.7992320,2025-11-17.2937486,bl,1.63,15.144,10.598,0.005,209.435,0.963,g
2460996.9762961,2025-11-17.4708061,bt,1.72,15.088,10.601,0.004,208.851,0.920,g
2460997.0966459,2025-11-17.5911512,bD,1.63,15.130,10.640,0.005,201.287,0.961,g
2460997.0975519,2025-11-17.5920572,bD,1.66,15.238,10.641,0.005,201.136,0.889,g
2460997.0984571,2025-11-17.5929625,bD,1.64,15.242,10.642,0.005,200.980,0.898,g
2460997.4601566,2025-11-17.9546484,bp,1.59,15.091,10.620,0.005,205.285,0.871,g
2460997.4614267,2025-11-17.9559184,bp,1.59,15.058,10.592,0.005,210.456,0.955,g
2460997.4626733,2025-11-17.9571650,bp,1.58,15.073,10.633,0.005,202.742,0.919,g
2460997.6682750,2025-11-18.1627591,bH,1.44,13.995,10.697,0.012,190.989,2.228,g
2460997.6691850,2025-11-18.1636691,bH,1.43,13.967,10.689,0.014,192.504,2.417,g
2460997.6700851,2025-11-18.1645692,bH,1.41,13.861,10.638,0.016,201.874,2.905,g
2460998.5890639,2025-11-19.083515,bl,1.56,14.095,10.704,0.020,189.878,3.375,g
2460998.5899445,2025-11-19.0843955,bl,1.65,14.120,10.525,0.016,223.897,3.363,g
2460998.5908106,2025-11-19.0852616,bl,1.56,13.948,10.847,0.026,166.348,3.986,g
2460999.5965369,2025-11-20.0909530,bl,1.57,15.024,10.603,0.005,208.378,0.958,g
2460999.5974122,2025-11-20.0918283,bl,1.54,15.058,10.654,0.005,198.769,0.951,g
2460999.5982980,2025-11-20.0927141,bl,1.56,15.043,10.612,0.006,206.511,1.047,g
2460999.7593969,2025-11-20.2538075,bH,1.41,15.251,10.614,0.004,206.259,0.846,g
2460999.7603055,2025-11-20.2547160,bH,1.44,15.250,10.610,0.005,207.170,0.864,g
2460999.7612260,2025-11-20.2556364,bH,1.4,15.253,10.621,0.004,204.923,0.842,g
2461000.4225399,2025-11-20.9169285,bp,1.53,15.094,10.606,0.004,207.801,0.909,g
2461000.4237783,2025-11-20.9181668,bp,1.46,15.103,10.634,0.005,202.615,0.889,g
2461000.4250201,2025-11-20.9194086,bp,1.47,15.092,10.605,0.005,207.927,0.927,g
2461000.5982606,2025-11-21.0926435,bH,1.52,15.148,10.643,0.005,200.884,0.935,g
2461000.5991548,2025-11-21.0935377,bH,1.51,15.169,10.679,0.005,194.219,0.893,g
2461000.6000551,2025-11-21.0944380,bH,1.49,15.145,10.617,0.005,205.719,0.969,g
2461000.7287205,2025-11-21.2230991,bH,1.46,15.174,10.634,0.004,202.531,0.848,g
2461000.7296242,2025-11-21.2240028,bH,1.47,14.883,10.654,0.007,198.945,1.276,g
2461000.7305280,2025-11-21.2249066,bH,1.49,15.029,10.612,0.008,206.518,1.459,g
2461001.3817468,2025-11-21.8761048,bp,1.5,15.066,10.629,0.005,203.354,0.888,g
2461001.3829853,2025-11-21.8773432,bp,1.49,15.064,10.619,0.005,205.336,0.844,g
2461001.3842127,2025-11-21.8785706,bp,1.46,15.058,10.611,0.005,206.724,0.871,g
2461001.6259845,2025-11-22.1203349,bl,1.58,15.082,10.597,0.004,209.581,0.858,g
2461001.6268895,2025-11-22.1212398,bl,1.56,15.113,10.655,0.005,198.643,0.889,g
2461001.6277707,2025-11-22.1221210,bl,1.59,15.086,10.605,0.005,208.000,0.902,g
2461001.7433362,2025-11-22.2376829,bH,1.43,15.259,10.635,0.005,202.338,0.861,g
2461001.7442540,2025-11-22.2386007,bH,1.41,15.255,10.621,0.004,205.005,0.841,g
2461001.7451557,2025-11-22.2395023,bH,1.43,15.252,10.619,0.005,205.342,0.866,g
2461002.6765866,2025-11-23.1709054,bl,1.58,15.110,10.593,0.004,210.320,0.913,g
2461002.6774701,2025-11-23.1717888,bl,1.55,15.101,10.567,0.005,215.456,0.956,g
2461002.6783557,2025-11-23.1726744,bl,1.6,15.127,10.614,0.005,206.243,0.953,g
2461002.7948617,2025-11-23.2891770,bH,1.4,15.226,10.606,0.005,207.762,0.872,g
2461002.7957618,2025-11-23.2900771,bH,1.41,15.234,10.629,0.005,203.566,0.900,g
2461002.7966715,2025-11-23.2909867,bH,1.39,15.224,10.606,0.005,207.734,0.925,g
2461003.7356883,2025-11-24.2299769,bH,1.47,15.237,10.641,0.005,201.311,0.854,g
2461003.7365819,2025-11-24.2308705,bH,1.44,15.234,10.629,0.004,203.513,0.854,g
2461003.7374905,2025-11-24.2317791,bH,1.48,15.227,10.624,0.004,204.368,0.811,g
2461004.0436086,2025-11-24.5378888,bD,1.53,15.287,10.637,0.004,202.009,0.750,g
2461004.0445197,2025-11-24.5387998,bD,1.53,15.286,10.638,0.004,201.829,0.795,g
2461004.0454410,2025-11-24.5397211,bD,1.58,15.292,10.640,0.004,201.396,0.798,g
2461004.5244296,2025-11-25.0186968,bp,1.56,15.116,10.639,0.005,201.706,0.901,g
2461004.5256689,2025-11-25.0199362,bp,1.6,15.109,10.628,0.005,203.614,0.949,g
2461004.5269341,2025-11-25.0212013,bp,1.58,15.106,10.624,0.005,204.376,0.955,g
2461004.6789191,2025-11-25.1731823,bH,1.45,15.247,10.638,0.005,201.851,0.858,g
2461004.6798251,2025-11-25.1740883,bH,1.47,15.238,10.619,0.005,205.384,0.869,g
2461004.6807453,2025-11-25.1750084,bH,1.44,15.227,10.599,0.004,209.141,0.857,g
2461004.7768123,2025-11-25.2710729,bl,1.55,15.126,10.583,0.004,212.212,0.863,g
2461004.7776958,2025-11-25.2719564,bl,1.55,15.139,10.610,0.004,207.072,0.864,g
2461004.7785985,2025-11-25.2728591,bl,1.57,15.133,10.601,0.004,208.747,0.863,g
2461004.9660974,2025-11-25.4603531,bD,1.58,15.306,10.640,0.004,201.364,0.749,g
2461004.9669932,2025-11-25.4612489,bD,1.61,15.310,10.654,0.004,198.753,0.711,g
2461004.9679082,2025-11-25.4621639,bD,1.57,15.309,10.651,0.004,199.254,0.714,g
2461005.5132761,2025-11-26.0075179,bp,1.51,15.113,10.625,0.005,204.326,0.976,g
2461005.5145105,2025-11-26.0087524,bp,1.58,15.125,10.651,0.005,199.388,0.909,g
2461005.5157418,2025-11-26.0099836,bp,1.56,15.114,10.627,0.004,203.845,0.905,g
2461005.6703602,2025-11-26.1645982,bl,1.58,15.133,10.584,0.004,212.022,0.858,g
2461005.6712469,2025-11-26.1654849,bl,1.54,15.147,10.611,0.005,206.862,0.950,g
2461005.6721399,2025-11-26.1663778,bl,1.65,15.140,10.602,0.005,208.607,0.927,g
2461005.7629139,2025-11-26.2571496,bl,1.56,15.136,10.589,0.004,211.021,0.870,g
2461005.7638048,2025-11-26.2580405,bl,1.57,15.150,10.622,0.004,204.667,0.866,g
2461005.7646870,2025-11-26.2589227,bl,1.55,15.140,10.597,0.004,209.578,0.852,g
2461006.0038021,2025-11-26.4980319,bD,1.51,15.305,10.652,0.004,199.341,0.719,g
2461006.0047120,2025-11-26.4989418,bD,1.59,15.305,10.647,0.004,200.046,0.745,g
2461006.0056138,2025-11-26.4998436,bD,1.57,15.306,10.651,0.004,199.304,0.717,g
2461006.8891139,2025-11-27.3833230,bD,1.55,15.269,10.668,0.005,196.362,0.894,g
2461006.8900188,2025-11-27.3842278,bD,1.57,15.272,10.669,0.005,196.089,0.841,g
2461006.8909161,2025-11-27.3851251,bD,1.59,15.273,10.669,0.005,195.968,0.839,g
2461008.6788912,2025-11-29.1730619,bH,2.5,13.919,10.820,0.025,170.637,3.890,g
2461009.3371846,2025-11-29.8313426,bp,1.7,14.985,10.627,0.006,203.835,1.049,g
2461009.3384021,2025-11-29.8325600,bp,1.75,14.984,10.604,0.006,208.074,1.080,g
2461009.3396595,2025-11-29.8338174,bp,1.7,15.007,10.629,0.006,203.546,1.029,g
2461009.8422899,2025-11-30.3364385,bD,1.37,99.990,99.990,99.990,99.990,99.990,g
2461010.8790242,2025-12-01.3731546,bD,1.58,15.268,10.661,0.004,197.643,0.828,g
2461010.8799296,2025-12-01.3740601,bD,1.5,15.265,10.653,0.004,198.945,0.819,g
2461010.8808474,2025-12-01.3749779,bD,1.56,15.269,10.660,0.004,197.829,0.762,g
2461011.9146331,2025-12-02.4087472,bt,1.5,15.081,10.625,0.005,204.184,0.962,g
2461011.9155111,2025-12-02.4096253,bt,1.55,15.106,10.628,0.006,203.607,0.987,g
2461011.9163831,2025-12-02.4104972,bt,1.46,15.100,10.629,0.005,203.403,0.925,g
2461012.0463050,2025-12-02.5404172,bD,1.65,15.262,10.636,0.004,202.125,0.773,g
2461012.0472162,2025-12-02.5413284,bD,1.65,15.278,10.652,0.004,199.240,0.827,g
2461012.0481278,2025-12-02.5422399,bD,1.63,15.264,10.639,0.004,201.613,0.751,g
2461013.0381913,2025-12-03.5322896,bD,1.6,15.240,10.644,0.004,200.635,0.830,g
2461013.0390897,2025-12-03.5331880,bD,1.5,15.238,10.644,0.004,200.693,0.828,g
2461013.0399878,2025-12-03.5340861,bD,1.51,15.234,10.646,0.004,200.271,0.790,g
2461013.4244944,2025-12-03.9185877,bp,1.5,15.014,10.637,0.006,201.999,1.022,g
2461013.4257232,2025-12-03.9198166,bp,1.62,15.007,10.591,0.007,210.599,1.261,g
2461013.4269443,2025-12-03.9210376,bp,1.58,15.034,10.642,0.006,200.920,1.102,g
2461014.3053922,2025-12-04.7994752,bp,2.16,14.696,10.610,0.008,206.980,1.595,g
2461014.3066283,2025-12-04.8007113,bp,2.15,14.728,10.627,0.009,203.808,1.597,g
2461014.3078595,2025-12-04.8019425,bp,2.09,14.701,10.633,0.008,202.614,1.460,g
2461015.2931635,2025-12-05.7872363,bp,1.96,14.630,10.637,0.010,201.866,1.723,g
2461015.2943864,2025-12-05.7884591,bp,1.58,14.875,10.642,0.007,201.013,1.292,g
2461015.2956326,2025-12-05.7897053,bp,1.55,14.806,10.611,0.007,206.923,1.314,g
2461016.0401130,2025-12-06.5341789,bD,1.61,15.201,10.671,0.004,195.617,0.827,g
2461016.0410180,2025-12-06.5350839,bD,1.57,15.229,10.663,0.005,197.220,0.889,g
2461016.0419231,2025-12-06.5359890,bD,1.58,15.222,10.668,0.004,196.259,0.838,g
2461016.2988739,2025-12-06.7929378,bp,1.61,15.005,10.655,0.005,198.590,0.945,g
2461016.3001975,2025-12-06.7942613,bp,1.6,15.002,10.647,0.005,200.109,0.977,g
2461016.3014343,2025-12-06.7954981,bp,1.65,15.003,10.641,0.005,201.156,0.979,g
2461016.5444113,2025-12-07.0384733,bl,1.57,15.009,10.581,0.005,212.701,0.970,g
2461016.5452923,2025-12-07.0393542,bl,1.59,15.022,10.598,0.006,209.419,1.063,g
2461016.5461921,2025-12-07.0402541,bl,1.59,15.027,10.602,0.006,208.623,1.045,g
2461016.6869491,2025-12-07.1810098,bH,2.33,15.060,10.658,0.008,198.164,1.468,g
2461016.6878620,2025-12-07.1819228,bH,2.26,15.094,10.683,0.008,193.430,1.368,g
2461016.6887700,2025-12-07.1828308,bH,2.24,15.076,10.640,0.008,201.425,1.451,g
2461016.8259271,2025-12-07.3199869,bD,1.96,15.214,10.658,0.004,198.114,0.830,g
2461016.8268278,2025-12-07.3208876,bD,1.95,15.217,10.656,0.004,198.494,0.786,g
2461016.8277283,2025-12-07.3217881,bD,1.96,15.223,10.648,0.004,199.844,0.808,g
2461017.6503348,2025-12-08.1443892,bl,1.55,15.100,10.604,0.005,208.179,0.971,g
2461017.6512136,2025-12-08.1452680,bl,1.61,15.129,10.632,0.005,202.857,0.943,g
2461017.6520863,2025-12-08.1461406,bl,1.56,15.121,10.631,0.005,202.904,1.033,g
2461017.7387590,2025-12-08.2328129,bt,1.54,15.129,10.630,0.004,203.121,0.883,g
2461017.7396412,2025-12-08.2336951,bt,1.51,15.107,10.599,0.004,209.253,0.902,g
2461017.7405189,2025-12-08.2345728,bt,1.56,15.125,10.627,0.005,203.758,0.908,g
2461017.8153625,2025-12-08.3094160,bl,1.72,15.041,10.627,0.007,203.795,1.208,g
2461017.8162509,2025-12-08.3103044,bl,1.66,15.031,10.616,0.006,205.784,1.111,g
2461017.8171262,2025-12-08.3111796,bl,1.62,15.047,10.638,0.006,201.798,1.090,g
2461017.9353333,2025-12-08.4293860,bD,2.07,15.267,10.635,0.004,202.414,0.805,g
2461017.9362420,2025-12-08.4302947,bD,2.06,15.270,10.641,0.004,201.243,0.761,g
2461017.9371433,2025-12-08.4311960,bD,2.07,15.278,10.645,0.004,200.551,0.769,g
2461018.8168519,2025-12-09.3109005,bt,1.5,15.137,10.620,0.004,205.144,0.900,g
2461018.8177259,2025-12-09.3117745,bt,1.52,15.141,10.620,0.005,205.138,0.924,g
2461018.8186081,2025-12-09.3126567,bt,1.52,15.139,10.626,0.005,203.952,0.911,g
2461019.0155530,2025-12-09.5096009,bD,1.5,15.273,10.645,0.004,200.398,0.773,g
2461019.0164661,2025-12-09.5105140,bD,1.51,15.282,10.653,0.004,198.986,0.792,g
2461019.0173850,2025-12-09.5114329,bD,1.48,15.278,10.647,0.004,200.001,0.819,g
2461019.8373243,2025-12-10.3313697,bt,2.05,15.098,10.636,0.005,202.216,0.877,g
2461019.8381994,2025-12-10.3322448,bt,2.06,15.088,10.617,0.005,205.680,0.869,g
2461019.8390734,2025-12-10.3331188,bt,2.08,15.093,10.615,0.005,206.134,0.886,g
2461019.9189833,2025-12-10.4130285,bD,1.51,15.199,10.654,0.004,198.911,0.833,g
2461019.9198995,2025-12-10.4139447,bD,1.49,15.251,10.656,0.005,198.398,0.952,g
2461019.9208169,2025-12-10.4148621,bD,1.52,15.297,10.647,0.004,200.158,0.787,g
2461020.0165336,2025-12-10.5105786,bD,1.64,15.287,10.642,0.004,201.072,0.719,g
2461020.0174380,2025-12-10.5114830,bD,1.63,15.285,10.645,0.004,200.366,0.770,g
2461020.0183513,2025-12-10.5123963,bD,1.74,15.293,10.658,0.004,198.153,0.743,g
2461020.5119606,2025-12-11.0060048,bp,1.49,15.070,10.571,0.005,214.590,1.032,g
2461020.5131874,2025-12-11.0072315,bp,1.47,15.118,10.651,0.006,199.282,0.953,g
2461020.5144121,2025-12-11.0084563,bp,1.52,15.105,10.634,0.005,202.372,0.895,g
2461020.7252441,2025-12-11.2192880,bH,1.4,15.241,10.605,0.004,207.968,0.789,g
2461020.7261412,2025-12-11.2201851,bH,1.42,15.275,10.655,0.005,198.518,0.875,g
2461020.7270483,2025-12-11.2210922,bH,1.42,15.241,10.600,0.005,208.850,0.906,g
2461020.7967713,2025-12-11.2908152,bl,1.57,15.110,10.626,0.004,204.035,0.845,g
2461020.7976543,2025-12-11.2916982,bl,1.57,15.109,10.627,0.004,203.963,0.857,g
2461020.7985412,2025-12-11.2925851,bl,1.63,15.086,10.583,0.004,212.278,0.916,g
2461020.9213320,2025-12-11.4153758,bt,1.55,15.092,10.614,0.005,206.276,0.916,g
2461020.9222272,2025-12-11.4162710,bt,1.53,15.094,10.613,0.005,206.497,0.910,g
2461020.9231048,2025-12-11.4171486,bt,1.56,15.090,10.608,0.005,207.412,0.969,g
2461021.0114693,2025-12-11.5055130,bD,1.56,15.280,10.644,0.004,200.577,0.761,g
2461021.0123745,2025-12-11.5064182,bD,1.56,15.282,10.641,0.004,201.145,0.755,g
2461021.0132868,2025-12-11.5073305,bD,1.53,15.288,10.641,0.004,201.092,0.761,g
2461021.6984491,2025-12-12.1924928,bl,1.59,15.149,10.620,0.004,205.154,0.852,g
2461021.6993230,2025-12-12.1933668,bl,1.6,15.141,10.604,0.004,208.161,0.833,g
2461021.7001970,2025-12-12.1942407,bl,1.66,15.130,10.581,0.004,212.693,0.907,g
2461022.0147913,2025-12-12.5088354,bD,1.49,15.276,10.640,0.004,201.418,0.765,g
2461022.0157035,2025-12-12.5097475,bD,1.52,15.275,10.638,0.004,201.790,0.786,g
2461022.0165802,2025-12-12.5106242,bD,1.49,15.280,10.650,0.004,199.492,0.742,g
2461022.7430621,2025-12-13.2371074,bH,1.46,15.235,10.588,0.004,211.374,0.843,g
2461022.7439777,2025-12-13.2380230,bH,1.42,15.247,10.623,0.004,204.702,0.853,g
2461022.7448773,2025-12-13.2389226,bH,1.37,15.258,10.640,0.005,201.561,0.922,g
2461022.8100628,2025-12-13.3041083,bH,1.51,15.221,10.637,0.005,202.050,0.905,g
2461022.8109595,2025-12-13.3050050,bH,1.5,15.215,10.619,0.004,205.424,0.865,g
2461022.8118642,2025-12-13.3059097,bH,1.48,15.220,10.641,0.004,201.228,0.829,g
2461023.4113862,2025-12-13.9054333,bp,1.52,15.113,10.629,0.004,203.452,0.859,g
2461023.4126281,2025-12-13.9066753,bp,1.53,15.104,10.609,0.004,207.244,0.898,g
2461023.4138495,2025-12-13.9078967,bp,1.53,15.116,10.638,0.005,201.737,0.852,g
2461023.5618689,2025-12-14.0559167,bl,1.59,15.079,10.612,0.005,206.561,0.956,g
2461023.5627370,2025-12-14.0567848,bl,1.6,15.090,10.633,0.005,202.678,0.897,g
2461023.5636342,2025-12-14.0576820,bl,1.63,15.079,10.603,0.005,208.344,0.946,g
2461023.8140522,2025-12-14.3081010,bD,1.74,15.263,10.634,0.004,202.549,0.761,g
2461023.8149532,2025-12-14.3090019,bD,1.68,15.265,10.635,0.004,202.352,0.740,g
2461023.8158644,2025-12-14.3099131,bD,1.69,15.266,10.634,0.004,202.475,0.754,g
2461023.9007012,2025-12-14.3947503,bD,1.53,15.303,10.646,0.004,200.338,0.721,g
2461023.9016050,2025-12-14.3956540,bD,1.54,15.291,10.631,0.004,203.109,0.725,g
2461023.9025135,2025-12-14.3965625,bD,1.57,15.294,10.633,0.004,202.832,0.755,g
2461024.7959557,2025-12-15.2900092,bD,1.52,15.251,10.637,0.004,201.849,0.838,g
2461024.7968622,2025-12-15.2909157,bD,1.49,15.249,10.630,0.004,203.282,0.836,g
2461024.7977671,2025-12-15.2918206,bD,1.54,15.252,10.630,0.005,203.198,0.861,g
2461025.4026752,2025-12-15.8967323,bp,1.48,15.079,10.574,0.004,213.987,0.903,g
2461025.4039215,2025-12-15.8979787,bp,1.5,15.102,10.613,0.004,206.433,0.900,g
2461025.4052628,2025-12-15.8993200,bp,1.54,15.099,10.612,0.004,206.548,0.888,g
2461025.5642058,2025-12-16.0582641,bp,1.5,15.049,10.615,0.005,206.103,0.928,g
2461025.5654360,2025-12-16.0594943,bp,1.61,15.043,10.618,0.006,205.413,1.031,g
2461025.5666717,2025-12-16.0607300,bp,1.55,15.031,10.602,0.006,208.670,1.058,g
2461025.7300912,2025-12-16.2241506,bH,1.6,15.248,10.619,0.005,205.305,0.870,g
2461025.7309958,2025-12-16.2250552,bH,1.73,15.240,10.612,0.004,206.659,0.845,g
2461025.7318900,2025-12-16.2259494,bH,1.73,15.231,10.598,0.004,209.329,0.848,g
2461026.6436315,2025-12-17.1376982,bt,1.64,15.057,10.610,0.005,206.904,0.916,g
2461026.6445314,2025-12-17.1385980,bt,1.61,15.054,10.608,0.005,207.431,0.950,g
2461026.6454232,2025-12-17.1394898,bt,1.63,15.056,10.619,0.005,205.475,0.980,g
2461026.6471031,2025-12-17.1411697,bH,1.5,15.221,10.611,0.004,206.724,0.809,g
2461026.6480082,2025-12-17.1420748,bH,1.54,15.206,10.578,0.004,213.059,0.772,g
2461026.6489286,2025-12-17.1429952,bH,1.52,15.230,10.622,0.004,204.923,0.845,g
2461026.8227136,2025-12-17.3167818,bl,1.55,15.082,10.583,0.004,212.310,0.903,g
2461026.8236065,2025-12-17.3176747,bl,1.57,15.097,10.614,0.005,206.249,0.985,g
2461027.6172575,2025-12-18.1113332,bH,1.51,15.227,10.605,0.004,207.890,0.795,g
2461027.6181694,2025-12-18.1122450,bH,1.46,15.241,10.627,0.005,203.756,0.868,g
2461027.6190839,2025-12-18.1131596,bH,1.45,15.230,10.605,0.005,208.020,0.881,g
2461027.8001476,2025-12-18.2942252,bl,1.63,15.094,10.608,0.006,207.346,1.106,g
2461027.8010308,2025-12-18.2951084,bl,1.6,15.089,10.605,0.005,207.969,1.022,g
2461027.8019150,2025-12-18.2959926,bl,1.56,15.077,10.579,0.005,213.040,1.074,g
2461028.3946730,2025-12-18.8887571,bp,1.57,15.101,10.618,0.004,205.412,0.886,g
2461028.3959082,2025-12-18.8899923,bp,1.57,15.091,10.597,0.004,209.608,0.914,g
2461028.3971381,2025-12-18.8912222,bp,1.53,15.098,10.619,0.005,205.354,0.908,g
2461028.6116605,2025-12-19.1057470,bH,1.51,15.202,10.583,0.004,212.310,0.878,g
2461028.6125588,2025-12-19.1066454,bH,1.49,15.219,10.606,0.004,207.790,0.836,g
2461028.6134604,2025-12-19.1075470,bH,1.51,15.230,10.628,0.004,203.577,0.791,g
2461028.8154766,2025-12-19.3095656,bH,1.44,15.183,10.621,0.005,204.844,0.889,g
2461028.8163850,2025-12-19.3104741,bH,1.42,15.176,10.611,0.004,206.980,0.841,g
2461028.8172839,2025-12-19.3113729,bH,1.46,15.179,10.616,0.005,205.761,0.968,g
2461028.9159336,2025-12-19.4100239,bt,1.59,15.062,10.591,0.005,210.591,0.936,g
2461028.9168075,2025-12-19.4108978,bt,1.56,15.062,10.591,0.005,210.638,0.937,g
2461028.9176873,2025-12-19.4117776,bt,1.58,15.059,10.591,0.005,210.564,0.890,g
2461029.4290320,2025-12-19.9231287,bp,1.49,15.104,10.611,0.005,206.765,0.919,g
2461029.4302692,2025-12-19.9243660,bp,1.51,15.094,10.600,0.004,208.910,0.861,g
2461029.4314895,2025-12-19.9255863,bp,1.45,15.095,10.598,0.004,209.234,0.918,g
2461029.5698156,2025-12-20.0639142,bl,1.54,15.089,10.597,0.004,209.562,0.902,g
2461029.5706920,2025-12-20.0647906,bl,1.54,15.088,10.588,0.004,211.301,0.893,g
2461029.5715762,2025-12-20.0656748,bl,1.57,15.086,10.587,0.004,211.393,0.899,g
2461029.7211337,2025-12-20.2152343,bt,1.59,15.123,10.594,0.004,210.060,0.819,g
2461029.7220066,2025-12-20.2161072,bt,1.58,15.117,10.584,0.004,212.087,0.853,g
2461029.7228827,2025-12-20.2169833,bt,1.56,15.122,10.589,0.004,210.913,0.870,g
2461029.8868070,2025-12-20.3809099,bt,1.69,15.078,10.567,0.004,215.375,0.913,g
2461029.8876790,2025-12-20.3817819,bt,1.6,15.082,10.577,0.004,213.415,0.937,g
2461029.8885647,2025-12-20.3826676,bt,1.6,15.088,10.588,0.004,211.399,0.899,g
2461030.3944366,2025-12-20.8885466,bp,1.57,15.062,10.578,0.004,213.173,0.925,g
2461030.3957091,2025-12-20.8898192,bp,1.59,15.064,10.597,0.005,209.628,0.899,g
2461030.3969849,2025-12-20.8910950,bp,1.61,15.075,10.609,0.005,207.180,0.904,g
2461030.6477936,2025-12-21.1419075,bt,1.55,15.108,10.636,0.005,202.209,0.879,g
2461030.6486538,2025-12-21.1427677,bt,1.6,15.083,10.593,0.004,210.341,0.918,g
2461030.6495280,2025-12-21.1436419,bt,1.61,15.090,10.602,0.005,208.709,0.931,g
2461030.7602403,2025-12-21.2543558,bH,1.45,15.230,10.602,0.004,208.379,0.815,g
2461030.7611524,2025-12-21.2552680,bH,1.46,15.232,10.617,0.004,205.787,0.789,g
2461030.7620561,2025-12-21.2561716,bH,1.43,15.221,10.594,0.004,209.937,0.802,g
2461030.9061190,2025-12-21.4002368,bt,1.64,15.075,10.590,0.005,210.731,0.956,g
2461030.9069992,2025-12-21.4011170,bt,1.56,15.080,10.606,0.005,207.932,0.901,g
2461030.9078765,2025-12-21.4019944,bt,1.62,15.078,10.598,0.005,209.294,0.918,g
2461031.5394759,2025-12-22.0336038,bl,2.14,99.990,99.990,99.990,99.990,99.990,g
2461031.8319291,2025-12-22.3260618,bD,1.66,15.277,10.626,0.004,203.982,0.710,g
2461031.8328474,2025-12-22.3269802,bD,1.61,15.280,10.624,0.004,204.303,0.730,g
2461031.8337227,2025-12-22.3278554,bD,1.61,15.294,10.652,0.004,199.185,0.705,g
2461031.9824448,2025-12-22.4765801,bD,1.69,15.281,10.621,0.004,204.915,0.750,g
2461031.9833630,2025-12-22.4774983,bD,1.69,15.282,10.623,0.004,204.542,0.727,g
2461031.9842752,2025-12-22.4784105,bD,1.66,15.282,10.632,0.004,202.855,0.722,g
2461032.4339641,2025-12-22.9281072,bp,1.56,15.077,10.621,0.005,204.994,0.907,g
2461032.4351904,2025-12-22.9293336,bp,1.51,15.073,10.623,0.005,204.493,0.981,g
2461032.4364191,2025-12-22.9305623,bp,1.5,15.071,10.619,0.005,205.358,0.983,g
2461032.6326438,2025-12-23.1267905,bH,1.44,15.236,10.593,0.005,210.294,0.924,g
2461032.6335472,2025-12-23.1276940,bH,1.46,15.251,10.633,0.004,202.671,0.821,g
2461032.6344437,2025-12-23.1285905,bH,1.44,15.248,10.625,0.005,204.315,0.857,g
2461032.7767822,2025-12-23.2709317,bl,2.01,15.050,10.600,0.006,208.988,1.041,g
2461032.7776675,2025-12-23.2718169,bl,2.01,15.036,10.571,0.006,214.672,1.081,g
2461032.7785459,2025-12-23.2726954,bl,2.0,15.046,10.594,0.006,210.087,1.080,g
2461034.6302717,2025-12-25.1244580,bH,1.6,15.257,10.637,0.004,201.908,0.803,g
2461034.6311776,2025-12-25.1253638,bH,1.59,15.250,10.633,0.005,202.694,0.868,g
2461034.6320789,2025-12-25.1262652,bH,1.57,15.264,10.657,0.004,198.391,0.780,g
2461034.8948150,2025-12-25.3890069,bD,1.53,15.297,10.649,0.004,199.684,0.765,g
2461034.8957332,2025-12-25.3899251,bD,1.53,15.292,10.645,0.004,200.439,0.713,g
2461034.8966431,2025-12-25.3908351,bD,1.51,15.292,10.645,0.004,200.522,0.755,g
2461035.7452441,2025-12-26.2394552,bD,1.93,15.222,10.633,0.004,202.803,0.822,g
2461035.7461501,2025-12-26.2403612,bD,1.92,15.229,10.650,0.004,199.542,0.829,g
2461035.7470659,2025-12-26.2412770,bD,1.71,15.218,10.624,0.004,204.422,0.786,g
2461035.8757126,2025-12-26.3699267,bt,1.58,14.601,10.606,0.022,207.850,4.162,g
2461035.8766011,2025-12-26.3708151,bt,1.55,15.030,10.593,0.005,210.403,0.978,g
2461035.8774824,2025-12-26.3716965,bt,1.53,15.082,10.615,0.005,205.997,0.976,g
2461036.5503430,2025-12-27.0445731,bH,1.58,15.159,10.612,0.005,206.683,1.007,g
2461036.5512468,2025-12-27.0454770,bH,1.56,15.189,10.633,0.005,202.604,1.039,g
2461036.5521605,2025-12-27.0463907,bH,1.65,15.215,10.646,0.005,200.156,0.865,g
2461036.8738545,2025-12-27.3680925,bD,1.93,15.287,10.631,0.004,203.096,0.744,g
2461036.8747695,2025-12-27.3690075,bD,1.94,15.290,10.640,0.004,201.372,0.759,g
2461036.8756790,2025-12-27.3699171,bD,1.94,15.291,10.641,0.004,201.303,0.740,g
2461037.7457879,2025-12-28.2400482,bD,1.51,15.221,10.642,0.004,201.077,0.855,g
2461037.7467023,2025-12-28.2409627,bD,1.53,15.204,10.634,0.004,202.609,0.822,g
2461037.7476196,2025-12-28.2418800,bD,1.53,15.208,10.625,0.005,204.175,0.890,g
2461037.8634895,2025-12-28.3577528,bD,1.8,15.279,10.629,0.004,203.426,0.760,g
2461037.8643981,2025-12-28.3586615,bD,1.78,15.266,10.628,0.004,203.593,0.783,g
2461037.8653077,2025-12-28.3595710,bD,1.81,15.277,10.631,0.004,203.119,0.792,g
2461038.7088861,2025-12-29.2031723,bl,1.55,15.113,10.584,0.004,212.003,0.829,g
2461038.7097646,2025-12-29.2040508,bl,1.56,15.132,10.617,0.004,205.609,0.876,g
2461038.7106435,2025-12-29.2049298,bl,1.57,15.128,10.610,0.004,207.090,0.873,g
2461039.3641211,2025-12-29.8584258,bp,1.72,15.017,10.657,0.006,198.261,1.036,g
2461039.3653651,2025-12-29.8596697,bp,1.71,15.035,10.663,0.006,197.105,0.999,g
2461039.3666235,2025-12-29.8609282,bp,1.58,15.053,10.652,0.006,199.176,1.045,g
2461039.4847157,2025-12-29.9790239,bp,1.47,15.080,10.639,0.005,201.630,0.956,g
2461039.4859246,2025-12-29.9802328,bp,1.49,15.074,10.624,0.005,204.446,0.976,g
2461039.4871685,2025-12-29.9814767,bp,1.5,15.055,10.596,0.006,209.707,1.066,g
2461039.6396824,2025-12-30.1339950,bH,1.45,15.228,10.663,0.005,197.207,1.008,g
2461039.6405846,2025-12-30.1348972,bH,1.43,15.216,10.642,0.005,200.960,0.920,g
2461039.6414922,2025-12-30.1358048,bH,1.48,15.232,10.639,0.005,201.601,1.016,g
2461039.7178118,2025-12-30.2121267,bH,1.51,15.238,10.671,0.005,195.783,1.009,g
2461039.7187258,2025-12-30.2130407,bH,1.53,15.228,10.640,0.005,201.359,1.025,g
2461039.7196324,2025-12-30.2139474,bH,1.52,15.225,10.666,0.005,196.738,0.895,g
2461040.4291740,2025-12-30.9235101,bp,1.61,14.973,10.608,0.006,207.382,1.054,g
2461040.4304043,2025-12-30.9247403,bp,1.46,14.980,10.667,0.006,196.392,1.149,g
2461040.4316487,2025-12-30.9259848,bp,1.5,14.961,10.670,0.006,195.911,1.082,g
2461040.6142671,2025-12-31.1086087,bl,1.57,15.114,10.652,0.005,199.141,0.937,g
2461040.6151563,2025-12-31.1094980,bl,1.67,15.109,10.645,0.006,200.347,0.991,g
2461040.6160221,2025-12-31.1103638,bl,1.56,15.124,10.617,0.005,205.661,0.937,g
2461040.7477056,2025-12-31.2420514,bl,1.62,15.087,10.627,0.005,203.894,0.932,g
2461040.7485807,2025-12-31.2429265,bl,1.54,15.092,10.616,0.005,205.803,0.938,g
2461040.7494760,2025-12-31.2438219,bl,1.55,15.103,10.644,0.006,200.676,0.976,g
2461040.7960996,2025-12-31.2904469,bH,1.49,15.191,10.678,0.005,194.416,0.871,g
2461040.7970161,2025-12-31.2913635,bH,1.43,15.168,10.620,0.005,205.293,0.928,g
2461040.7979292,2025-12-31.2922766,bH,1.43,15.175,10.642,0.005,201.107,0.960,g
2461041.6749625,2026-01-01.1693375,bl,1.6,15.095,10.662,0.005,197.321,0.952,g
2461041.6758346,2026-01-01.1702095,bl,1.61,15.092,10.672,0.006,195.616,0.981,g
2461041.6767317,2026-01-01.1711067,bl,1.65,15.077,10.647,0.005,200.140,0.947,g
2461041.7823306,2026-01-01.2767091,bH,1.44,15.067,10.611,0.007,206.854,1.204,g
2461041.7832350,2026-01-01.2776135,bH,1.51,15.122,10.636,0.006,202.080,1.181,g
2461041.7841436,2026-01-01.2785221,bH,1.48,14.992,10.658,0.006,198.211,1.126,g
2461042.6503162,2026-01-02.1447232,bl,1.62,15.104,10.700,0.006,190.553,1.052,g
2461042.6511969,2026-01-02.1456039,bl,1.63,15.097,10.720,0.006,186.953,1.087,g
2461042.6520837,2026-01-02.1464908,bl,1.57,15.106,10.717,0.006,187.648,0.973,g
2461042.8842352,2026-01-02.3786503,bt,1.72,14.933,10.701,0.006,190.336,1.119,g
2461043.7174511,2026-01-03.2118949,bl,2.0,15.023,10.656,0.006,198.544,1.096,g
2461043.7183265,2026-01-03.2127703,bl,1.97,15.015,10.632,0.007,202.920,1.316,g
2461043.7192192,2026-01-03.2136631,bl,1.97,15.011,10.662,0.006,197.301,1.150,g
2461043.9552944,2026-01-03.4497466,bD,1.63,15.147,10.672,0.006,195.661,0.953,g
2461043.9562133,2026-01-03.4506655,bD,1.56,15.119,10.664,0.005,197.135,0.944,g
2461043.9571116,2026-01-03.4515639,bD,1.44,15.165,10.697,0.005,191.070,0.893,g
2461044.5899929,2026-01-04.0844680,bt,1.65,14.967,10.628,0.006,203.686,1.168,g
2461044.5908774,2026-01-04.0853526,bt,1.72,14.973,10.640,0.006,201.281,1.132,g
2461044.5917574,2026-01-04.0862326,bt,1.67,14.974,10.649,0.007,199.703,1.200,g
2461044.6534096,2026-01-04.1478870,bl,1.61,15.105,10.646,0.006,200.297,1.106,g
2461044.6543104,2026-01-04.1487878,bl,1.94,15.104,10.648,0.006,199.787,1.026,g
2461044.6551949,2026-01-04.1496723,bl,1.97,15.085,10.650,0.006,199.503,1.002,g
2461044.8153579,2026-01-04.3098412,bt,1.53,15.051,10.649,0.005,199.749,0.951,g
2461044.8162422,2026-01-04.3107256,bt,1.61,15.055,10.638,0.005,201.713,0.981,g
2461044.8171163,2026-01-04.3115997,bt,1.61,15.058,10.637,0.006,202.062,1.003,g
2461047.6407415,2026-01-07.1353347,bH,1.43,15.241,10.620,0.004,205.073,0.851,g
2461047.6416489,2026-01-07.1362421,bH,1.42,15.260,10.651,0.005,199.395,0.901,g
2461047.6425568,2026-01-07.1371500,bH,1.49,15.235,10.622,0.005,204.763,0.948,g
2461048.5452839,2026-01-08.0399147,bl,2.24,15.055,10.628,0.009,203.686,1.570,g
2461048.5461673,2026-01-08.0407982,bl,2.26,15.061,10.637,0.009,202.075,1.657,g
2461048.5470671,2026-01-08.0416980,bl,2.26,15.056,10.627,0.008,203.802,1.524,g
2461049.9147368,2026-01-09.4094269,bD,1.5,15.291,10.643,0.004,200.722,0.771,g
2461049.9156521,2026-01-09.4103421,bD,1.49,15.290,10.640,0.004,201.408,0.722,g
2461049.9165374,2026-01-09.4112275,bD,1.53,15.289,10.644,0.004,200.602,0.746,g
2461051.5033160,2026-01-10.9980781,bp,1.53,15.013,10.624,0.006,204.450,1.014,g
2461051.5045825,2026-01-10.9993446,bp,1.52,15.021,10.644,0.006,200.714,1.051,g
2461051.5058228,2026-01-11.0005850,bp,1.53,15.005,10.618,0.006,205.489,1.039,g
2461052.8375672,2026-01-12.3323923,bD,1.56,15.298,10.641,0.004,201.199,0.720,g
2461052.8384827,2026-01-12.3333079,bD,1.57,15.300,10.643,0.004,200.846,0.734,g
2461052.8393864,2026-01-12.3342116,bD,1.56,99.990,99.990,99.990,99.990,99.990,g
2461054.8639846,2026-01-14.3589104,bD,1.54,15.243,10.632,0.004,202.915,0.800,g
2461054.8649080,2026-01-14.3598339,bD,1.54,15.255,10.626,0.004,203.945,0.795,g
2461054.8658077,2026-01-14.3607335,bD,1.53,15.261,10.633,0.004,202.537,0.768,g
2461055.7125329,2026-01-15.2075025,bt,1.49,15.142,10.622,0.004,204.756,0.857,g
2461055.7134091,2026-01-15.2083787,bt,1.55,15.121,10.580,0.005,212.886,0.927,g
2461055.7142891,2026-01-15.2092588,bt,1.54,15.131,10.599,0.004,209.155,0.884,g
2461057.6643280,2026-01-17.1594019,bH,1.41,15.225,10.609,0.005,207.209,0.917,g
2461057.6652377,2026-01-17.1603117,bH,1.4,15.216,10.593,0.004,210.193,0.854,g
2461057.6661628,2026-01-17.1612368,bH,1.39,15.218,10.582,0.005,212.505,0.887,g
2461058.6893909,2026-01-18.1845217,bH,1.46,15.210,10.612,0.004,206.647,0.852,g
2461058.6903052,2026-01-18.1854360,bH,1.48,15.217,10.619,0.004,205.205,0.802,g
2461058.6912106,2026-01-18.1863415,bH,1.47,15.201,10.600,0.004,208.976,0.809,g
2461059.6962712,2026-01-19.1914590,bH,1.42,15.215,10.612,0.004,206.682,0.831,g
2461059.6971827,2026-01-19.1923707,bH,1.41,15.199,10.566,0.004,215.633,0.837,g
2461059.6980871,2026-01-19.1932751,bH,1.43,15.220,10.610,0.005,207.171,0.977,g
2461060.6470611,2026-01-20.1423040,bl,1.65,15.107,10.578,0.005,213.084,0.958,g
2461060.6479460,2026-01-20.1431890,bl,1.59,15.116,10.596,0.005,209.860,1.028,g
2461060.6488309,2026-01-20.1440739,bl,1.61,15.122,10.611,0.005,206.801,0.937,g
2461061.6766885,2026-01-21.1719923,bH,1.43,15.196,10.596,0.004,209.693,0.827,g
2461061.6775968,2026-01-21.1729007,bH,1.44,15.191,10.596,0.004,209.797,0.784,g
2461061.6785043,2026-01-21.1738083,bH,1.4,15.191,10.585,0.004,211.811,0.885,g
2461062.5449529,2026-01-22.0403091,bl,2.0,15.076,10.566,0.006,215.564,1.149,g
2461062.5458354,2026-01-22.0411917,bl,2.36,15.036,10.595,0.008,209.829,1.604,g
2461062.5467138,2026-01-22.0420701,bl,2.31,15.028,10.606,0.009,207.753,1.768,g
2461064.8899345,2026-01-24.3854367,bD,1.69,14.864,10.645,0.007,200.384,1.319,g
2461064.8908489,2026-01-24.3863511,bD,1.73,14.645,10.653,0.009,199.038,1.779,g
2461064.8917539,2026-01-24.3872562,bD,1.63,14.981,10.634,0.007,202.570,1.293,g
2461065.9225560,2026-01-25.4181246,bD,1.72,15.266,10.635,0.004,202.184,0.771,g
2461068.5754553,2026-01-28.0711996,bH,1.41,15.247,10.666,0.005,196.600,0.966,g
2461068.5763789,2026-01-28.0721232,bH,1.45,15.229,10.628,0.005,203.494,1.030,g
2461068.5772843,2026-01-28.0730287,bH,1.45,15.243,10.663,0.005,197.222,0.897,g
2461070.8483823,2026-01-30.3442832,bD,1.52,15.273,10.667,0.004,196.435,0.801,g
2461070.8493041,2026-01-30.3452051,bD,1.54,15.247,10.655,0.004,198.539,0.758,g
2461070.8502167,2026-01-30.3461177,bD,1.51,15.269,10.663,0.005,197.156,0.832,g
2461071.5572228,2026-01-31.0531736,bl,1.58,15.097,10.639,0.006,201.554,1.073,g
2461071.5580922,2026-01-31.0540432,bl,1.54,15.090,10.650,0.006,199.536,1.036,g
2461071.5589646,2026-01-31.0549156,bl,1.58,15.072,10.642,0.006,201.040,1.058,g
2461072.6530655,2026-02-01.1490946,bt,1.64,15.101,10.661,0.005,197.498,0.946,g
2461072.6539477,2026-02-01.1499768,bt,1.58,15.081,10.639,0.005,201.463,0.939,g
2461072.6548295,2026-02-01.1508587,bt,1.57,15.100,10.650,0.005,199.498,0.954,g
2461075.8623919,2026-02-04.3586567,bD,1.66,15.287,10.667,0.004,196.478,0.751,g
2461075.8633043,2026-02-04.3595692,bD,1.6,15.275,10.663,0.004,197.168,0.768,g
2461075.8642086,2026-02-04.3604735,bD,1.62,15.281,10.675,0.004,195.046,0.752,g
2461076.7371673,2026-02-05.2334981,bt,1.52,15.079,10.601,0.005,208.759,0.937,g
2461076.7380505,2026-02-05.2343813,bt,1.5,15.083,10.595,0.004,209.998,0.930,g
2461076.7389161,2026-02-05.2352470,bt,1.5,15.093,10.611,0.006,206.923,0.986,g
2461077.5474988,2026-02-06.0438912,bl,1.92,15.119,10.596,0.006,209.860,1.133,g
2461077.5483693,2026-02-06.0447618,bl,1.61,15.106,10.573,0.005,214.340,1.087,g
2461077.5492506,2026-02-06.0456431,bl,1.65,15.118,10.601,0.006,208.757,1.148,g
2461077.8267129,2026-02-06.3231267,bD,1.55,15.290,10.632,0.004,202.871,0.741,g
2461077.8276240,2026-02-06.3240379,bD,1.51,15.290,10.631,0.004,203.192,0.781,g
2461077.8285305,2026-02-06.3249445,bD,1.58,15.297,10.652,0.004,199.188,0.760,g
2461078.7042173,2026-02-07.2006988,bt,1.52,15.097,10.590,0.004,210.841,0.842,g
2461078.7050887,2026-02-07.2015702,bt,1.54,15.101,10.590,0.004,210.910,0.868,g
2461078.7059698,2026-02-07.2024514,bt,1.52,15.103,10.597,0.004,209.514,0.842,g
2461081.6724885,2026-02-10.1692036,bl,1.53,15.062,10.585,0.006,211.918,1.026,g
2461081.6733654,2026-02-10.1700806,bl,1.54,15.072,10.605,0.005,207.994,0.960,g
2461081.6742361,2026-02-10.1709513,bl,1.56,15.058,10.575,0.005,213.772,1.021,g
2461085.7561343,2026-02-14.2531819,bD,1.51,15.274,10.616,0.004,205.890,0.797,g
2461085.7570408,2026-02-14.2540884,bD,1.51,99.990,99.990,99.990,99.990,99.990,g
2461085.7579482,2026-02-14.2549959,bD,1.52,15.289,10.645,0.004,200.477,0.754,g
2461087.6150330,2026-02-16.1122358,bl,1.6,15.095,10.590,0.005,211.014,0.938,g
2461087.6159221,2026-02-16.1131249,bl,1.58,15.079,10.565,0.004,215.799,0.870,g
2461087.6167914,2026-02-16.1139944,bl,1.58,15.085,10.567,0.004,215.370,0.918,g
2461089.5853927,2026-02-18.0827623,bl,1.53,15.106,10.568,0.004,215.150,0.814,g
2461089.5862737,2026-02-18.0836434,bl,1.54,15.120,10.591,0.004,210.690,0.859,g
2461089.5871555,2026-02-18.0845253,bl,1.55,15.114,10.575,0.004,213.691,0.873,g
2461090.6397969,2026-02-19.1372567,bt,1.55,15.128,10.617,0.004,205.700,0.847,g
2461090.6406782,2026-02-19.1381382,bt,1.54,15.127,10.621,0.004,204.946,0.838,g
2461090.6415642,2026-02-19.1390242,bt,1.57,15.118,10.607,0.004,207.512,0.791,g
2461091.5815653,2026-02-20.0791063,bH,1.41,15.244,10.628,0.005,203.692,0.860,g
2461091.5824657,2026-02-20.0800067,bH,1.46,15.227,10.591,0.005,210.705,0.927,g
2461091.5833712,2026-02-20.0809124,bH,1.41,15.225,10.592,0.005,210.412,0.903,g
2461093.6056719,2026-02-22.1033887,bt,1.63,15.087,10.615,0.006,206.064,1.000,g
2461093.6065383,2026-02-22.1042552,bt,1.6,15.083,10.616,0.006,205.917,1.050,g
2461093.6074213,2026-02-22.1051382,bt,1.62,15.074,10.600,0.006,209.035,1.000,g
2461095.6670975,2026-02-24.1649953,bt,1.58,15.099,10.597,0.004,209.407,0.846,g
2461095.6679757,2026-02-24.1658736,bt,1.58,15.100,10.602,0.004,208.650,0.895,g
2461095.6688472,2026-02-24.1667452,bt,1.59,15.109,10.629,0.005,203.379,0.826,g
2461096.6363905,2026-02-25.1343740,bt,1.62,15.116,10.607,0.004,207.573,0.834,g
2461096.6372561,2026-02-25.1352397,bt,1.63,15.116,10.615,0.004,206.047,0.890,g
2461096.6381276,2026-02-25.1361112,bt,1.65,15.115,10.619,0.004,205.353,0.884,g
2461097.7641189,2026-02-26.2622025,bD,1.57,15.259,10.646,0.004,200.392,0.795,g
2461097.7650172,2026-02-26.2631009,bD,1.55,15.261,10.642,0.005,201.034,0.856,g
2461097.7659256,2026-02-26.2640093,bD,1.59,15.249,10.632,0.004,202.893,0.802,g
2461098.2936578,2026-02-26.7917886,bp,1.47,15.066,10.603,0.005,208.253,0.888,g
2461098.2948960,2026-02-26.7930269,bp,1.48,15.068,10.613,0.005,206.503,0.977,g
2461099.7833001,2026-02-28.2815641,bD,1.54,15.062,10.657,0.008,198.202,1.400,g
2461099.7842118,2026-02-28.2824758,bD,1.57,15.220,10.643,0.004,200.984,0.836,g
2461099.7851173,2026-02-28.2833814,bD,1.53,15.215,10.641,0.005,201.178,0.865,g
2461102.6130116,2026-03-03.1115303,bl,1.69,14.978,10.640,0.006,201.438,1.071,g
2461102.6138949,2026-03-03.1124137,bl,1.66,14.963,10.637,0.006,201.849,1.075,g
2461102.6147652,2026-03-03.1132841,bl,1.68,14.940,10.629,0.006,203.537,1.148,g
2461103.3746466,2026-03-03.8732342,bp,1.67,99.990,99.990,99.990,99.990,99.990,g
2461103.3758610,2026-03-03.8744487,bp,1.63,14.962,10.642,0.008,200.960,1.399,g
2461103.5959335,2026-03-04.0945411,bl,1.6,15.020,10.638,0.007,201.837,1.235,g
2461103.5968166,2026-03-04.0954243,bl,1.63,14.999,10.622,0.007,204.839,1.279,g
2461103.5976999,2026-03-04.0963077,bl,1.59,14.963,10.589,0.006,210.986,1.214,g
2461104.7765053,2026-03-05.2752199,bD,1.56,15.260,10.630,0.004,203.224,0.750,g
2461104.7774156,2026-03-05.2761303,bD,1.55,15.265,10.647,0.004,199.949,0.768,g
2461104.7783360,2026-03-05.2770507,bD,1.52,15.260,10.630,0.004,203.207,0.778,g
2461105.5883992,2026-03-06.0871876,bl,1.57,15.018,10.583,0.006,212.171,1.154,g
2461105.5892702,2026-03-06.0880586,bl,1.62,15.032,10.605,0.006,207.984,1.163,g
2461105.5901624,2026-03-06.0889509,bl,1.56,15.062,10.635,0.006,202.367,1.071,g
2461106.7682749,2026-03-07.2671706,bD,1.56,15.272,10.633,0.004,202.701,0.775,g
2461106.7691863,2026-03-07.2680820,bD,1.52,15.280,10.641,0.004,201.306,0.771,g
2461106.7701045,2026-03-07.2690003,bD,1.55,15.271,10.622,0.004,204.850,0.798,g
2461107.6018173,2026-03-08.1007889,bH,1.51,15.135,10.624,0.005,204.402,1.038,g
2461107.6027208,2026-03-08.1016925,bH,1.48,15.149,10.637,0.005,201.835,0.952,g
2461107.6036259,2026-03-08.1025976,bH,1.54,15.117,10.602,0.005,208.609,0.971,g
2461107.7978256,2026-03-08.2968150,bD,1.61,15.252,10.630,0.004,203.141,0.763,g
2461107.7987440,2026-03-08.2977335,bD,1.6,15.254,10.632,0.004,202.801,0.757,g
2461107.7996587,2026-03-08.2986483,bD,1.59,15.250,10.625,0.004,204.021,0.799,g
2461108.5948181,2026-03-09.0938802,bl,1.59,14.635,10.561,0.010,216.467,1.904,g
2461108.5957015,2026-03-09.0947636,bl,1.56,14.611,10.604,0.010,208.093,1.891,g
2461108.5965779,2026-03-09.0956401,bl,1.55,14.358,10.731,0.020,185.171,3.430,g
2461108.7629684,2026-03-09.2620457,bD,1.55,15.270,10.636,0.004,202.137,0.781,g
2461108.7638830,2026-03-09.2629604,bD,1.57,15.259,10.634,0.004,202.641,0.766,g
2461108.7647955,2026-03-09.2638730,bD,1.52,15.249,10.622,0.004,204.695,0.770,g
2461109.5927053,2026-03-10.0918584,bl,1.59,15.069,10.599,0.006,209.064,1.126,g
2461109.5935897,2026-03-10.0927429,bl,1.6,15.064,10.590,0.006,210.895,1.101,g
2461109.5944717,2026-03-10.0936249,bl,1.62,15.083,10.625,0.006,204.196,1.096,g
2461110.5920896,2026-03-11.0913338,bH,1.43,15.214,10.669,0.005,196.000,0.912,g
2461110.5929940,2026-03-11.0922383,bH,1.42,15.161,10.580,0.004,212.828,0.903,g
2461110.5938982,2026-03-11.0931426,bH,1.44,15.167,10.594,0.004,210.002,0.865,g
2461111.5857694,2026-03-12.0851042,bH,1.47,15.212,10.639,0.004,201.564,0.854,g
2461111.5866581,2026-03-12.0859930,bH,1.46,15.188,10.603,0.005,208.355,0.921,g
2461111.5875501,2026-03-12.0868852,bH,1.48,15.211,10.646,0.004,200.208,0.859,g
2461112.5844747,2026-03-13.0839007,bl,1.52,15.078,10.619,0.005,205.351,0.891,g
2461112.5853653,2026-03-13.0847913,bl,1.61,15.061,10.584,0.005,212.052,0.961,g
2461112.5862477,2026-03-13.0856738,bl,1.58,15.074,10.623,0.005,204.595,0.869,g
2461113.6672307,2026-03-14.1667553,bt,1.52,15.065,10.625,0.006,204.130,1.009,g
2461113.6680997,2026-03-14.1676244,bt,1.51,15.070,10.623,0.005,204.598,0.935,g
2461113.6689687,2026-03-14.1684934,bt,1.55,15.062,10.607,0.005,207.528,0.985,g
2461116.6794603,2026-03-17.1792589,bt,2.39,14.859,10.652,0.008,199.175,1.493,g
2461116.6803306,2026-03-17.1801293,bt,2.42,14.871,10.672,0.008,195.529,1.460,g
2461116.6812123,2026-03-17.1810110,bt,1.7,14.960,10.662,0.007,197.325,1.263,g
2461118.6718437,2026-03-19.1718227,bt,1.54,15.034,10.592,0.006,210.546,1.038,g
2461118.6727120,2026-03-19.1726910,bt,1.55,15.054,10.635,0.005,202.355,0.964,g
2461118.6735938,2026-03-19.1735729,bt,1.56,15.032,10.602,0.005,208.521,0.974,g
2461121.6423277,2026-03-22.1425738,bt,1.66,15.034,10.607,0.006,207.461,1.046,g
2461121.6431971,2026-03-22.1434433,bt,1.69,15.039,10.623,0.006,204.485,1.022,g
2461121.6440639,2026-03-22.1443102,bt,1.69,15.032,10.609,0.006,207.305,1.016,g
2461122.6404492,2026-03-23.1407845,bt,1.59,15.033,10.620,0.006,205.097,1.061,g
2461122.6413172,2026-03-23.1416526,bt,1.59,15.030,10.616,0.005,205.838,0.964,g
2461122.6422012,2026-03-23.1425367,bt,1.65,15.032,10.634,0.006,202.534,1.032,g
2461123.6429887,2026-03-24.1434133,bt,1.48,14.666,10.650,0.008,199.473,1.566,g
2461123.6438715,2026-03-24.1442962,bt,1.48,14.594,10.630,0.014,203.348,2.612,g
2461123.6447534,2026-03-24.1451781,bt,1.58,14.307,10.651,0.016,199.215,2.950,g
2461124.6379754,2026-03-25.1384882,bt,1.66,15.023,10.620,0.005,205.051,0.987,g
2461124.6388454,2026-03-25.1393583,bt,1.58,14.986,10.608,0.005,207.449,0.988,g
2461124.6397285,2026-03-25.1402415,bt,1.62,14.945,10.622,0.005,204.705,1.016,g
2461124.6628880,2026-03-25.1634030,bt,1.53,14.196,10.628,0.016,203.708,2.976,g
2461124.6637629,2026-03-25.1642780,bt,1.49,14.369,10.672,0.014,195.618,2.542,g
2461124.6646516,2026-03-25.1651668,bt,1.58,14.606,10.640,0.009,201.448,1.694,g
2461125.6357701,2026-03-26.1363710,bt,1.57,15.027,10.588,0.006,211.307,1.046,g
2461125.6366521,2026-03-26.1372531,bt,1.53,15.051,10.639,0.005,201.412,0.973,g
2461125.6375221,2026-03-26.1381232,bt,1.55,15.046,10.630,0.005,203.103,0.966,g
2461125.6614186,2026-03-26.1620217,bt,1.56,14.995,10.601,0.006,208.777,1.081,g
2461125.6622976,2026-03-26.1629008,bt,1.56,15.006,10.622,0.006,204.819,1.047,g
2461125.6631726,2026-03-26.1637759,bt,1.52,14.999,10.624,0.006,204.362,1.043,g
2461126.6212908,2026-03-27.1219783,bt,2.26,15.014,10.596,0.005,209.731,1.002,g
2461126.6221764,2026-03-27.1228639,bt,2.22,15.001,10.599,0.005,209.067,0.953,g
2461126.6230512,2026-03-27.1237388,bt,2.2,15.014,10.602,0.005,208.481,0.978,g
2461130.3209324,2026-03-30.8219410,bp,1.57,14.861,10.651,0.007,199.248,1.223,g
2461130.3221741,2026-03-30.8231828,bp,1.69,14.912,10.642,0.007,200.964,1.369,g
2461130.3233876,2026-03-30.8243964,bp,1.59,14.858,10.600,0.007,208.923,1.336,g
2461131.2865676,2026-03-31.7876588,bp,1.63,14.958,10.613,0.006,206.344,1.141,g
2461131.2878085,2026-03-31.7888998,bp,1.55,14.965,10.641,0.006,201.155,1.158,g
2461131.2891333,2026-03-31.7902248,bp,1.5,14.946,10.596,0.006,209.703,1.165,g
2461131.5989419,2026-04-01.1000598,bt,1.64,14.769,10.615,0.008,206.076,1.513,g
2461131.5998183,2026-04-01.1009362,bt,1.54,14.699,10.638,0.007,201.809,1.258,g
2461131.6006886,2026-04-01.1018066,bt,1.55,14.838,10.633,0.007,202.678,1.256,g
2461132.2879667,2026-04-01.7891431,bp,1.97,14.804,10.622,0.008,204.843,1.533,g
2461133.5261652,2026-04-03.0274461,bH,1.59,15.102,10.612,0.006,206.718,1.248,g
2461133.5270701,2026-04-03.0283511,bH,1.53,15.075,10.593,0.006,210.388,1.179,g
2461133.5279739,2026-04-03.0292549,bH,1.5,15.109,10.616,0.007,205.819,1.349,g
2461134.6236524,2026-04-04.1250252,bt,2.2,14.965,10.601,0.005,208.791,1.004,g
2461134.6245186,2026-04-04.1258914,bt,2.17,14.971,10.621,0.006,204.974,1.069,g
2461134.6254032,2026-04-04.1267761,bt,2.17,14.974,10.594,0.005,210.016,1.031,g
2461136.5955087,2026-04-06.0970446,bt,1.53,15.029,10.608,0.005,207.357,0.988,g
2461136.5963788,2026-04-06.0979148,bt,1.52,14.966,10.634,0.009,202.563,1.707,g
2461136.5972551,2026-04-06.0987911,bt,1.49,14.639,10.722,0.012,186.772,2.017,g
2461139.5030346,2026-04-09.0048061,bl,1.55,15.069,10.566,0.004,215.704,0.925,g
2461139.5039226,2026-04-09.0056942,bl,1.6,15.085,10.590,0.005,210.918,0.986,g
2461139.5047969,2026-04-09.0065685,bl,1.57,15.087,10.597,0.005,209.395,0.935,g
2461140.5055083,2026-04-10.0073597,bl,1.56,15.063,10.568,0.005,215.070,1.011,g
2461140.5063878,2026-04-10.0082392,bl,1.55,15.062,10.564,0.004,215.933,0.898,g
2461140.5072675,2026-04-10.0091191,bl,1.6,15.066,10.576,0.005,213.582,1.030,g
2461141.5026168,2026-04-11.0045468,bH,1.5,15.188,10.603,0.005,208.279,0.918,g
2461141.5035194,2026-04-11.0054495,bH,1.44,15.192,10.608,0.005,207.232,0.895,g
2461141.5044407,2026-04-11.0063709,bH,1.45,15.199,10.621,0.005,204.958,0.967,g
2461142.5001738,2026-04-12.0021817,bH,1.43,15.193,10.603,0.005,208.199,1.011,g
2461142.5010801,2026-04-12.0030881,bH,1.39,15.190,10.612,0.004,206.631,0.875,g
2461142.5019811,2026-04-12.0039892,bH,1.43,15.203,10.634,0.005,202.499,0.937,g
2461143.4977645,2026-04-12.9998495,bH,1.44,15.081,10.583,0.005,212.250,1.065,g
2461143.4986763,2026-04-13.0007614,bH,1.45,15.021,10.607,0.006,207.697,1.089,g
2461143.4995902,2026-04-13.0016754,bH,1.39,15.092,10.606,0.005,207.669,1.042,g
2461144.4936432,2026-04-13.9958044,bl,1.6,15.070,10.611,0.005,206.922,0.829,g
2461144.4945248,2026-04-13.9966860,bl,1.62,15.065,10.600,0.005,208.981,0.952,g
2461144.4953944,2026-04-13.9975557,bl,1.59,15.049,10.577,0.005,213.447,0.864,g
2461145.4920521,2026-04-14.9942888,bH,1.47,15.164,10.575,0.005,213.635,0.989,g
2461145.4929500,2026-04-14.9951868,bH,1.48,15.178,10.605,0.005,207.820,0.944,g
2461145.4938386,2026-04-14.9960753,bH,1.46,15.187,10.638,0.004,201.781,0.852,g
2461146.4841698,2026-04-15.9864805,bl,1.61,15.071,10.584,0.005,212.123,1.020,g
2461146.4850411,2026-04-15.9873520,bl,1.62,15.074,10.600,0.006,208.915,1.078,g
2461146.4859082,2026-04-15.9882191,bl,1.55,15.078,10.598,0.006,209.297,1.084,g
2461147.4864443,2026-04-16.9888291,bH,1.46,15.194,10.627,0.005,203.823,0.886,g
2461147.4873490,2026-04-16.9897338,bH,1.49,15.169,10.586,0.005,211.655,0.969,g
2461147.4882550,2026-04-16.9906399,bH,1.45,15.181,10.608,0.005,207.350,0.937,g
2461149.4940269,2026-04-18.9965570,bH,1.46,15.161,10.583,0.006,212.276,1.098,g
2461149.4949349,2026-04-18.9974651,bH,1.41,15.161,10.592,0.005,210.506,0.927,g
2461149.4958372,2026-04-18.9983674,bH,1.45,15.146,10.561,0.005,216.485,1.004,g
2461150.4776131,2026-04-19.9802130,bH,1.47,15.177,10.608,0.005,207.431,0.941,g
2461150.4785027,2026-04-19.9811027,bH,1.4,15.175,10.613,0.005,206.456,0.938,g
2461150.4794005,2026-04-19.9820005,bH,1.43,15.167,10.598,0.005,209.176,0.976,g
2461151.4751298,2026-04-20.9777995,bH,1.49,15.185,10.609,0.005,207.291,0.975,g
2461151.4760346,2026-04-20.9787043,bH,1.48,15.189,10.630,0.005,203.118,1.048,g
2461151.4769253,2026-04-20.9795952,bH,1.45,15.177,10.598,0.005,209.191,0.991,g
2461153.4597152,2026-04-22.9625207,bH,2.25,14.792,10.650,0.011,199.486,2.051,g
2461153.4606176,2026-04-22.9634232,bH,2.22,14.978,10.611,0.008,206.778,1.459,g
2461153.4615083,2026-04-22.9643140,bH,2.15,14.916,10.611,0.007,206.877,1.433,g
2461158.4562774,2026-04-27.9594064,bl,2.36,14.677,10.644,0.010,200.616,1.873,g
2461158.4571655,2026-04-27.9602946,bl,2.24,14.893,10.674,0.011,195.134,2.056,g
2461158.4580467,2026-04-27.9611758,bl,2.24,14.799,10.633,0.008,202.750,1.485,g